:020000040800F2
:10000000008001203D1900087917000881170008B9
:1000100089170008911700089917000800000000D0
:10002000000000000000000000000000A117000810
:10003000AF17000800000000BD170008CB1700082C
:100040008D1900088D1900088D1900088D190008F8
:100050008D1900088D1900088D1900088D190008E8
:100060008D1900088D1900088D1900088D190008D8
:100070008D1900088D1900088D1900088D190008C8
:100080008D1900088D1900088D1900088D190008B8
:100090008D1900088D1900088D1900088D190008A8
:1000A0008D1900088D1900088D1900088D19000898
:1000B0008D1900088D1900088D1900088D19000888
:1000C0008D1900088D1900088D1900088D19000878
:1000D0008D1900088D1900088D1900088D19000868
:1000E000D71700088D1900088D1900088D19000810
:1000F0008D1900088D1900088D1900088D19000848
:100100008D1900088D1900088D1900088D19000837
:100110008D1900088D1900088D1900088D19000827
:100120008D1900088D1900088D1900088D19000817
:100130008D1900088D1900088D1900088D19000807
:100140008D1900088D1900088D1900088D190008F7
:100150008D1900088D1900088D1900088D190008E7
:100160008D1900088D1900088D1900088D190008D7
:100170008D1900088D190008000000000000000023
:080180008D1900088D1900081B
:1001900010B5054C237833B9044B13B10448AFF3C1
:1001A00000800123237010BDD40100200000000056
:1001B00020AB000808B5034B1BB103490348AFF35C
:1001C000008008BD00000000D801002020AB00081E
:1001D00001F0FF01102A2BDB10F0070F08D010F8F8
:1001E000013B013A8B422DD010F0070F42B3F6D1FC
:1001F000F0B441EA012141EA014122F007047FF015
:1002000000070023F0E80256083C85EA010586EA6B
:10021000010685FA47F5A3FA87F586FA47F6A5FAA7
:1002200087F68EB9EED1F0BC01F0FF0102F00702B3
:1002300032B110F8013B013A83EA010313B1F8D15E
:100240000020704701387047002D06BF354603383F
:10025000073815F0010F07D1013015F4807F02BF78
:10026000013015F4C03F0130F0BC0138704700BFC9
:10027000034613F8012B002AFBD1181A01387047E6
:1002800081F0004102E000BF83F0004330B54FEA47
:1002900041044FEA430594EA050F08BF90EA020FB4
:1002A0001FBF54EA000C55EA020C7FEA645C7FEA47
:1002B000655C00F0E2804FEA5454D4EB5555B8BF6A
:1002C0006D420CDD2C4480EA020281EA030382EADB
:1002D000000083EA010180EA020281EA0303362D6D
:1002E00088BF30BD11F0004F4FEA01314FF4801C40
:1002F0004CEA113102D0404261EB410113F0004F52
:100300004FEA03334CEA133302D0524263EB430308
:1003100094EA050F00F0A780A4F10104D5F1200EA6
:100320000DDB02FA0EFC22FA05F2801841F1000101
:1003300003FA0EF2801843FA05F359410EE0A5F1D5
:1003400020050EF1200E012A03FA0EFC28BF4CF006
:10035000020C43FA05F3C01851EBE37101F00045BC
:1003600007D54FF0000EDCF1000C7EEB00006EEBC9
:100370000101B1F5801F1BD3B1F5001F0CD3490853
:100380005FEA30004FEA3C0C04F101044FEA4452AA
:1003900012F5800F80F09A80BCF1004F08BF5FEA31
:1003A000500C50F1000041EB045141EA050130BD11
:1003B0005FEA4C0C404141EB0101013C28BFB1F523
:1003C000801FE9D291F0000F04BF01460020B1FA6E
:1003D00081F308BF2033A3F10B03B3F120020CDA41
:1003E0000C3208DD02F1140CC2F10C0201FA0CF01F
:1003F00021FA02F10CE002F11402D8BFC2F1200C84
:1004000001FA02F120FA0CFCDCBF41EA0C01904039
:10041000E41AA2BF01EB0451294330BD6FEA040482
:100420001F3C1CDA0C340EDC04F11404C4F120026D
:1004300020FA04F001FA02F340EA030021FA04F37F
:1004400045EA030130BDC4F10C04C4F1200220FAD6
:1004500002F001FA04F340EA0300294630BD21FA14
:1004600004F0294630BD94F0000F83F4801306BFDA
:1004700081F480110134013D4EE77FEA645C18BFCE
:100480007FEA655C29D094EA050F08BF90EA020F65
:1004900005D054EA000C04BF1946104630BD91EA5D
:1004A000030F1EBF0021002030BD5FEA545C05D160
:1004B0004000494128BF41F0004130BD14F580049F
:1004C0003CBF01F5801130BD01F0004545F0FE4113
:1004D00041F470014FF0000030BD7FEA645C1ABF48
:1004E000194610467FEA655C1CBF0B46024650EA7F
:1004F000013406BF52EA033591EA030F41F40021AB
:1005000030BD00BF90F0000F04BF0021704730B530
:100510004FF4806404F132044FF000054FF0000105
:1005200050E700BF90F0000F04BF0021704730B5C6
:100530004FF4806404F1320410F0004548BF40429B
:100540004FF000013EE700BF42004FEAE2014FEAF0
:1005500031014FEA02701FBF12F07F4393F07F4FCB
:1005600081F06051704732F07F4208BF704793F0CE
:100570007F4F04BF41F40021704730B54FF46074E1
:1005800001F0004521F000411CE700BF50EA0102E4
:1005900008BF704730B54FF000050AE050EA01028D
:1005A00008BF704730B511F0004502D5404261EBFD
:1005B00041014FF4806404F132045FEA915C3FF43E
:1005C000D8AE4FF003025FEADC0C18BF03325FEADB
:1005D000DC0C18BF033202EBDC02C2F1200300FA8C
:1005E00003FC20FA02F001FA03FE40EA0E0021FAB1
:1005F00002F11444BDE600BF70B54FF0FF0C4CF49F
:10060000E06C1CEA11541DBF1CEA135594EA0C0F50
:1006100095EA0C0F00F0DEF82C4481EA030621EA8B
:100620004C5123EA4C5350EA013518BF52EA0335C6
:1006300041F4801143F4801338D0A0FB02CE4FF078
:100640000005E1FB02E506F00042E0FB03E54FF0A8
:100650000006E1FB03569CF0000F18BF4EF0010EA0
:10066000A4F1FF04B6F5007F64F5407404D25FEA9C
:100670004E0E6D4146EB060642EAC62141EA55514F
:100680004FEAC52040EA5E504FEACE2EB4F1FD0C91
:1006900088BFBCF5E06F1ED8BEF1004F08BF5FEA0F
:1006A000500E50F1000041EB045170BD06F00046C1
:1006B00046EA010140EA020081EA0301B4EB5C046E
:1006C000C2BFD4EB0C0541EA045170BD41F4801166
:1006D0004FF0000E013C00F3AB8014F1360FDEBF8B
:1006E000002001F0004170BDC4F10004203C35DA67
:1006F0000C341BDC04F11404C4F1200500FA05F3EA
:1007000020FA04F001FA05F240EA020001F000428A
:1007100021F0004110EBD37021FA04F642EB060100
:100720005EEA430E08BF20EAD37070BDC4F10C042A
:10073000C4F1200500FA04F320FA05F001FA04F2EE
:1007400040EA020001F0004110EBD37041F10001DA
:100750005EEA430E08BF20EAD37070BDC4F12005E5
:1007600000FA05F24EEA020E20FA04F301FA05F24D
:1007700043EA020321FA04F001F0004121FA04F2F5
:1007800020EA020000EBD3705EEA430E08BF20EAC5
:10079000D37070BD94F0000F0FD101F000464000FF
:1007A00041EB010111F4801F08BF013CF7D041EA81
:1007B000060195F0000F18BF704703F00046520085
:1007C00043EB030313F4801F08BF013DF7D043EA56
:1007D0000603704794EA0C0F0CEA135518BF95EA0C
:1007E0000C0F0CD050EA410618BF52EA4306D1D193
:1007F00081EA030101F000414FF0000070BD50EAB2
:10080000410606BF1046194652EA430619D094EA3B
:100810000C0F02D150EA013613D195EA0C0F05D125
:1008200052EA03361CBF104619460AD181EA030179
:1008300001F0004141F0FE4141F470014FF0000031
:1008400070BD41F0FE4141F4780170BD70B54FF0CC
:10085000FF0C4CF4E06C1CEA11541DBF1CEA13554C
:1008600094EA0C0F95EA0C0F00F0A7F8A4EB05042E
:1008700081EA030E52EA03354FEA013100F0888025
:100880004FEA03334FF0805545EA131343EA1263EE
:100890004FEA022245EA111545EA10654FEA0026A3
:1008A0000EF000419D4208BF964244F1FD0404F55C
:1008B000407402D25B084FEA3202B61A65EB0305B8
:1008C0005B084FEA32024FF480104FF4002CB6EB75
:1008D000020E75EB030E22BFB61A754640EA0C00F5
:1008E0005B084FEA3202B6EB020E75EB030E22BF35
:1008F000B61A754640EA5C005B084FEA3202B6EB76
:10090000020E75EB030E22BFB61A754640EA9C0034
:100910005B084FEA3202B6EB020E75EB030E22BF04
:10092000B61A754640EADC0055EA060E18D04FEAC2
:10093000051545EA16754FEA06164FEAC30343EA62
:1009400052734FEAC2025FEA1C1CC0D111F4801F2F
:100950000BD141EA00014FF000004FF0004CB6E728
:1009600011F4801F04BF01430020B4F1FD0C88BFC7
:10097000BCF5E06F3FF6AFAEB5EB030C04BFB6EBD2
:10098000020C5FEA500C50F1000041EB045170BDC5
:100990000EF0004E4EEA113114EB5C04C2BFD4EBF2
:1009A0000C0541EA045170BD41F480114FF0000E76
:1009B000013C90E645EA060E8DE60CEA135594EAF2
:1009C0000C0F08BF95EA0C0F3FF43BAF94EA0C0FF5
:1009D0000AD150EA01347FF434AF95EA0C0F7FF46A
:1009E00025AF104619462CE795EA0C0F06D152EABE
:1009F00003353FF4FDAE1046194622E750EA4106A2
:100A000018BF52EA43067FF4C5AE50EA41047FF4B2
:100A10000DAF52EA43057FF4EBAE12E74FF0FF3C17
:100A200006E000BF4FF0010C02E000BF4FF0010CE8
:100A30004DF804CD4FEA410C7FEA6C5C4FEA430C61
:100A400018BF7FEA6C5C1BD001B050EA410C0CBFB0
:100A500052EA430C91EA030F02BF90EA020F002012
:100A6000704710F1000F91EA030F58BF994208BF79
:100A700090422CBFD8176FEAE37040F00100704736
:100A80004FEA410C7FEA6C5C02D150EA013C07D18D
:100A90004FEA430C7FEA6C5CD6D152EA033CD3D0D8
:100AA0005DF8040B704700BF8446104662468C46D2
:100AB0001946634600E000BF01B5FFF7B7FF002805
:100AC00048BF10F1000F01BD4DF808EDFFF7F4FF2E
:100AD0000CBF012000205DF808FB00BF4DF808EDB9
:100AE000FFF7EAFF34BF012000205DF808FB00BFDC
:100AF0004DF808EDFFF7E0FF94BF012000205DF8FE
:100B000008FB00BF4DF808EDFFF7CEFF94BF0120B2
:100B100000205DF808FB00BF4DF808EDFFF7C4FFAB
:100B200034BF012000205DF808FB00BF4FEA410CF4
:100B30007FEA6C5C02D150EA013C0AD14FEA430CD7
:100B40007FEA6C5C02D152EA033C02D14FF0000014
:100B500070474FF0010070474FEA410212F5001252
:100B600015D211D56FF47873B3EB625212D94FEAF4
:100B7000C12343F0004343EA505311F0004F23FADE
:100B800002F018BF404270474FF00000704750EA33
:100B9000013005D111F0004008BF6FF000407047F0
:100BA0004FF00000704700BF4FEA4102B2F1E0434E
:100BB00024BFB3F5001CDCF1FE5C0DD901F0004C44
:100BC0004FEAC0024CEA5070B2F1004F40EB830094
:100BD00008BF20F00100704711F0804F21D113F1C0
:100BE0003872BCBF01F00040704741F480114FEAF9
:100BF0005252C2F11802C2F1200C10FA0CF320FA82
:100C000002F018BF40F001004FEAC1234FEAD3239E
:100C100003FA0CFC40EA0C0023FA02F34FEA430308
:100C2000CCE77FEA625307D150EA01331EBF4FF091
:100C3000FE4040F44000704701F0004040F0FE40AC
:100C400040F40000704700BF53B94AB9002908BFFB
:100C500000281CBF4FF0FF314FF0FF3000F088B983
:100C6000ADF1080C6DE904CE00F006F8DDF804E003
:100C7000DDE9022304B070472DE9F047089D0F46D7
:100C800004468C46002B48D18A42164661D9B2FAF6
:100C900082F34BB1C3F1200201FA03FC20FA02F205
:100CA0009E4042EA0C0C9C404FEA164EB7B2BCFB89
:100CB000FEF1220C0EFB11CC42EA0C4201FB07F0C4
:100CC000904209D9B21801F1FF3C80F0EE809042C9
:100CD00040F2EB8002393244121AA4B2B2FBFEF0A9
:100CE0000EFB102244EA024400FB07F7A74209D991
:100CF000341900F1FF3280F0DA80A74240F2D78049
:100D00003444023840EA0140E41B00211DB1DC40BC
:100D10000023C5E90043BDE8F0878B4206D90DB139
:100D2000C5E9000100210846BDE8F087B3FA83F168
:100D3000002948D1BB4202D3824200F20781841AC3
:100D400067EB030201209446002DE4D0C5E9004C76
:100D5000E1E7002A00F09280B2FA82F3002B40F023
:100D6000A8808A1A4FEA164E1FFA86FC0121200C31
:100D7000B2FBFEF70EFB172240EA02420CFB07F023
:100D8000904207D9B21807F1FF3802D2904200F220
:100D9000E2804746121AA4B2B2FBFEF00EFB10220C
:100DA00044EA02440CFB00FCA44507D9341900F1C5
:100DB000FF3202D2A44500F2CB801046A4EB0C0413
:100DC00040EA0740A2E7C1F120068B4022FA06FC68
:100DD0004CEA030C07FA01F420FA06F3F7404FEA55
:100DE0001C49234300FA01F81FFA8CFEB7FBF9F007
:100DF0001C0C09FB107744EA074400FB0EF7A742DE
:100E000002FA01F20AD91CEB040400F1FF3A80F067
:100E10009B80A74240F2988002386444E41B9FB252
:100E2000B4FBF9F309FB134447EA044403FB0EFE49
:100E3000A64509D91CEB040403F1FF3780F082803A
:100E4000A6457FD9023B644443EA0040A4EB0E046C
:100E5000A0FB02E7BC427346B94663D360D05DB1E4
:100E6000B8EB030264EB090404FA06F622FA01F374
:100E70001E43CC40C5E9006400214CE762084808E5
:100E800042EAC1710B0C43EA00438AB242EA0342D0
:100E9000B3FBF6F1E407B4463746B6461F23B0FB72
:100EA000F6F0D21B41EA004161E7614614E71046C3
:100EB00028E7C3F1200120FA01F29E4027FA01F150
:100EC0009F403A434FEA164E1FFA86FCB1FBFEF7ED
:100ED0000EFB1710110C41EA004107FB0CF8884586
:100EE00004FA03F43AD9711807F1FF3001D28845AA
:100EF0001FD8A1EB0801B1FBFEF808FB0CF70EFBB5
:100F0000181192B242EA0142BA422FD2B21808F145
:100F1000FF31C6D2BA42C4D2A8F102013244C0E7BE
:100F2000F0459CD2BEEB020367EB0C070138B946D3
:100F300095E7A6EB08084144B81EB1FBFEF808FB94
:100F40000CF7DCE73B467FE7504667E70846FBE6E1
:100F50003444023832E7023F32441BE7A1EB080178
:100F60003846B1FBFEF808FB0CF7C8E7414698E7A6
:100F7000704700BF80B582B000AF00237B60194B83
:100F8000194A1A60194B1B685A1C18490A60002B31
:100F900022D1144802F01AFC0346002B1CD1114840
:100FA00000F0FEF87B68002B16D10E4800F0B4F874
:100FB0000346002B03D06FF007037B600CE0002199
:100FC000084802F0DFFE0346002B03D06FF0070352
:100FD0007B6001E000237B607B6818460837BD46D4
:100FE00080BD00BFF00100200058004044020020F6
:100FF00080B582B000AF00237B600F4B1B68002BD5
:1010000014D00D4B1B68013B0B4A13600A4B1B6845
:10101000002B0BD1094800F023F9084802F065F9CC
:101020000346002B02D06FF007037B607B681846F5
:101030000837BD4680BD00BF44020020F0010020FB
:1010400080B58AB004AFBA601A460346FB810B46EE
:10105000BB811346FB8000237B61BA89F9894FF479
:1010600080530293FB880193BB68009301230C48D3
:1010700002F07EF90346002B0CD0094802F0B4FBC5
:101080000346042B03D16FF065037B6102E06FF030
:1010900003037B617B6918461837BD4680BD00BFDE
:1010A000F001002080B58AB004AFBA601A4603464A
:1010B000FB810B46BB811346FB8000237B61BA8911
:1010C000F9894FF480530293FB880193BB68009326
:1010D00001230C4802F060FA0346002B0CD00948AB
:1010E00002F082FB0346042B03D16FF065037B61A2
:1010F00002E06FF003037B617B6918461837BD4639
:1011000080BD00BFF001002080B500AF01F07EFC83
:101110000346184680BD000080B584B000AF7860FB
:101120000023FB737B681C4A1A607B681B4A5A6069
:101130007B6800229A607B680122DA607B6800226B
:101140001A617B6800225A617B6800229A617B6881
:101150000022DA617B6800221A62786802F02AF8BD
:101160000346002B01D00123FB730021786802F0B5
:1011700009FE0346002B01D00123FB730021786890
:1011800002F04BFE0346002B01D00123FB73FB7BD7
:1011900018461037BD4680BD005800408129F10037
:1011A00080B5ACB000AF786007F11403882200214D
:1011B000184607F099F980237B610023BB6607F18D
:1011C0001403184603F0DAFC234BDB6C224A43F08D
:1011D0000203D364204BDB6C03F002033B613B69E9
:1011E0004FF48063C7F89C301223C7F8A030002367
:1011F000C7F8A4300323C7F8A8300423C7F8AC30DD
:1012000007F19C031946154801F01EFD4FF40063D9
:10121000C7F89C301223C7F8A0300023C7F8A430C9
:101220000323C7F8A8300423C7F8AC3007F19C03A8
:1012300019460A4801F008FD074B9B6D064A43F426
:1012400080039365044B9B6D03F48003FB60FB6894
:1012500000BFB037BD4680BD00100240000400480A
:1012600080B582B000AF7860094B9B6D084A23F4CB
:10127000800393654FF48061064801F08FFE4FF4C0
:101280000061044801F08AFE00BF0837BD4680BDFA
:10129000001002400004004880B483B000AF034651
:1012A000FB80B7F9063007EE903AF8EEE77A9FED4B
:1012B000057A67EE877AB0EE670A0C37BD465DF8AF
:1012C000047B704723DBF93D90B587B000AF7860B1
:1012D0002D4B1B68002BFBD02B4B00221A6007F113
:1012E0000C031946294800F00FFDFB681AB2284B81
:1012F0001B8819460B465B000B449B0019467B6814
:101300005C181046FFF7C8FFF0EE407AC4ED007A93
:101310003B6919B21E4B1B881A4613465B001344E7
:1013200001339B007A68D4180846FFF7B5FFF0EE4A
:10133000407AC4ED007A7B6919B2154B1B881A46B6
:1013400013465B00134402339B007A68D4180846A6
:10135000FFF7A2FFF0EE407AC4ED007A0C4B1B8839
:1013600001339AB20A4B1A80094B1B887F2BAFD9E5
:10137000074B00221A80074B00221A8000BF00BFD3
:101380001C37BD4690BD00BF0C030020D0020020DA
:10139000100300201203002080B582B000AF01F0DE
:1013A000CDFA00F027F800F0A7F800F075F80D4B23
:1013B00000221A6000F0E2F804F052FE0346FB71CE
:1013C00000233B600848FFF77FFF3B461A4607496A
:1013D000054804F05DFE3B681946054807F02EF805
:1013E00000BFEFE70C0300201403002014090020C5
:1013F00038AB000880B596B000AF07F11403442263
:101400000021184607F070F83B4600221A605A6027
:101410009A60DA601A614FF4007002F059FD0346D9
:10142000002B01D000F020F910237B610123FB6227
:1014300000233B6360237B630223FB6301233B6444
:1014400001237B642823BB640723FB6402233B65E1
:1014500002237B6507F11403184602F08FFD034653
:10146000002B01D000F000F90F233B6003237B60C9
:101470000023BB600023FB6000233B613B4604214B
:10148000184603F057F90346002B01D000F0ECF8A2
:1014900000BF5837BD4680BD80B500AF144B154A1C
:1014A0001A60134B4FF4E1325A60114B00229A60DC
:1014B0000F4B0022DA600E4B00221A610C4B0C22FB
:1014C0005A610B4B00229A61094B0022DA61084BEA
:1014D00000221A62064B00225A62054804F00AF8FC
:1014E0000346002B01D000F0BFF800BF80BD00BF55
:1014F000480200200038014080B588B000AF07F1F5
:101500000C0300221A605A609A60DA601A61194B63
:10151000DB6C184A43F00203D364164BDB6C03F018
:101520000203BB60BB68134BDB6C124A43F0080339
:10153000D364104BDB6C03F008037B607B684FF4D3
:101540000063FB604FF488133B6100237B6107F16C
:101550000C031946084801F077FB002200212820DF
:1015600001F03BFB282001F054FB00BF2037BD46B3
:1015700080BD00BF00100240000C004880B58AB05A
:1015800000AF00233B61D5233B751B4BBB601B4B5E
:10159000FB601B4BFB611B4BBB611B4B3B6207F1B1
:1015A00008031946194800F0F3F9FB1D19461748BE
:1015B00000F0C1FAFB796A2B01D000F055F813480E
:1015C00000F050FAB3EE0A0A104800F035FB04218F
:1015D0000E4800F04DFB01210C4800F007FC3B4693
:1015E00019460A4800F06CFB084800F0BAFA00BF40
:1015F0002837BD4680BD00BF750F0008F10F0008F9
:10160000A51000084110000809110008D0020020B0
:1016100080B483B000AF0346FB80FB88B3F5006F56
:1016200004D1054B1B680133034A136000BF0C371C
:10163000BD465DF8047B70470C03002080B584B084
:1016400000AFF860B9607A607B689AB24FF0FF3300
:10165000B968044803F09CFF7B6818461037BD4604
:1016600080BD00BF4802002080B400AF72B600BF4A
:1016700000BFFDE780B483B000AF0F4B1B6E0E4A76
:1016800043F0010313660C4B1B6E03F001037B60F8
:101690007B68094B9B6D084A43F080539365064B6A
:1016A0009B6D03F080533B603B6800BF0C37BD4629
:1016B0005DF8047B704700BF0010024080B5ACB0FD
:1016C00000AF786007F19C0300221A605A609A60AC
:1016D000DA601A6107F1140388220021184606F027
:1016E00003FF7B681B68214A93423AD101237B6147
:1016F0000023FB6407F11403184603F03FFA034686
:10170000002B01D0FFF7B0FF194B1B6E184A43F4B2
:1017100080431366164B1B6E03F480433B613B69A9
:10172000134BDB6C124A43F00203D364104BDB6CA7
:1017300003F00203FB60FB68C023C7F89C30022360
:10174000C7F8A0300023C7F8A4300323C7F8A83097
:101750000723C7F8AC3007F19C031946054801F090
:1017600073FA00BFB037BD4680BD00BF00380140EE
:10177000001002400004004880B400AF00BFFDE745
:1017800080B400AF00BFFDE780B400AF00BFFDE74D
:1017900080B400AF00BFFDE780B400AF00BFFDE73D
:1017A00080B400AF00BFBD465DF8047B704780B4D5
:1017B00000AF00BFBD465DF8047B704780B400AF4A
:1017C00000BFBD465DF8047B704780B500AF01F0F7
:1017D00009F900BF80BD80B500AF4FF4006001F093
:1017E000D1FC00BF80BD80B400AF01231846BD46C8
:1017F0005DF8047B704780B582B000AF78603960D7
:1018000006F0C4FE034616221A604FF0FF33184656
:101810000837BD4680BD80B582B000AF78604FF01C
:10182000FF317868FFF7E7FF00BFFDE780B586B0BE
:1018300000AFF860B9607A6000237B610AE0AFF323
:1018400000800146BB685A1CBA60CAB21A707B6934
:1018500001337B617A697B689A42F0DB7B681846CA
:101860001837BD4680BD80B483B000AF78604FF0BC
:10187000FF3318460C37BD465DF8047B704780B4D3
:1018800083B000AF786039603B684FF400525A6013
:10189000002318460C37BD465DF8047B704780B4C2
:1018A00083B000AF7860012318460C37BD465DF861
:1018B000047B704780B485B000AFF860B9607A608F
:1018C000002318461437BD465DF8047B70470000BE
:1018D00080B586B000AF7860144A154BD31A7B618F
:1018E0007B693B61134B1B68002B02D1114B124AE1
:1018F0001A60104B1A687B6813443A699A4207D2FF
:1019000006F044FE03460C221A604FF0FF3309E054
:10191000084B1B68FB60074B1A687B681344054A39
:101920001360FB6818461837BD4680BD0080012053
:10193000000400002009002068130020DFF834D0E4
:1019400000F0EAFF0C480D490D4A002302E0D4588C
:10195000C4500433C4188C42F9D30A4A0A4C0023F9
:1019600001E013600432A242FBD306F015FEFFF73C
:1019700013FDFEE70080012000000020D4010020BC
:10198000F8B50008D401002064130020FEE7000031
:1019900080B584B000AF786039600023FB607B685D
:1019A000002B03D14FF0FF33FB6051E03B681A6816
:1019B0007B681A603B685A687B685A603B689A6823
:1019C0007B689A603B681A7B7B681A733B681A696C
:1019D0007B681A613B685A697B685A613B689A69FF
:1019E0007B689A617B681D4A5A627B681C4A1A624E
:1019F0003B68DA697B689A627B687A68DA627B683E
:101A00001B68002B03D14FF0FF33FB6020E07B68A5
:101A10001B6898470346002B03D04FF0FF33FB6051
:101A200016E07B689B68022B12D17B6893F83430F8
:101A3000002B0DD10C23FB72FB7A1A461221786819
:101A400000F0B9F90346002B02D04FF0FF33FB60E2
:101A5000FB6818461037BD4680BD00BF71200008E6
:101A6000A720000880B582B000AF78607B68203383
:101A70000121184600F0C8FC0346002B02D04FF0AD
:101A8000FF3354E07B6820330121184600F038FC16
:101A90000346002B02D04FF0FF3348E07B68203331
:101AA0000021184600F012FF0346002B02D04FF031
:101AB000FF333CE07B68042283F837207B682033C7
:101AC0000021184600F0AAFB0346002B02D04FF07D
:101AD000FF332CE07B6820330021184600F03AFBEE
:101AE0000346002B02D04FF0FF3320E07B68042236
:101AF00083F838207B6820330021184600F0DAFB99
:101B00000346002B02D04FF0FF3310E07B682033F8
:101B10000621184600F0A8FB0346002B02D04FF028
:101B2000FF3304E07B68012283F834200023184649
:101B30000837BD4680BD80B582B000AF786039609F
:101B40007B6820333968184600F04DFC0346002BB3
:101B500002D04FF0FF3300E0002318460837BD469F
:101B600080BD80B582B000AF78607B6893F8353077
:101B7000012B01D1002314E07B6803F120027B6874
:101B800093F837301946104600F048FB0346002B07
:101B900002D04FF0FF3304E07B68012283F8352048
:101BA000002318460837BD4680BD000080B584B0CC
:101BB00000AF786039600023FB607B68203307F159
:101BC0000B021146184600F0EBFA0346002B02D038
:101BD0004FF0FF3323E0FB7A032B1BD801A252F80E
:101BE00023F000BFF51B00080D1C0008FD1B0008BA
:101BF000051C00083B680C4A1A600FE03B680B4A62
:101C00001A600BE03B680A4A1A6007E03B68094A21
:101C10001A6003E04FF0FF33FB6000BFFB6818461B
:101C20001037BD4680BD00BF23DB793D23DBF93D86
:101C300023DB793E23DBF93E80B582B000AF7860CC
:101C400087ED000A7B6893F83530012B06D197EDBC
:101C5000000A786800F0FEF8034605E097ED000AF8
:101C6000786800F083F9034618460837BD4680BD02
:101C700080B584B000AF786039603B68022B0BDD23
:101C80003B68042B06DD3B68082B01DC032304E0E2
:101C9000012302E0022300E00023FB737B68203372
:101CA000FA7B1146184600F055FA0346002B02D085
:101CB0004FF0FF3300E0002318461037BD4680BDCB
:101CC00080B584B000AF786039607B68203307F15D
:101CD00008021146184600F039FB0346002B02D0DB
:101CE0004FF0FF330CE0B7F908203B681A80B7F9D2
:101CF0000A203B685A80B7F90C203B689A80002381
:101D000018461037BD4680BD80B586B000AF7860FC
:101D100039604FF00003FB607B68203307F110024D
:101D20001146184600F012FB0346002B02D04FF07C
:101D3000FF333CE007F10C0319467868FFF736FFE4
:101D40000346002B02D04FF0FF3330E0B7F91030DC
:101D500007EE903AB8EEE77AD7ED037A67EE277A86
:101D6000FDEEE77A17EE902A3B681A60B7F9123059
:101D700007EE903AB8EEE77AD7ED037A67EE277A66
:101D8000FDEEE77A17EE902A3B685A60B7F91430F7
:101D900007EE903AB8EEE77AD7ED037A67EE277A46
:101DA000FDEEE77A17EE902A3B689A60002318460A
:101DB0001837BD4680BD80B582B000AF78600B4655
:101DC000FB701346BB707B6803F12000BA1CF978E6
:101DD000012300F0A1F90346002B02D04FF0FF339E
:101DE00000E0002318460837BD4680BD80B584B0AA
:101DF00000AF78600B46FB707B68203307F10C0264
:101E00001146184600F089FC0346002B02D04FF023
:101E1000FF331BE0FB78012B11D8FB7803F00103A3
:101E2000DAB23B7B62F300033B737B682033F968D3
:101E3000184600F00FFB0346002B06D002E04FF0DF
:101E4000FF3303E04FF0FF3300E000231846103764
:101E5000BD4680BD80B584B000AF786087ED000AD4
:101E6000D7ED007AB2EE097AF4EEC77AF1EE10FA05
:101E700001D8012358E0D7ED007AB3EE0A7AF4EEE8
:101E8000C77AF1EE10FA01D802234DE0D7ED007ABF
:101E90009FED2F7AF4EEC77AF1EE10FA01D8032302
:101EA00042E0D7ED007A9FED2B7AF4EEC77AF1EE9F
:101EB00010FA01D8042337E0D7ED007A9FED267A97
:101EC000F4EEC77AF1EE10FA01D805232CE0D7ED35
:101ED000007A9FED227AF4EEC77AF1EE10FA01D87B
:101EE000062321E0D7ED007A9FED1D7AF4EEC77A44
:101EF000F1EE10FA01D8072316E0D7ED007A9FED36
:101F0000197AF4EEC77AF1EE10FA01D808230BE043
:101F1000D7ED007A9FED147AF4EEC77AF1EE10FA5D
:101F200001D8092300E00A23FB737B682033FA7B86
:101F30001146184600F072F90346002B02D04FF00C
:101F4000FF3300E0002318461037BD4680BD00BFB8
:101F5000000050420000D042000050430000D04337
:101F6000004050440080CF440020504580B483B0EE
:101F700000AF786087ED000AD7ED007AB2EE097AFB
:101F8000F4EEC77AF1EE10FA01D8012358E0D7ED4C
:101F9000007AB3EE0A7AF4EEC77AF1EE10FA01D8BD
:101FA00002234DE0D7ED007A9FED2A7AF4EEC77A4E
:101FB000F1EE10FA01D8032342E0D7ED007A9FED4D
:101FC000267AF4EEC77AF1EE10FA01D8042337E04E
:101FD000D7ED007A9FED217AF4EEC77AF1EE10FA90
:101FE00001D805232CE0D7ED007A9FED1D7AF4EEA1
:101FF000C77AF1EE10FA01D8062321E0D7ED007A76
:102000009FED187AF4EEC77AF1EE10FA01D80723A3
:1020100016E0D7ED007A9FED147AF4EEC77AF1EE70
:1020200010FA01D808230BE0D7ED007A9FED0F7A64
:10203000F4EEC77AF1EE10FA01D8092300E00A2382
:102040007A6882F83730002318460C37BD465DF8B1
:10205000047B7047000050420000D0420000504313
:102060000000D043004050440080CF440020504541
:1020700090B587B000AFF8607A601A460B46FB72E5
:1020800013463B81FB687B617B695C697B691B7BD9
:102090001846FB7A99B23B897A68A04703461846EE
:1020A0001C37BD4690BD90B587B000AFF8607A6030
:1020B0001A460B46FB7213463B81FB687B617B69CA
:1020C0001C697B691B7B1846FB7A99B23B897A684D
:1020D000A047034618461C37BD4690BD90B587B053
:1020E00000AFF8607A601A460B46FB7213463B81DC
:1020F000FB68002B02D14FF0FF3309E0FB685C68FE
:10210000FB68D8683B89F97A7A68A04778617B696F
:1021100018461C37BD4690BD90B587B000AFF8603B
:102120007A601A460B46FB7213463B81FB68002B14
:1021300002D14FF0FF3309E0FB681C68FB68D868E8
:102140003B89F97A7A68A04778617B6918461C3721
:10215000BD4690BD80B584B000AF78600B46FB7083
:1021600007F10802012310217868FFF7B7FFF86034
:10217000FB68002B0FD1FB7803F00303DAB23B7A44
:1021800062F383033B7207F1080201231021786890
:10219000FFF7C2FFF860FB6818461037BD4680BDE8
:1021A00080B584B000AF7860396007F10802012380
:1021B00010217868FFF792FFF860FB68002B01D0D0
:1021C000FB6826E03B7AC3F38103DBB2032B1BD809
:1021D00001A252F823F000BFE9210008F121000814
:1021E000F9210008012200083B6800221A700FE064
:1021F0003B6801221A700BE03B6802221A7007E06C
:102200003B6803221A7003E03B6804221A7000BF87
:10221000FB6818461037BD4680BD00BF80B584B04E
:1022200000AF78600B46FB7007F108020123102114
:102230007868FFF753FFF860FB68002B0FD1FB783D
:1022400003F00F03DAB23B7A62F307133B7207F134
:102250000802012310217868FFF75EFFF860FB6831
:1022600018461037BD4680BD80B584B000AF786099
:102270000B46FB7007F10802012311217868FFF774
:102280002DFFF860FB68002B0FD1FB7803F00703EC
:10229000DAB23B7A62F343033B7207F1080201238F
:1022A00011217868FFF738FFF860FB68184610378F
:1022B000BD4680BD80B584B000AF78600B46FB7032
:1022C00007F10802012311217868FFF707FFF86082
:1022D000FB68002B0FD1FB7803F00F03DAB23B7AD7
:1022E00062F307133B7207F108020123112178689A
:1022F000FFF712FFF860FB6818461037BD4680BD37
:1023000080B584B000AF78600B46FB7007F108021F
:10231000012312217868FFF7E1FEF860FB68002BCB
:102320000FD1FB7803F00103DAB23B7A62F3861334
:102330003B7207F10802012312217868FFF7ECFED7
:10234000F860FB6818461037BD4680BD80B586B082
:1023500000AF7860396007F10C0206232821786805
:10236000FFF7BCFE78617B69002B01D07B6936E00A
:102370007B7B1AB23B681A803B68B3F900309BB292
:102380001B029BB23A7B13449BB21AB23B681A8081
:10239000FA7B3B68023312B21A803B680233B3F90E
:1023A00000309BB21B029BB2BA7B13449AB23B68CB
:1023B000023312B21A807A7C3B68043312B21A805C
:1023C0003B680433B3F900309BB21B029BB23A7CEA
:1023D00013449AB23B68043312B21A807B691846E0
:1023E0001837BD4680BD80B584B000AF78603960D5
:1023F00001233A680F217868FFF770FEF860FB68E8
:1024000018461037BD4680BD80B584B000AF7860F7
:102410000B46FB7007F10802012312217868FFF7D1
:102420005DFEF860FB68002B0FD1FB7803F0010321
:10243000DAB23B7A62F382033B7207F108020123AE
:1024400012217868FFF768FEF860FB6818461037BD
:10245000BD4680BD80B58AB000AF7860396007F1B5
:102460001C0201230D217868FFF738FE78627B6A31
:10247000002B47D13B78C3F30003DAB23B7F62F312
:1024800000033B773B78C3F34003DAB23B7F62F350
:1024900041033B773B78C3F38003DAB23B7F62F3BF
:1024A00082033B773B78C3F3C003DAB23B7F62F32E
:1024B000C3033B773B78C3F30013DAB23B7F62F38D
:1024C00004133B773B78C3F34013DAB23B7F62F3EC
:1024D00045133B773B78C3F38013DAB23B7F62F35B
:1024E00086133B773B78C3F3C013DAB23B7F62F3CA
:1024F000C7133B7707F11C0201230D217868FFF712
:102500000BFE78627B6A002B07D107F118020123CA
:102510005E217868FFF7E2FD78627B6A002B07D1C5
:1025200007F1140201235F217868FFF7D7FD786275
:102530007B6A002B47D17B78C3F30003DAB23B7E82
:1025400062F300033B767B78C3F34003DAB23B7E51
:1025500062F341033B767B78C3F38003DAB23B7EC0
:1025600062F382033B767B78C3F3C003DAB23B7E2F
:1025700062F3C3033B767B78C3F30013DAB23B7E8E
:1025800062F304133B767B78C3F34013DAB23B7EED
:1025900062F345133B767B78C3F38013DAB23B7E5C
:1025A00062F386133B767B78C3F3C013DAB23B7ECB
:1025B00062F3C7133B7607F1180201235E217868A6
:1025C000FFF7AAFD78627B6A002B07D107F11002A2
:1025D000012313217868FFF781FD78627B6A002B65
:1025E0000FD1BB78C3F30003DAB23B7C62F3041370
:1025F0003B7407F11002012313217868FFF78CFD6B
:1026000078627B6A002B07D107F1200201231A218F
:102610007868FFF763FD78627B6A002B11D1BB7885
:10262000C3F30003DAB297F8203062F3C71387F8D8
:10263000203007F1200201231A217868FFF76CFD92
:1026400078627B6A002B58D107F10C0201235821D4
:102650007868FFF743FD78627B7803F00403DBB210
:10266000002B41D17B7803F01003DBB2002B3BD170
:102670007B7803F02003DBB2002B35D17B7803F0AD
:102680004003DBB2002B2FD17B7803F00803DBB2D1
:10269000002B29D17B7823F07F03DBB2002B23D1E1
:1026A0003B7D03F00403DBB2002B1DD13B7D03F027
:1026B0001003DBB2002B17D13B7D03F02003DBB20C
:1026C000002B11D13B7D03F04003DBB2002B0BD17B
:1026D0003B7D03F00803DBB2002B05D13B7D23F0EB
:1026E0007F03DBB2002B04D03B7B43F080033B73C2
:1026F00003E03B7B23F080033B737B6A002B07D115
:1027000007F10C02012358217868FFF705FD786274
:102710007B6A18462837BD4680BD80B588B000AFBB
:102720007860396007F1140201230D217868FFF702
:10273000D5FCF86107F1100201235E217868FFF7EC
:10274000CDFC0246FB691344FB6107F10C02012337
:1027500013217868FFF7C2FC0246FB691344FB6152
:1027600007F1180201231A217868FFF7B7FC024627
:10277000FB691344FB61FB69002B40F0A2803B7DA9
:10278000C3F30003D9B23A68137861F300031370FE
:102790003B7DC3F34003D9B23A68137861F3410338
:1027A00013703B7DC3F38003D9B23A68137861F3A9
:1027B000820313703B7DC3F3C003D9B23A68137828
:1027C00061F3C30313703B7DC3F30013D9B23A68BE
:1027D000137861F3041313703B7DC3F34013D9B234
:1027E0003A68137861F3451313703B7DC3F380138C
:1027F000D9B23A68137861F3861313703B7DC3F343
:10280000C013D9B23A68137861F3C71313703B7CD5
:10281000C3F30003D9B23A68537861F300035370ED
:102820003B7CC3F34003D9B23A68537861F3410368
:1028300053703B7CC3F38003D9B23A68537861F399
:10284000820353703B7CC3F3C003D9B23A68537818
:1028500061F3C30353703B7CC3F30013D9B23A68EE
:10286000537861F3041353703B7CC3F34013D9B224
:102870003A68537861F3451353703B7CC3F380137C
:10288000D9B23A68537861F3861353703B7CC3F333
:10289000C013D9B23A68537861F3C71353703B7BC6
:1028A000C3F30013D9B23A68937861F300039370CD
:1028B0003B7EC3F3C013D9B23A68937861F3000347
:1028C0009370FB6918462037BD4680BD80B584B043
:1028D00000AF78600B46FB7007F1080201230A2164
:1028E0007868FFF7FBFBF860FB68002B0FD1FB78E3
:1028F00003F00703DAB23B7A62F302033B7207F19B
:10290000080201230A217868FFF706FCF860FB68DB
:1029100018461037BD4680BD80B400AF064BD3F8D3
:102920008830054A43F47003C2F8883000BFBD46C2
:102930005DF8047B704700BF00ED00E080B582B019
:1029400000AF0023FB71032000F03CF90F2000F0E2
:102950000DF80346002B02D00123FB7101E0FEF7C6
:1029600089FEFB7918460837BD4680BD80B584B026
:1029700000AF78600023FB73174B1B78002B23D02C
:10298000164B1A68144B1B7819464FF47A73B3FB35
:10299000F1F3B2FBF3F3184600F049F90346002BBC
:1029A0000FD17B680F2B09D8002279684FF0FF30D8
:1029B00000F013F90A4A7B68136007E00123FB73F8
:1029C00004E00123FB7301E00123FB73FB7B18464A
:1029D0001037BD4680BD00BF080000200000002069
:1029E0000400002080B400AF064B1B781A46064B4B
:1029F0001B681344044A136000BFBD465DF8047BA6
:102A0000704700BF080000202409002080B400AFF8
:102A1000034B1B681846BD465DF8047B704700BF3A
:102A20002409002080B485B000AF78607B6803F093
:102A30000703FB600C4BDB68BB60BA684FF6FF0313
:102A40001340BB60FB681A02BB68134343F0BF63CB
:102A500043F40033BB60044ABB68D36000BF143743
:102A6000BD465DF8047B704700ED00E080B400AF28
:102A7000044BDB681B0A03F007031846BD465DF8EC
:102A8000047B704700ED00E080B483B000AF0346E4
:102A9000FB7197F90730002B0BDBFB7903F01F026A
:102AA000074997F907305B09012000FA02F241F863
:102AB000232000BF0C37BD465DF8047B704700BF84
:102AC00000E100E080B483B000AF03463960FB71E1
:102AD00097F90730002B0ADB3B68DAB20C4997F90B
:102AE00007301201D2B20B4483F800230AE03B689E
:102AF000DAB20849FB7903F00F03043B1201D2B2AA
:102B00000B441A7600BF0C37BD465DF8047B704756
:102B100000E100E000ED00E080B489B000AFF860B3
:102B2000B9607A60FB6803F00703FB61FB69C3F1DE
:102B30000703042B28BF0423BB61FB690433062B66
:102B400002D9FB69033B00E000237B614FF0FF32B9
:102B5000BB6902FA03F3DA43BB681A407B699A4007
:102B60004FF0FF317B6901FA03F3D9437B680B40D7
:102B7000134318462437BD465DF8047B70470000B8
:102B800080B582B000AF78607B68013BB3F1807F95
:102B900001D301230FE00A4A7B68013B53600F21F8
:102BA0004FF0FF30FFF78EFF054B00229A60044B79
:102BB00007221A60002318460837BD4680BD00BFB3
:102BC00010E000E080B582B000AF78607868FFF771
:102BD00029FF00BF0837BD4680BD80B586B000AF75
:102BE0000346B9607A60FB7300237B61FFF73EFF09
:102BF00078617A68B9687869FFF78EFF024697F9BD
:102C00000F3011461846FFF75DFF00BF1837BD466D
:102C100080BD80B582B000AF0346FB7197F90730E5
:102C20001846FFF731FF00BF0837BD4680BD80B5AD
:102C300082B000AF78607868FFF7A2FF03461846BD
:102C40000837BD4680BD000080B487B000AF786013
:102C5000396000237B617FE13B681A6801217B6951
:102C600001FA03F31340FB60FB68002B00F0718155
:102C70003B685B6803F00303012B05D03B685B688E
:102C800003F00303022B30D17B689B683B617B69B7
:102C90005B00032202FA03F3DB433A6913403B6112
:102CA0003B68DA687B695B0002FA03F33A69134315
:102CB0003B617B683A699A607B685B683B61012293
:102CC0007B6902FA03F3DB433A6913403B613B68DB
:102CD0005B681B0903F001027B6902FA03F33A699E
:102CE00013433B617B683A695A603B685B6803F059
:102CF0000303032B18D17B68DB6A3B6101227B69EC
:102D000002FA03F3DB433A6913403B613B685B68BB
:102D1000DB0803F001027B6902FA03F33A6913430B
:102D20003B617B683A69DA623B685B6803F00303E6
:102D3000032B17D07B68DB683B617B695B00032258
:102D400002FA03F3DB433A6913403B613B689A683C
:102D50007B695B0002FA03F33A6913433B617B68CA
:102D60003A69DA603B685B6803F00303022B23D106
:102D70007B69DA087B68083253F822303B617B6953
:102D800003F007039B000F2202FA03F3DB433A69C7
:102D900013403B613B681A697B6903F007039B00A2
:102DA00002FA03F33A6913433B617B69DA087B68F3
:102DB0000832396943F822107B681B683B617B69E4
:102DC0005B00032202FA03F3DB433A6913403B61E1
:102DD0003B685B6803F003027B695B0002FA03F364
:102DE0003A6913433B617B683A691A603B685B68E8
:102DF00003F44033002B00F0AC805F4B1B6E5E4A47
:102E000043F0010313665C4B1B6E03F00103BB60D0
:102E1000BB685A4A7B699B08023352F823303B61F6
:102E20007B6903F003039B000F2202FA03F3DB43E9
:102E30003A6913403B617B68B3F1904F25D07B68C2
:102E40004F4A93421FD07B684E4A934219D07B6809
:102E50004D4A934213D07B684C4A93420DD07B6815
:102E60004B4A934207D07B684A4A934201D10623DA
:102E70000CE007230AE0052308E0042306E003230F
:102E800004E0022302E0012300E000237A6902F05B
:102E90000302920093403A6913433B6137497B69CF
:102EA0009B0802333A6941F823203B4B9B683B6106
:102EB000FB68DB433A6913403B613B685B6803F4A2
:102EC0008013002B03D03A69FB6813433B61324AFD
:102ED0003B699360304BDB683B61FB68DB433A69DD
:102EE00013403B613B685B6803F40013002B03D085
:102EF0003A69FB6813433B61274A3B69D360264B21
:102F00005B683B61FB68DB433A6913403B613B68AC
:102F10005B6803F40033002B03D03A69FB6813436A
:102F20003B611D4A3B6953601B4B1B683B61FB685F
:102F3000DB433A6913403B613B685B6803F48033D1
:102F4000002B03D03A69FB6813433B61124A3B698B
:102F500013607B6901337B613B681A687B6922FAE5
:102F600003F3002B7FF478AE00BF00BF1C37BD46D3
:102F70005DF8047B704700BF001002400000014074
:102F80000004004800080048000C004800100048F9
:102F900000140048001800480004014080B487B0C5
:102FA00000AF7860396000237B61CDE001227B694E
:102FB00002FA03F33A6813403B613B69002B00F0CF
:102FC000C080684A7B699B08023352F82330FB605B
:102FD0007B6903F003039B000F2202FA03F3FA68F4
:102FE0001340FB607B68B3F1904F25D07B685E4A4D
:102FF00093421FD07B685D4A934219D07B685C4A3C
:10300000934213D07B685B4A93420DD07B685A4A47
:10301000934207D07B68594A934201D106230CE0C2
:1030200007230AE0052308E0042306E0032304E065
:10303000022302E0012300E000237A6902F0030288
:1030400092009340FA689A4232D14D4B1A683B691C
:10305000DB434B4913400B60494B5A683B69DB43E8
:10306000474913404B60464BDA683B69DB434449B0
:103070001340CB60424B9A683B69DB4340491340A5
:103080008B607B6903F003039B000F2202FA03F3BA
:10309000FB60344A7B699B08023352F82310FB68BB
:1030A000DA4330487B699B080A40023340F823200A
:1030B0007B681A687B695B00032101FA03F31A43FA
:1030C0007B681A607B69DA087B68083253F8221043
:1030D0007B6903F007039B000F2202FA03F3DB4333
:1030E0007A69D20819407B68083243F822107B685D
:1030F0009A687B695B00032101FA03F3DB431A4002
:103100007B689A607B685A6801217B6901FA03F346
:10311000DB431A407B685A607B68DA687B695B0036
:10312000032101FA03F3DB431A407B68DA607B6812
:10313000DA6A01217B6901FA03F3DB431A407B68F9
:10314000DA627B6901337B613A687B6922FA03F3B7
:10315000002B7FF42BAF00BF00BF1C37BD465DF8CE
:10316000047B70470000014000040048000800484C
:10317000000C0048001000480014004800180048E7
:103180000004014080B582B000AF0346FB80084BCD
:103190005A69FB881340002B06D0054AFB8853610F
:1031A000FB881846FEF734FA00BF0837BD4680BDDD
:1031B0000004014080B582B000AF78607B68002BCE
:1031C00001D101238DE07B6893F84130DBB2002B05
:1031D00006D17B68002283F84020786800F0B4F8BC
:1031E0007B68242283F841207B681B681A687B680F
:1031F0001B6822F001021A607B685A687B681B68B2
:1032000022F070621A617B681B689A687B681B6891
:1032100022F400429A607B68DB68012B07D17B684F
:103220009A687B681B6842F400429A6006E07B68FB
:103230009A687B681B6842F404429A607B68DB688A
:10324000022B08D17B681B685A687B681B6842F4B4
:1032500000625A6007E07B681B685A687B681B68DD
:1032600022F400625A607B681B685B687A681268A7
:1032700043F0007343F4004353607B681B68DA68D3
:103280007B681B6822F40042DA607B681A697B68FD
:103290005B6942EA03017B689B691A027B681B68D1
:1032A0000A43DA607B68D9697B681A6A7B681B68A5
:1032B0000A431A607B681B681A687B681B6842F0C7
:1032C00001021A607B6800225A647B68202283F81E
:1032D00041207B6800221A637B68002283F8422029
:1032E000002318460837BD4680BD80B582B000AFC8
:1032F00078607B68002B01D1012321E07B682422C8
:1033000083F841207B681B681A687B681B6822F081
:1033100001021A60786800F021F87B6800225A6484
:103320007B68002283F841207B6800221A637B6857
:10333000002283F842207B68002283F8402000238B
:1033400018460837BD4680BD80B483B000AF7860B2
:1033500000BF0C37BD465DF8047B704780B483B076
:1033600000AF786000BF0C37BD465DF8047B704746
:1033700080B588B002AFF860084611461A46034689
:103380007B810B463B811346FB80FB6893F8413001
:10339000DBB2202B40F0F9803B6A002B02D0BB8CC3
:1033A000002B05D1FB684FF400725A640123EDE055
:1033B000FB6893F84030012B01D10223E6E0FB6863
:1033C000012283F84020FFF721FB78617B6900939D
:1033D000192301224FF40041F86800F0DDFA03469A
:1033E000002B01D00123D1E0FB68212283F841208A
:1033F000FB68402283F84220FB6800225A64FB6885
:103400003A6A5A62FB68BA8C5A85FB6800225A6392
:10341000F8883A8979897B690193BB6A00930346EE
:10342000F86800F0EDF90346002B05D0FB68002298
:1034300083F840200123A9E0FB685B8D9BB2FF2B42
:103440000ED9FB68FF221A85FB681B8DDAB27989D9
:10345000002300934FF08073F86800F061FC0FE0E8
:10346000FB685B8D9AB2FB681A85FB681B8DDAB22C
:103470007989002300934FF00073F86800F050FC46
:103480007A69B96AF86800F0E0FA0346002B01D0C7
:1034900001237BE0FB685B6A1A78FB681B689A6211
:1034A000FB685B6A5A1CFB685A62FB685B8D9BB2C7
:1034B000013B9AB2FB685A85FB681B8D013B9AB2AF
:1034C000FB681A85FB685B8D9BB2002B34D0FB68D0
:1034D0001B8D002B30D17B690093BB6A00228021B9
:1034E000F86800F059FA0346002B01D001234DE0A3
:1034F000FB685B8D9BB2FF2B0ED9FB68FF221A8500
:10350000FB681B8DDAB27989002300934FF080733A
:10351000F86800F005FC0FE0FB685B8D9AB2FB6871
:103520001A85FB681B8DDAB27989002300934FF06E
:103530000073F86800F0F4FBFB685B8D9BB2002B16
:103540009ED17A69B96AF86800F0C6FA0346002B82
:1035500001D001231AE0FB681B682022DA61FB68B6
:103560001B685968FB681A680A4B0B405360FB687C
:10357000202283F84120FB68002283F84220FB6868
:10358000002283F84020002300E002231846183769
:10359000BD4680BD00E800FE80B588B002AFF8608F
:1035A000084611461A4603467B810B463B8113466B
:1035B000FB80FB6893F84130DBB2202B40F0FD80AC
:1035C0003B6A002B02D0BB8C002B05D1FB684FF46B
:1035D00000725A640123F1E0FB6893F84030012B3C
:1035E00001D10223EAE0FB68012283F84020FFF7C3
:1035F0000DFA78617B690093192301224FF4004191
:10360000F86800F0C9F90346002B01D00123D5E08A
:10361000FB68222283F84120FB68402283F8422085
:10362000FB6800225A64FB683A6A5A62FB68BA8CEB
:103630005A85FB6800225A63F8883A8979897B6940
:103640000193BB6A00930346F86800F02DF9034626
:10365000002B05D0FB68002283F840200123ADE059
:10366000FB685B8D9BB2FF2B0ED9FB6801221A858C
:10367000FB681B8DDAB27989524B00934FF080734F
:10368000F86800F04DFB0FE0FB685B8D9AB2FB68B9
:103690001A85FB681B8DDAB279894A4B00934FF08B
:1036A0000073F86800F03CFB7B690093BB6A002262
:1036B0000421F86800F070F90346002B01D00123C3
:1036C0007CE0FB681B685A6AFB685B6AD2B21A70BE
:1036D000FB685B6A5A1CFB685A62FB681B8D013BE6
:1036E0009AB2FB681A85FB685B8D9BB2013B9AB26C
:1036F000FB685A85FB685B8D9BB2002B34D0FB685E
:103700001B8D002B30D17B690093BB6A0022802186
:10371000F86800F041F90346002B01D001234DE089
:10372000FB685B8D9BB2FF2B0ED9FB6801221A85CB
:10373000FB681B8DDAB27989002300934FF0807308
:10374000F86800F0EDFA0FE0FB685B8D9AB2FB6859
:103750001A85FB681B8DDAB27989002300934FF03C
:103760000073F86800F0DCFAFB685B8D9BB2002BFD
:103770009AD17A69B96AF86800F0AEF90346002B6D
:1037800001D001231AE0FB681B682022DA61FB6884
:103790001B685968FB681A680B4B0B405360FB6849
:1037A000202283F84120FB68002283F84220FB6836
:1037B000002283F84020002300E002231846183737
:1037C000BD4680BD0024008000E800FE80B483B0C8
:1037D00000AF78607B6893F84130DBB218460C3755
:1037E000BD465DF8047B704780B483B000AF78605D
:1037F0007B685B6C18460C37BD465DF8047B7047F0
:1038000080B586B002AFF860084611461A460346F6
:103810007B810B463B811346FB80FB88DAB27989BA
:10382000204B00934FF08073F86800F079FAFA6942
:10383000B969F86800F009F90346002B01D00123AB
:103840002CE0FB88012B05D13B89DAB2FB681B68B1
:103850009A6215E03B891B0A9BB2DAB2FB681B68CF
:103860009A62FA69B969F86800F0EFF80346002B2C
:1038700001D0012312E03B89DAB2FB681B689A622F
:10388000FB690093BB6900228021F86800F084F88E
:103890000346002B01D0012300E000231846103717
:1038A000BD4680BD0020008080B586B002AFF860C4
:1038B000084611461A4603467B810B463B81134658
:1038C000FB80FB88DAB27989204B00930023F868EB
:1038D00000F026FAFA69B969F86800F0B6F803460C
:1038E000002B01D001232CE0FB88012B05D13B8963
:1038F000DAB2FB681B689A6215E03B891B0A9BB22F
:10390000DAB2FB681B689A62FA69B969F86800F074
:103910009CF80346002B01D0012312E03B89DAB268
:10392000FB681B689A62FB690093BB690022402117
:10393000F86800F031F80346002B01D0012300E0C5
:10394000002318461037BD4680BD00BF0020008010
:1039500080B483B000AF78607B681B689B6903F01C
:103960000203022B03D17B681B6800229A627B68EA
:103970001B689B6903F00103012B07D07B681B6860
:103980009A697B681B6842F001029A6100BF0C379C
:10399000BD465DF8047B704780B584B000AFF86029
:1039A000B9603B601346FB713BE0BA693968F8685F
:1039B00000F0D6F80346002B01D0012341E03B681C
:1039C000B3F1FF3F2DD0FFF721F80246BB69D31AB0
:1039D0003A689A4202D33B68002B22D1FB681B68ED
:1039E0009A69BB681340BA689A420CBF012300234E
:1039F000DBB21A46FB799A4213D1FB685B6C43F049
:103A00002002FB685A64FB68202283F84120FB688F
:103A1000002283F84220FB68002283F84020012323
:103A20000FE0FB681B689A69BB681340BA689A424A
:103A30000CBF01230023DBB21A46FB799A42B4D0B3
:103A4000002318461037BD4680BD80B584B000AF56
:103A5000F860B9607A6033E07A68B968F86800F0B5
:103A60007FF80346002B01D0012331E0BB68B3F19E
:103A7000FF3F25D0FEF7CAFF02467B68D31ABA681B
:103A80009A4202D3BB68002B1AD1FB681B689B6962
:103A900003F00203022B13D0FB685B6C43F020029F
:103AA000FB685A64FB68202283F84120FB680022EF
:103AB00083F84220FB68002283F84020012307E0BE
:103AC000FB681B689B6903F00203022BC4D100232F
:103AD00018461037BD4680BD80B584B000AFF86091
:103AE000B9607A602FE07A68B968F86800F038F851
:103AF0000346002B01D001232DE0FEF787FF02468D
:103B00007B68D31ABA689A4202D3BB68002B1AD1D9
:103B1000FB681B689B6903F02003202B13D0FB6814
:103B20005B6C43F02002FB685A64FB68202283F838
:103B30004120FB68002283F84220FB68002283F8C2
:103B40004020012307E0FB681B689B6903F020030A
:103B5000202BC8D1002318461037BD4680BD000079
:103B600080B58AB000AFF860B9607A60002387F84A
:103B70002730FB681B689B69BB6100233B627B6845
:103B8000FB61BB6903F01003002B68D0FB681B6866
:103B90001022DA6149E0BB68B3F1FF3F45D0FEF780
:103BA00035FF0246FB69D31ABA689A4202D3BB6852
:103BB000002B3AD1FB681B685B6803F480437B6190
:103BC000FB6893F84230FB74FB681B689B6903F445
:103BD0000043B3F5004F21D17B69B3F5804F1DD071
:103BE000FB7C202B1AD0FB681B685A68FB681B689B
:103BF00042F480425A60FEF709FFF8610EE0FEF7DA
:103C000005FF0246FB69D31A192B07D93B6A43F01B
:103C100020033B62012387F8273006E0FB681B681E
:103C20009B6903F02003202BE9D1FB681B689B698B
:103C300003F02003202B03D097F82730002BAAD0C5
:103C400097F82730002B03D1FB681B682022DA612C
:103C50003B6A43F004033B62012387F82730FB688B
:103C60001B689B69BB61BB6903F48073002B0BD09D
:103C70003B6A43F001033B62FB681B684FF48072B0
:103C8000DA61012387F82730BB6903F48063002BD6
:103C90000BD03B6A43F008033B62FB681B684FF4A0
:103CA0008062DA61012387F82730BB6903F400736F
:103CB000002B0BD03B6A43F002033B62FB681B689E
:103CC0004FF40072DA61012387F8273097F8273024
:103CD000002B1CD0F868FFF73BFEFB681B68596897
:103CE000FB681A680D4B0B405360FB685A6C3B6ACB
:103CF0001A43FB685A64FB68202283F84120FB6862
:103D0000002283F84220FB68002283F8402097F8C5
:103D1000273018462837BD4680BD00BF00E800FEAA
:103D200080B487B000AFF8607B600B467B811346A0
:103D30007B727B89C3F309027B7A1B0403F47F0344
:103D40001A437B681A433B6A134323F000437B61A9
:103D5000FB681B685A683B6A5B0D03F48061084B83
:103D60000B43DB4302EA0301FB681B687A690A43E1
:103D70005A6000BF1C37BD465DF8047B704700BF2A
:103D8000FF63FF0380B483B000AF786039607B6865
:103D900093F84130DBB2202B38D17B6893F8403068
:103DA000012B01D1022332E07B68012283F84020FD
:103DB0007B68242283F841207B681B681A687B6833
:103DC0001B6822F001021A607B681B681A687B6816
:103DD0001B6822F480521A607B681B6819687B6834
:103DE0001B683A680A431A607B681B681A687B681C
:103DF0001B6842F001021A607B68202283F8412090
:103E00007B68002283F84020002300E0022318464C
:103E10000C37BD465DF8047B704780B485B000AFB9
:103E2000786039607B6893F84130DBB2202B39D160
:103E30007B6893F84030012B01D1022333E07B688B
:103E4000012283F840207B68242283F841207B688C
:103E50001B681A687B681B6822F001021A607B6885
:103E60001B681B68FB60FB6823F47063FB603B68A6
:103E70001B02FA681343FB607B681B68FA681A60D0
:103E80007B681B681A687B681B6842F001021A6035
:103E90007B68202283F841207B68002283F8402041
:103EA000002300E0022318461437BD465DF8047B6A
:103EB0007047000080B400AF044B1B6803F4C0637C
:103EC0001846BD465DF8047B704700BF0070004097
:103ED00080B485B000AF78607B68B3F5007F30D1E7
:103EE000234B1B6803F4C063B3F5007F38D0204B2D
:103EF0001B6823F4C0631E4A43F4007313601D4B18
:103F00001B68322202FB03F31B4AA2FB03239B0C18
:103F10000133FB6002E0FB68013BFB60144B5B6913
:103F200003F48063B3F5806F02D1FB68002BF2D1FC
:103F30000F4B5B6903F48063B3F5806F10D10323EB
:103F40000FE00B4B1B6803F4C063B3F5806F07D021
:103F5000074B1B6823F4C063054A43F48063136076
:103F6000002318461437BD465DF8047B704700BF38
:103F7000007000400000002083DE1B4380B588B045
:103F800000AF78607B68002B01D10123CAE3974B17
:103F90009B6803F00C03BB61944BDB6803F00303E5
:103FA0007B617B681B6803F01003002B00F0E4804A
:103FB000BB69002B07D0BB690C2B40F08B807B6961
:103FC000012B40F08780894B1B6803F00203002B14
:103FD00005D07B689B69002B01D10123A2E37B689C
:103FE0001A6A824B1B6803F00803002B04D07F4B36
:103FF0001B6803F0F00305E07C4BD3F894301B09F9
:1040000003F0F003934223D27B681B6A184600F04A
:1040100055FD0346002B01D0012383E3734B1B683E
:10402000724A43F008031360704B1B6823F0F002E0
:104030007B681B6A6D4913430B606C4B5B6823F410
:104040007F427B68DB691B02684913434B6025E0B4
:10405000664B1B68654A43F008031360634B1B689B
:1040600023F0F0027B681B6A604913430B605F4BCF
:104070005B6823F47F427B68DB691B025B49134367
:104080004B60BB69002B09D17B681B6A184600F0A6
:1040900015FD0346002B01D0012343E300F04AFC49
:1040A0000246524B9B681B0903F00F035049CB5C3F
:1040B00003F01F0322FA03F34E4A13604E4B1B68B2
:1040C0001846FEF753FC0346FB73FB7B002B52D0D4
:1040D000FB7B27E37B689B69002B32D0434B1B683B
:1040E000424A43F001031360FEF790FC386108E098
:1040F000FEF78CFC02463B69D31A022B01D903233D
:1041000010E33A4B1B6803F00203002BF0D0374B4F
:104110001B68364A43F008031360344B1B6823F0D6
:10412000F0027B681B6A314913430B602F4B5B68BD
:1041300023F47F427B68DB691B022C4913434B60ED
:104140001AE02A4B1B68294A23F001031360FEF78B
:104150005DFC386108E0FEF759FC02463B69D31A62
:10416000022B01D90323DDE2204B1B6803F002037D
:10417000002BF0D100E000BF7B681B6803F0010357
:10418000002B74D0BB69082B05D0BB690C2B0ED15A
:104190007B69032B0BD1154B1B6803F40033002BF9
:1041A00064D07B685B68002B60D10123BAE27B6836
:1041B0005B68B3F5803F06D10C4B1B680B4A43F498
:1041C0008033136026E07B685B68B3F5A02F15D1C0
:1041D000064B1B68054A43F480231360034B1B689E
:1041E000024A43F48033136014E000BF0010024021
:1041F0004CAB00080000002004000020A04B1B680E
:104200009F4A23F4803313609D4B1B689C4A23F420
:10421000802313607B685B68002B13D0FEF7F6FBEE
:10422000386108E0FEF7F2FB02463B69D31A642BC3
:1042300001D9032376E2924B1B6803F40033002B71
:10424000F0D014E0FEF7E2FB386108E0FEF7DEFB99
:1042500002463B69D31A642B01D9032362E2884BDF
:104260001B6803F40033002BF0D100E000BF7B6833
:104270001B6803F00203002B60D0BB69042B05D040
:10428000BB690C2B19D17B69022B16D17C4B1B68A7
:1042900003F48063002B05D07B68DB68002B01D121
:1042A00001233FE2764B5B6823F0F8527B681B6981
:1042B0001B06734913434B6040E07B68DB68002BAF
:1042C00023D06F4B1B686E4A43F480731360FEF774
:1042D0009DFB386108E0FEF799FB02463B69D31A63
:1042E000022B01D903231DE2654B1B6803F4806395
:1042F000002BF0D0624B5B6823F0F8527B681B699F
:104300001B065F4913434B6018E05D4B1B685C4A1A
:1043100023F480731360FEF779FB386108E0FEF741
:1043200075FB02463B69D31A022B01D90323F9E13D
:10433000534B1B6803F48063002BF0D17B681B6830
:1043400003F00803002B3CD07B685B69002B1CD07A
:104350004B4BD3F894304A4A43F00103C2F89430EF
:10436000FEF754FB386108E0FEF750FB02463B695C
:10437000D31A022B01D90323D4E1414BD3F8943053
:1043800003F00203002BEFD01BE03D4BD3F8943039
:104390003B4A23F00103C2F89430FEF737FB386143
:1043A00008E0FEF733FB02463B69D31A022B01D922
:1043B0000323B7E1324BD3F8943003F00203002B10
:1043C000EFD17B681B6803F00403002B00F0A6808C
:1043D0000023FB772A4B9B6D03F08053002B0DD1FC
:1043E000274B9B6D264A43F080539365244B9B6D6E
:1043F00003F08053BB60BB680123FB77214B1B6834
:1044000003F48073002B18D11E4B1B681D4A43F424
:1044100080731360FEF7FAFA386108E0FEF7F6FAE7
:1044200002463B69D31A022B01D903237AE1154BCB
:104430001B6803F48073002BF0D07B689B68012B12
:1044400008D10F4BD3F890300D4A43F00103C2F866
:10445000903029E07B689B68052B15D1084BD3F879
:104460009030074A43F00403C2F89030044BD3F86D
:104470009030034A43F00103C2F8903014E000BFCB
:1044800000100240007000409C4BD3F890309B4AD3
:1044900023F00103C2F89030984BD3F89030974A3C
:1044A00023F00403C2F890307B689B68002B16D081
:1044B000FEF7ACFA38610AE0FEF7A8FA02463B695B
:1044C000D31A41F28832934201D903232AE18B4B5C
:1044D000D3F8903003F00203002BEDD015E0FEF787
:1044E00095FA38610AE0FEF791FA02463B69D31A61
:1044F00041F28832934201D9032313E17F4BD3F871
:10450000903003F00203002BEDD1FB7F012B05D18E
:104510007A4B9B6D794A23F0805393657B689B6A45
:10452000002B00F0FE807B689B6A022B40F0D0805D
:10453000724BDB687B617B6903F003027B68DB6A9B
:104540009A4230D17B6903F070027B681B6B013BA0
:104550001B019A4227D17B6903F4FE427B685B6BA7
:104560001B029A421FD17B6903F400337A68926B75
:10457000072A14BF01220022D2B2934213D17B69D1
:1045800003F4C0027B68DB6B5B08013B5B059A426E
:1045900009D17B6903F0C0627B681B6C5B08013B3F
:1045A0005B069A426ED0BB690C2B69D0534B1B68DB
:1045B00003F08063002B05D1504B1B6803F0805340
:1045C000002B01D00123ADE04C4B1B684B4A23F07C
:1045D00080731360FEF71AFA386108E0FEF716FAE6
:1045E00002463B69D31A022B01D903239AE0434BBD
:1045F0001B6803F00073002BF0D1404BDA68404B8E
:1046000013407A68D16A7A68126B013A1201114339
:104610007A68526B120211437A68D26B5208013ADF
:10462000520511437A68126C5208013A520611433E
:104630007A68926B120952040A4330491343CB60E3
:104640002E4B1B682D4A43F0807313602B4BDB68A5
:104650002A4A43F08073D360FEF7D8F9386108E046
:10466000FEF7D4F902463B69D31A022B01D9032382
:1046700058E0224B1B6803F00073002BF0D050E091
:1046800001234FE01D4B1B6803F00073002B48D142
:104690001A4B1B68194A43F080731360174BDB6891
:1046A000164A43F08073D360FEF7B0F9386108E032
:1046B000FEF7ACF902463B69D31A022B01D903235A
:1046C00030E00E4B1B6803F00073002BF0D028E0A5
:1046D000BB690C2B23D0094B1B68084A23F080735D
:1046E0001360FEF793F938610CE0FEF78FF902468C
:1046F0003B69D31A022B05D9032313E000100240B3
:104700008C809DF9094B1B6803F00073002BECD1E2
:10471000064BDA680549064B1340CB6001E00123E4
:1047200000E0002318462037BD4680BD001002403F
:10473000FCFFEEFE80B584B000AF786039607B6826
:10474000002B01D10123E7E0754B1B6803F0070341
:104750003A689A4210D9724B1B6823F007027049DD
:104760003B6813430B606E4B1B6803F007033A680A
:104770009A4201D00123CFE07B681B6803F002035B
:10478000002B10D07B689A68664B9B6803F0F0039F
:104790009A4208D9634B9B6823F0F0027B689B68C0
:1047A000604913438B607B681B6803F00103002B97
:1047B0004CD07B685B68032B07D15A4B1B6803F016
:1047C0000073002B21D10123A6E07B685B68022BDC
:1047D00007D1544B1B6803F40033002B15D1012380
:1047E0009AE07B685B68002B07D14E4B1B6803F097
:1047F0000203002B09D101238EE04A4B1B6803F40E
:104800008063002B01D1012386E0464B9B6823F097
:1048100003027B685B68434913438B60FEF7F6F83D
:10482000F8600AE0FEF7F2F80246FB68D31A41F29C
:104830008832934201D903236EE03A4B9B6803F020
:104840000C027B685B689B009A42EBD17B681B681B
:1048500003F00203002B10D07B689A68314B9B68F1
:1048600003F0F0039A4208D22E4B9B6823F0F0022B
:104870007B689B682B4913438B60294B1B6803F0B3
:1048800007033A689A4210D2254B1B6823F00702AF
:1048900023493B6813430B60214B1B6803F007035C
:1048A0003A689A4201D0012336E07B681B6803F026
:1048B0000403002B08D01B4B9B6823F4E0627B6849
:1048C000DB68184913438B607B681B6803F008039F
:1048D000002B09D0134B9B6823F460527B681B6943
:1048E000DB00104913438B6000F024F802460D4BA7
:1048F0009B681B0903F00F030B49CB5C03F01F03FC
:1049000022FA03F3094A1360094B1B681846FEF7A5
:104910002DF80346FB72FB7A18461037BD4680BD62
:1049200000200240001002404CAB000800000020B4
:104930000400002080B489B000AF0023FB61002395
:10494000BB613E4B9B6803F00C033B613B4BDB6858
:1049500003F00303FB603B69002B05D03B690C2B84
:1049600021D1FB68012B1ED1344B1B6803F00803D7
:10497000002B07D1314BD3F894301B0A03F00F03FF
:10498000FB6105E02D4B1B681B0903F00F03FB6166
:104990002B4AFB6952F82330FB613B69002B0DD198
:1049A000FB69BB610AE03B69042B02D1254BBB616B
:1049B00004E03B69082B01D1234BBB613B690C2B05
:1049C00034D11E4BDB6803F00303BB60BB68022BD2
:1049D00003D0BB68032B03D005E01A4B7B6105E0D5
:1049E000194B7B6102E0FB697B6100BF134BDB6805
:1049F0001B0903F0070301337B60104BDB681B0AC4
:104A000003F07F037A6903FB02F27B68B2FBF3F3E6
:104A10007B610A4BDB685B0E03F0030301335B0031
:104A20003B607A693B68B2FBF3F3BB61BB69184634
:104A30002437BD465DF8047B704700BF001002407C
:104A400064AB00080024F40000127A0080B400AFC8
:104A5000034B1B681846BD465DF8047B704700BFDA
:104A60000000002080B500AFFFF7F0FF0246064BC4
:104A70009B681B0A03F007030449CB5C03F01F0388
:104A800022FA03F3184680BD001002405CAB000818
:104A900080B500AFFFF7DAFF0246064B9B68DB0AE2
:104AA00003F007030449CB5C03F01F0322FA03F36E
:104AB000184680BD001002405CAB000880B586B08F
:104AC00000AF786000233B612A4B9B6D03F080535D
:104AD000002B03D0FFF7EEF9786114E0254B9B6DB6
:104AE000244A43F080539365224B9B6D03F080531F
:104AF000FB60FB68FFF7DEF978611E4B9B6D1D4A7A
:104B000023F0805393657B69B3F5007F0BD17B68FD
:104B1000802B19D97B68A02B02D902233B6113E0BB
:104B200001233B6110E07B68802B02D903233B61AA
:104B30000AE07B68802B02D102233B6104E07B68A2
:104B4000702B01D101233B610B4B1B6823F0070243
:104B500009493B6913430B60074B1B6803F00703CC
:104B60003A699A4201D0012300E000231846183721
:104B7000BD4680BD001002400020024080B586B0D6
:104B800000AF78600023FB740023BB747B681B6854
:104B900003F40063002B41D07B685B6EB3F5400FDC
:104BA0002AD0B3F5400F24D8B3F5000F08D0B3F5E1
:104BB000000F1ED8002B0AD0B3F5800F10D018E0DC
:104BC000864BDB68854A43F48033D36015E07B680D
:104BD00004330021184600F0BBFA0346FB740CE0D6
:104BE0007B6820330021184600F0A6FB0346FB74C7
:104BF00003E00123FB7400E000BFFB7C002B0BD122
:104C0000764BD3F8883023F440027B685B6E73499F
:104C10001343C1F8883001E0FB7CBB747B681B68E0
:104C200003F48053002B41D07B689B6EB3F1407F2F
:104C30002AD0B3F1407F24D8B3F1007F08D0B3F17C
:104C4000007F1ED8002B0AD0B3F1807F10D018E06F
:104C5000624BDB68614A43F48033D36015E07B68C4
:104C600004330021184600F073FA0346FB740CE08D
:104C70007B6820330021184600F05EFB0346FB747E
:104C800003E00123FB7400E000BFFB7C002B0BD191
:104C9000524BD3F8883023F040727B689B6E4F49AB
:104CA0001343C1F8883001E0FB7CBB747B681B6850
:104CB00003F40033002B00F0A08000237B74474BEB
:104CC0009B6D03F08053002B01D1012300E00023F2
:104CD000002B0DD0414B9B6D404A43F080539365B0
:104CE0003E4B9B6D03F08053BB60BB6801237B741C
:104CF0003B4B1B683A4A43F480731360FDF786FE12
:104D0000F86009E0FDF782FE0246FB68D31A022B29
:104D100002D90323FB7405E0314B1B6803F4807355
:104D2000002BEFD0FB7C002B5CD12C4BD3F89030C8
:104D300003F440737B617B69002B1FD07B68D3F841
:104D400084307A699A4219D0244BD3F8903023F4F6
:104D500040737B61214BD3F89030204A43F4803379
:104D6000C2F890301D4BD3F890301C4A23F48033A6
:104D7000C2F89030194A7B69C2F890307B6903F021
:104D80000103002B16D0FDF741FEF8600BE0FDF7A4
:104D90003DFE0246FB68D31A41F28832934202D9A3
:104DA0000323FB7406E00D4BD3F8903003F00203AD
:104DB000002BECD0FB7C002B0CD1084BD3F89030AF
:104DC00023F440727B68D3F8843004491343C1F85C
:104DD000903009E0FB7CBB7406E000BF001002408D
:104DE00000700040FB7CBB747B7C012B05D19E4B8B
:104DF0009B6D9D4A23F0805393657B681B6803F08D
:104E00000103002B0AD0984BD3F8883023F003021B
:104E10007B689B6B94491343C1F888307B681B689F
:104E200003F00203002B0AD08F4BD3F8883023F015
:104E30000C027B68DB6B8C491343C1F888307B68BC
:104E40001B6803F00403002B0AD0874BD3F888308B
:104E500023F030027B681B6C83491343C1F8883010
:104E60007B681B6803F00803002B0AD07E4BD3F845
:104E7000883023F0C0027B685B6C7B491343C1F828
:104E800088307B681B6803F01003002B0AD0764B38
:104E9000D3F8883023F440727B689B6C72491343CB
:104EA000C1F888307B681B6803F02003002B0AD010
:104EB0006D4BD3F8883023F440627B68DB6C6A4921
:104EC0001343C1F888307B681B6803F40073002B20
:104ED0000AD0654BD3F8883023F440227B68DB6D21
:104EE00061491343C1F888307B681B6803F4806311
:104EF000002B0AD05C4BD3F8883023F440127B6837
:104F00001B6E59491343C1F888307B681B6803F056
:104F10004003002B0AD0544BD3F8883023F440527E
:104F20007B681B6D50491343C1F888307B681B6850
:104F300003F08003002B0AD04B4BD3F8883023F4C6
:104F400040427B685B6D48491343C1F888307B68F9
:104F50001B6803F48073002B0AD0434BD3F88830CE
:104F600023F440327B689B6D3F491343C1F888307E
:104F70007B681B6803F40053002B28D03A4BD3F80E
:104F8000883023F040627B68DB6E37491343C1F8F9
:104F900088307B68DB6EB3F1006F06D1324BDB6883
:104FA000314A43F48013D36011E07B68DB6EB3F1C8
:104FB000806F0CD17B6804330121184600F0C8F8DB
:104FC0000346FB74FB7C002B01D0FB7CBB747B682D
:104FD0001B6803F40023002B28D0234BD3F8883020
:104FE00023F040627B681B6F1F491343C1F8883070
:104FF0007B681B6FB3F1006F06D11B4BDB681A4A4D
:1050000043F48013D36011E07B681B6FB3F1806FB2
:105010000CD17B6804330121184600F099F803464F
:10502000FB74FB7C002B01D0FB7CBB747B681B6892
:1050300003F48023002B2BD00B4BD3F8883023F0C4
:1050400040627B685B6F08491343C1F888307B6816
:105050005B6FB3F1006F09D1034BDB68024A43F485
:105060008013D36014E000BF001002407B685B6FC8
:10507000B3F1806F0CD17B6804330121184600F036
:1050800067F80346FB74FB7C002B01D0FB7CBB74F0
:105090007B681B6803F48043002B2FD02B4BD3F885
:1050A000883023F040527B689B6F28491343C1F836
:1050B00088307B689B6FB3F1805F0DD17B680433D0
:1050C0000221184600F044F80346FB74FB7C002BD9
:1050D00014D0FB7CBB7411E07B689B6FB3F1005F65
:1050E0000CD17B6820330221184600F025F90346D5
:1050F000FB74FB7C002B01D0FB7CBB747B681B68C2
:1051000003F40043002B0AD0104BD3F8883023F06F
:1051100080427B68DB6F0D491343C1F888307B68A0
:105120001B6803F48033002B0BD0084BD3F8883076
:1051300023F000427B68D3F8803004491343C1F860
:105140008830BB7C18461837BD4680BD0010024031
:1051500080B584B000AF786039600023FB73754B75
:10516000DB6803F00303002B18D0724BDB6803F0FD
:1051700003027B681B689A420DD17B681B68002B79
:1051800009D06C4BDB681B0903F007035A1C7B68D2
:105190005B689A4247D00123FB7344E07B681B683D
:1051A000032B18D0032B25D8012B02D0022B09D0BA
:1051B00020E0604B1B6803F00203002B1DD101238C
:1051C000FB731AE05B4B1B6803F48063002B16D162
:1051D0000123FB7313E0574B1B6803F40033002BD0
:1051E0000FD1544B1B6803F48023002B09D10123FA
:1051F000FB7306E00123FB7304E000BF02E000BF85
:1052000000E000BFFB7B002B0DD14A4BDB6823F095
:1052100073027B6819687B685B68013B1B010B4369
:1052200044491343CB60FB7B002B7DD1414B1B6872
:10523000404A23F080631360FDF7E8FBB86009E0A3
:10524000FDF7E4FB0246BB68D31A022B02D9032305
:10525000FB7305E0374B1B6803F00063002BEFD1B5
:10526000FB7B002B60D13B68002B11D1314B1B69BC
:1052700023F41F3323F440737A68926811027A682A
:10528000D268120952040A432A4913430B6127E0EA
:105290003B68012B12D1274B1B6923F4C00323F475
:1052A000FE437A68926811027A6812695208013ADC
:1052B00052050A431F4913430B6111E01D4B1B6943
:1052C00023F0C06323F4FE437A68926811027A687F
:1052D00052695208013A52060A43164913430B61B8
:1052E000144B1B68134A43F080631360FDF78EFB79
:1052F000B86009E0FDF78AFB0246BB68D31A022BAF
:1053000002D90323FB7305E00A4B1B6803F000631B
:10531000002BEFD0FB7B002B06D1064B1A697B6874
:105320009B69044913430B61FB7B18461037BD464C
:1053300080BD00BF0010024080B584B000AF78602F
:1053400039600023FB736A4BDB6803F00303002B17
:1053500018D0674BDB6803F003027B681B689A4236
:105360000DD17B681B68002B09D0614BDB681B09E2
:1053700003F007035A1C7B685B689A4247D00123FD
:10538000FB7344E07B681B68032B18D0032B25D8E4
:10539000012B02D0022B09D020E0554B1B6803F0F3
:1053A0000203002B1DD10123FB731AE0504B1B6835
:1053B00003F48063002B16D10123FB7313E04C4BE5
:1053C0001B6803F40033002B0FD1494B1B6803F417
:1053D0008023002B09D10123FB7306E00123FB731B
:1053E00004E000BF02E000BF00E000BFFB7B002B39
:1053F0000DD13F4BDB6823F073027B6819687B6833
:105400005B68013B1B010B4339491343CB60FB7BBA
:10541000002B67D1364B1B68354A23F0805313604D
:10542000FDF7F4FAB86009E0FDF7F0FA0246BB6850
:10543000D31A022B02D90323FB7305E02C4B1B6804
:1054400003F00053002BEFD1FB7B002B4AD13B68CC
:10545000002B11D1264B5B6923F41F3323F44073D7
:105460007A68926811027A68D268120952040A4373
:105470001F4913434B6111E01D4B5B6923F0C0636F
:1054800023F4FE437A68926811027A68126952081E
:10549000013A52060A43164913434B61144B1B68E9
:1054A000134A43F080531360FDF7B0FAB86009E087
:1054B000FDF7ACFA0246BB68D31A022B02D90323CC
:1054C000FB7305E00A4B1B6803F00053002BEFD081
:1054D000FB7B002B06D1064B5A697B685B6904494C
:1054E00013434B61FB7B18461037BD4680BD00BFA0
:1054F0000010024080B582B000AF78607B68002B5E
:1055000001D1012340E07B68DB6F002B06D17B6873
:10551000002283F878207868FCF7D0F87B68242292
:10552000DA677B681B681A687B681B6822F00102D7
:105530001A607B685B6A002B02D0786800F074FB0D
:10554000786800F0B9F80346012B01D101231BE074
:105550007B681B685A687B681B6822F490425A601B
:105560007B681B689A687B681B6822F02A029A6035
:105570007B681B681A687B681B6842F001021A602E
:10558000786800F0F3FB034618460837BD4680BD37
:1055900080B58AB002AFF860B9603B601346FB800B
:1055A000FB68DB6F202B40F08180BB68002B02D0B2
:1055B000FB88002B01D1012379E0FB680022C3F8AE
:1055C0008420FB682122DA67FDF720FA7861FB6806
:1055D000FA88A3F85020FB68FA88A3F85220FB68E9
:1055E0009B68B3F5805F08D1FB681B69002B04D171
:1055F0000023FB61BB68BB6103E0BB68FB61002368
:10560000BB6138E03B6800937B6900228021F86829
:1056100000F054FC0346002B04D0FB682022DA671C
:10562000032344E0FB69002B0BD1BB691B881A469E
:10563000FB681B68C2F308029A62BB690233BB6154
:1056400007E0FB691A78FB681B689A62FB69013303
:10565000FB61FB68DB6F03F02103212B09D1FB68A1
:10566000B3F852309BB2013B9AB2FB68A3F85220C8
:1056700001E001231BE0FB68B3F852309BB2002B22
:10568000C0D13B6800937B6900224021F86800F09C
:1056900015FC0346002B04D0FB682022DA670323A5
:1056A00005E0FB682022DA67002300E002231846A9
:1056B0002037BD4680BD00002DE9B04F8AB000AF55
:1056C000F860002387F82230FB689A68FB681B6942
:1056D0001A43FB685B691A43FB68DB6913437B620F
:1056E000FB681B681A68A44B1340FA681268796A51
:1056F0000B431360FB681B685B6823F44051FB6835
:10570000DA68FB681B680A435A60FB689B697B6226
:10571000FB681B68994A934204D0FB681B6A7A6A4B
:1057200013437B62FB681B689B6823F43061FB6852
:105730001B687A6A0A439A60FB681B68904A934226
:1057400026D1904BD3F8883003F00303032B1BD8EA
:1057500001A252F823F000BF6957000879570008EA
:105760007157000881570008012387F8233016E19C
:10577000022387F8233012E1042387F823300EE157
:10578000082387F823300AE1102387F8233006E145
:10579000FB681B687C4A934238D17A4BD3F8883037
:1057A00003F00C030C2B2DD801A252F823F000BFFC
:1057B000E557000805580008055800080558000876
:1057C000F557000805580008055800080558000856
:1057D000ED5700080558000805580008055800084E
:1057E000FD570008002387F82330D8E0022387F80C
:1057F0002330D4E0042387F82330D0E0082387F84F
:105800002330CCE0102387F82330C8E0FB681B6806
:105810005E4A934225D15B4BD3F8883003F03003C6
:10582000302B16D0302B18D8202B0AD0202B14D890
:10583000002B02D0102B08D00FE0002387F8233074
:10584000ADE0022387F82330A9E0042387F8233052
:10585000A5E0082387F82330A1E0102387F8233040
:105860009DE0FB681B684A4A934225D1454BD3F81B
:10587000883003F0C003C02B16D0C02B18D8802B63
:105880000AD0802B14D8002B02D0402B08D00FE078
:10589000002387F8233082E0022387F823307EE05C
:1058A000042387F823307AE0082387F8233076E052
:1058B000102387F8233072E0FB681B68354A934257
:1058C0002AD1304BD3F8883003F44073B3F5407FCE
:1058D0001AD0B3F5407F1BD8B3F5007F0CD0B3F5D9
:1058E000007F15D8002B03D0B3F5807F08D00FE0E0
:1058F000002387F8233052E0022387F823304EE05C
:10590000042387F823304AE0082387F8233046E051
:10591000102387F8233042E0FB681B68174A934244
:105920003AD1184BD3F8883003F44063B3F5406F95
:105930001AD0B3F5406F1BD8B3F5006F0CD0B3F598
:10594000006F15D8002B03D0B3F5806F08D00FE09F
:10595000002387F8233022E0022387F823301EE05B
:10596000042387F823301AE0082387F8233016E051
:10597000102387F8233012E0F369FFEF0080004026
:105980000038014000100240004400400048004040
:10599000004C004000500040102387F82330FB6883
:1059A0001B689F4A93427AD197F82330082B24D85A
:1059B00001A252F823F000BFDD590008FB5900088E
:1059C000E5590008FB590008EB590008FB5900088D
:1059D000FB590008FB590008F3590008FFF742F88B
:1059E000F86110E08F4BFB610DE0FEF7A3FFF8615B
:1059F00009E04FF40043FB6105E00023FB61012354
:105A000087F8223000BFFB69002B00F0FB80FB68A9
:105A10005A6813465B001344FA699A4205D3FB683F
:105A20005B681B03FA699A4203D9012387F8223085
:105A3000E8E0FB6900221C4615464FF000024FF0DB
:105A400000032B0243EA14632202F96849684908FB
:105A500000208846814612EB080A43EB090BFB68DD
:105A60005B6800223B607A60D7E9002350465946C4
:105A7000FBF7EAF802460B461346BB61BB69B3F578
:105A8000407F08D3BB69B3F5801F04D2FB681B6855
:105A9000BA69DA60B6E0012387F82230B2E0FB6829
:105AA000DB69B3F5004F5ED197F82330082B28D877
:105AB00001A252F823F000BFDD5A0008E55A0008A1
:105AC000ED5A0008035B0008F35A0008035B000866
:105AD000035B0008035B0008FB5A0008FEF7C2FFE7
:105AE000F86114E0FEF7D4FFF86110E04D4BFB6164
:105AF0000DE0FEF71FFFF86109E04FF40043FB6182
:105B000005E00023FB61012387F8223000BFFB6919
:105B1000002B77D0FB695A00FB685B685B081A446E
:105B2000FB685B68B2FBF3F3BB61BB690F2B16D953
:105B3000BB69B3F5803F12D2BB699BB223F00F0360
:105B4000FB82BB695B089BB203F007039AB2FB8A36
:105B50001343FB82FB681B68FA8ADA6052E0012378
:105B600087F822304EE097F82330082B27D801A27F
:105B700052F823F0995B0008A15B0008A95B0008BC
:105B8000BF5B0008AF5B0008BF5B0008BF5B00089D
:105B9000BF5B0008B75B0008FEF764FFF86114E024
:105BA000FEF776FFF86110E01E4BFB610DE0FEF79B
:105BB000C1FEF86109E04FF40043FB6105E00023FA
:105BC000FB61012387F8223000BFFB69002B19D04D
:105BD000FB685B685A08FB691A44FB685B68B2FBA8
:105BE000F3F3BB61BB690F2B09D9BB69B3F5803FE8
:105BF00005D2BB699AB2FB681B68DA6002E0012338
:105C000087F82230FB6800229A66FB680022DA6679
:105C100097F8223018462837BD46BDE8B08F00BF40
:105C2000008000400024F40080B483B000AF7860AE
:105C30007B685B6A03F00803002B0AD07B681B6853
:105C40005B6823F400417B685A6B7B681B680A43DE
:105C50005A607B685B6A03F00103002B0AD07B6803
:105C60001B685B6823F400317B689A6A7B681B6859
:105C70000A435A607B685B6A03F00203002B0AD078
:105C80007B681B685B6823F480317B68DA6A7B6819
:105C90001B680A435A607B685B6A03F00403002BAD
:105CA0000AD07B681B685B6823F480217B681A6BD1
:105CB0007B681B680A435A607B685B6A03F01003C9
:105CC000002B0AD07B681B689B6823F480517B689B
:105CD0009A6B7B681B680A439A607B685B6A03F077
:105CE0002003002B0AD07B681B689B6823F40051BB
:105CF0007B68DA6B7B681B680A439A607B685B6A27
:105D000003F04003002B1AD07B681B685B6823F408
:105D100080117B681A6C7B681B680A435A607B6839
:105D20001B6CB3F5801F0AD17B681B685B6823F48A
:105D3000C0017B685A6C7B681B680A435A607B68A9
:105D40005B6A03F08003002B0AD07B681B685B68EA
:105D500023F400217B689A6C7B681B680A435A60B5
:105D600000BF0C37BD465DF8047B704780B598B026
:105D700002AF78607B680022C3F88420FCF746FEFF
:105D800078657B681B681B6803F00803082B2ED11D
:105D90006FF07E4300937B6D00224FF40011786812
:105DA00000F08CF80346002B21D07B681B68BB6396
:105DB000BB6B53E8003F7B637B6B23F080033B6549
:105DC0007B681B681A463B6D7B643A64396C7A6C5D
:105DD00041E80023FB63FB6B002BE6D17B682022AC
:105DE000DA677B68002283F87820032362E07B680F
:105DF0001B681B6803F00403042B49D16FF07E433A
:105E000000937B6D00224FF48001786800F056F813
:105E10000346002B3CD07B681B687B627B6A53E89F
:105E2000003F3B623B6A23F49073FB647B681B6812
:105E30001A46FB6C3B63FA62F96A3A6B41E800234D
:105E4000BB62BB6A002BE6D17B681B6808333B61F1
:105E50003B6953E8003FFB60FB6823F00103BB6430
:105E60007B681B680833BA6CFA61BB61B969FA696F
:105E700041E800237B617B69002BE5D17B68202210
:105E8000C3F880207B68002283F87820032311E088
:105E90007B682022DA677B682022C3F880207B6839
:105EA00000221A667B6800225A667B68002283F80B
:105EB0007820002318465837BD4680BD80B584B091
:105EC00000AFF860B9603B601346FB714FE0BB69FF
:105ED000B3F1FF3F4BD0FCF799FD02463B68D31A64
:105EE000BA699A4202D3BB69002B01D103234EE069
:105EF000FB681B681B6803F00403002B37D0BB68EA
:105F0000802B34D0BB68402B31D0FB681B68DB6929
:105F100003F00803082B10D1FB681B6808221A62E3
:105F2000F86800F038F8FB680822C3F88420FB68A2
:105F3000002283F87820012329E0FB681B68DB69D5
:105F400003F40063B3F5006F11D1FB681B684FF4D5
:105F500000621A62F86800F01EF8FB682022C3F89D
:105F60008420FB68002283F8782003230FE0FB687D
:105F70001B68DA69BB681340BA689A420CBF0123F8
:105F80000023DBB21A46FB799A42A0D000231846C0
:105F90001037BD4680BD80B495B000AF78607B6897
:105FA0001B687B637B6B53E8003F3B633B6B23F4D5
:105FB0009073FB647B681B681A46FB6C3B64FA6356
:105FC000F96B3A6C41E80023BB63BB6B002BE6D155
:105FD0007B681B6808333B623B6A53E8003FFB6108
:105FE000FB6923F00103BB647B681B680833BA6C50
:105FF000FA62BB62B96AFA6A41E800237B627B6A93
:10600000002BE5D17B681B6E012B18D17B681B68C8
:10601000FB60FB6853E8003FBB60BB6823F01003E4
:106020007B647B681B681A467B6CBB617A6179690B
:10603000BA6941E800233B613B69002BE6D17B68EC
:106040002022C3F880207B6800221A667B68002229
:106050009A6600BF5437BD465DF8047B7047000068
:1060600008B50649064800F035F80649064800F02C
:1060700051F8064B01221A70002008BD94AB0008AD
:10608000280900209CAB0008E8110020F81100202E
:106090000D4B70B51E78A6B1034680B10C4671B1A8
:1060A000154662B11946094800F016F82246014625
:1060B000074800F031F803462B60002070BD032034
:1060C00070BD022070BD00BFF8110020280900201B
:1060D000E811002001607047F0B5051D83B004464B
:1060E0000127084604F5017629460323802200F0A3
:1060F00047F83246294620468023009700F08CF866
:1061000020461B23009731462A4600F063FB2846B1
:1061100003B0F0BDC16070472DE9F04FD0F80C809E
:1061200083B005468946164644464FF0000B0746A5
:1061300008F1180AD4F84C11CDF804B0023101ABC3
:1061400008EB81011B22484600F00CFBD4ED547A89
:106150009DED017A083477EE877A5445E7EC017AB1
:10616000E8D1A9682A686B68B160B1EE040A03211E
:1061700030463260736003B0BDE8F04F00F0F4BA0F
:106180002DE9F0412DED028B012B82B00D462DD073
:10619000002A26DD9FED1F8A4FEA830801EB820764
:1061A00000EB83040026002BD8BFF0EE487A12DD06
:1061B0009FED180A00EB8602F2EC017A67EEA77AEF
:1061C000944230EE270AF7D1B5EE400AF1EE10FA0C
:1061D00016D4F1EEC07A1E444444E5EC017AAF4295
:1061E000E1D102B0BDEC028BBDE8F0810146920026
:1061F000284602B0BDEC028BBDE8F04102F0F3B9D5
:10620000CDE9000304F046F9DDE90003F0EE407A41
:10621000E1E700BF000000002DE9F04F83B0DDF89A
:106220003080B8F1000F26DD00F51C77CDE90001C4
:106230009A4600264FEA830901EB83043B469346C6
:10624000574635469A46002F09DD019B504603EB21
:10625000860252F8043B40F8043BA242F9D15A4668
:1062600000985146013500F009F8A8450BF16C0B78
:106270003E444C44E7D103B0BDE8F08F2DE9F8432C
:10628000044615462DED0A8B884604F598676C2266
:106290000021284602F028F94FF4007241463846A2
:1062A00002F0A1F9802204F5D861384600F058FBCD
:1062B00004F59B6393ED007ADFEDF46A9FEDF46AD9
:1062C000DFEDF48A04F2DC43D3ED007A77EEC77A8F
:1062D00004F23C5367EEA67AB6EE085A77EE877A58
:1062E000F5EE005AC5ED057A93ED007A04F5A86342
:1062F000D3ED007A77EEC77A04F23C6367EE857AD5
:10630000F6EE006A77EE877AF0EE684AC5ED157A08
:1063100093ED007A04F5C863D3ED007A77EEC77A7F
:1063200004F5D46367EEA57AC14677EE877A012239
:10633000C5ED117A93ED007A04F2A463D3ED007AEF
:1063400077EEC77A04F2BC5367EE867A77EE877AE7
:10635000C5ED087A93ED007A04F5B863D3ED007AC1
:1063600077EEC77A04F2BC6367EEA67A77EE877A97
:10637000C5ED027A98ED008AD7ED00AA93ED00AA48
:10638000F0EEC86AF1EEE65A434628EE085AB0EE3F
:10639000487AD3ED017A37EEC76A17EE901A17EEF6
:1063A000100AB0EEE74A93ED027A27EEA73AB0EE74
:1063B000C66AF1EEC43A91EA000F02F1020203F15B
:1063C000080336EE246AF7EE004A48BF78EEA48A46
:1063D00033EE055AB0EE643AF0EEC74A74EE266A20
:1063E000B1EEE44A17EE100A37EE888A77EE677A44
:1063F00073EEA55A91EA000F67EE073A48BF78EEB0
:10640000838AF0EEE77A7F2A76EEA46A38EE078A6E
:1064100033EE855A77EE864A75EE845AB9D1D8EDB7
:106420007F7AD8F8F831B0EEE77AF1EEC79A17EE36
:10643000902A36EE87CA98ED7E7A27EEA70A93EA6D
:10644000020F38EE278A77EEC7BA44BFF7EE007A1C
:1064500078EEA78A30EE050ADFED8F7A20EE270A64
:1064600028EE278AB5EE400AF0EEEBBAF1EE10FA0C
:1064700079EEA59A7BEEA4BA85ED108A00F14C81E5
:10648000B1EEC0BA08F500764346B0EEEA9AF0EEF7
:10649000CA7A9FED817A85ED06BAB4EE679A3AEE34
:1064A0006A6AF1EE10FA69EE879A48BFB0EE679A11
:1064B0009FED787AC5ED0ABAC5ED008AC5ED0DAA43
:1064C00085ED04AA85ED079A85ED016AF3EC017A62
:1064D00077EEC87AB34267EEA77A37EE277AF5D11E
:1064E000DFED6D7A27EE277A6CEE278A17EE100A19
:1064F00085ED0E7AFAF728F841EC100B03F02AFF2D
:1065000069EEA99A51EC100BFAF74EFBCBEE287A04
:10651000E8644346C9EE0B3AC9EE295A89EE287A57
:10652000C5ED183AC5ED165A85ED127AC5ED177A04
:10653000D8ED007A9FED575A04EE100A77EEC87A2C
:10654000F7EE004AF0EE456AB0EE456AB3EC017A28
:1065500017EE90CA77EE487A27EEA77A17EE902AC0
:1065600067EE875A92EA0C0F27EE077A48BF35EE9E
:10657000245AB34236EE256A76EE876AE6D124EED7
:10658000047ADFED465A85ED1A5A64EE077A27EE53
:10659000077A67EEA57A4346F5EE407AF1EE10FAF7
:1065A00018BFC6EE275ADFED3D7A08BFDFED395A36
:1065B00067EE277AC5ED0C5AF5EE407AF1EE10FA47
:1065C0001DBF86EEA77AF0EE087A77EE677ADFEDE8
:1065D000317AC5ED0F7AB3EC018AF0EE488AF3EC1C
:1065E000017AF4EE487AF1EE10FAF4EE687A48BFD8
:1065F000B0EE678AF1EE10FAC8BFF0EE678AB342D8
:10660000EDD1F4EE488AF1EE10FA00F0828078EED7
:10661000C88A5022002104F58E6001F065FFF3EE78
:10662000047AC8EEA76AB9EC017A37EE487AC7EE69
:10663000267AFDEEE77A17EE903A132BA8BF1323C4
:1066400004EB8303B145D3F8702402F10102C3F8CF
:106650007024E8D1DFED0F8A9FED0F9A04F26C46AB
:1066600004F2BC4956F8043F002B1BDD07EE903ABC
:10667000B8EEE78A28EE098AB0EE480A03F0DAFE9F
:1066800028EE008A78EE888A0CE000BF2033B33E03
:106690008066263F000000000000003C0000004330
:1066A000000000004E45DDD1F1EE688A4046C5EDA0
:1066B000198A394600F036F8D7ED005A1FED085A0E
:1066C00025EEA57A012304F2C440F0EE656AF0ECF1
:1066D000017A27EEA76AF4EEE57AF1EE10FA76EE8B
:1066E000A76A37EE067A05DD06EE103AB8EEC65A0E
:1066F000F0EE675A0133402BE9D1BDEC0A8BC5EDB2
:10670000035A85ED0B5AC5ED146A85ED097ABDE88B
:10671000F8835FED1D8AC9E703F0BCFEB0EE40BA16
:10672000B0E600BF10B580220C462DED028B00F0C4
:10673000CDF99FED0B0A80222146204600F0E2F9B8
:1067400094ED018A3F22B0EEC88A214604F1080088
:1067500000F0D6F984ED3F8ABDEC028B10BD00BF7E
:106760000000803C00F072B9F0B52DED048B83B0D1
:106770000E466B4601AAF0EE408A074600F078F913
:1067800016B39DED019A9FED128A3C4607EB8605F4
:1067900094ED000A30EE490A20EE280A03F00EFEBE
:1067A000A4EC010AA54238EE008AF1D1B7EE000A46
:1067B00080EE080A38463246394600F07DF90098E6
:1067C00003B0BDEC048BF0BD9FED018AEEE700BF86
:1067D000000000002DE9F04F099F002F2DDD1D4620
:1067E0000368002DD3E9009A27DD00240E46904669
:1067F0004FEA850B01EB8502214606EB840009EB8D
:10680000810E0AEB810C08EB8403BCEC017AF0ECFE
:10681000017AFEEC016AB5EEC07AF1EE10FA0EDDF7
:1068200077EEE67A9042C7EE876AE3EC016AECD134
:1068300001318F425A442C44DFD1BDE8F08F9042A1
:10684000E3EC017AE1D101318F425A442C44D4D196
:10685000F3E700BF9A4200DB70472DE9F84FD718E5
:1068600007EBD7777F1004461D460E463B4607F1DF
:1068700001099046FFF7EEFF2B464A463146204677
:10688000FFF7E8FF04EB870393ED007AD3ED017A7D
:10689000B4EEE77AF1EE10FA4FEA870C01DCBDE8BE
:1068A000F88FB8454EDCA94551DCB646404600237A
:1068B00001E04D4543DB04EB800104EB890291EDDF
:1068C000007AD2ED007AB4EEE77AF1EE10FA46BF24
:1068D0000130F0EE477A09F10109874203F1010323
:1068E000EEEC017AE5DA4D4529DB221D04EB890E39
:1068F00006EB830AA90002EB850BFEEC017AF34557
:10690000EAEC017AF9D101351D44A5EB0903874270
:106910000ADB04EB800006EB8303944450F8045B2D
:1069200043F8045B8445F9D104EB88040A4456F823
:10693000043B44F8043BA242F9D1BDE8F88FA9001A
:10694000221DE4E7A94507DC40460023CDE7A90066
:1069500040460023221DDCE7A900221DE4E700BF1A
:106960002DE9F84302F1FF39B9F1000F01DCBDE870
:10697000F8834FEA690704460D463B4690467E1C65
:106980000022FFF767FF4B46324629462046FFF7B5
:1069900061FF04EB870393ED007AD3ED017AB4EE47
:1069A000E77AF1EE10FAE2DDB1454FF0000149DB84
:1069B000AC460B4601E0B14541DB04EB830004EB40
:1069C000860290ED007AD2ED007AB4EEE77AF1EE2D
:1069D00010FA46BF0133F0EE477A01369F4201F1CB
:1069E0000101ECEC017AE6DAB145B8BF4FEA880C58
:1069F0001CDB04EB860205EB81004FEA880C04EBFC
:106A0000880952F804EB40F804EB9145F9D1414470
:106A1000891B9F420ADB05EB810104EB83020133F2
:106A200052F8040B41F8040B9F42F8DAAC4455F8D5
:106A3000043B44F8043BAC45F9D1BDE8F8834FEA88
:106A4000880CE6E74FEA880C0B46E4E79FED077AEF
:106A50004AB1F0EC017AF1EC016A67EEA67A013AEC
:106A600037EE277AF5D183ED007A704700000000F9
:106A7000012910B4F0EC017A17D04FF0010C00247A
:106A8000B0EC017AF4EEC77AF1EE10FA48BF644632
:106A90000CF1010C48BFF0EE477A6145F0D1C2ED30
:106AA000007A1C605DF8044B70470024C2ED007A48
:106AB0001C605DF8044B70473AB1F0EC017A67EE68
:106AC000807A013AE1EC017AF7D170472DE9F04183
:106AD000094F3B68934205460E4605D014460748C9
:106AE00091B200F0F9F83C60324629460348BDE80F
:106AF000F041002300F02AB8FC1100200012002011
:106B000000F002B8FFF7D8BFDAB14FF0000C083040
:106B100050ED027A10ED017A67EEA77A27EE077A38
:106B20000B4677EE877A0431F5EEC07AF1EE10FA73
:106B300008DBF1EEE77AC3ED007A013A00F10800D4
:106B4000E6D1704741F804CCF7E700BF2DE9F041EA
:106B5000154607460C461A46002B5FD0D1ED007A49
:106B6000D1ED016A0088796937EEA67A77EEE67A88
:106B7000F6EE003A431E27EE237A67EEA37A002B47
:106B800085ED007AC5ED017A04EBC30C3FDD01F120
:106B9000100EACEBC00004F11001ACF1080C05F1D3
:106BA00010069CED027A11ED024ADCED034A51ED2C
:106BB000015A5EED026A1EED016A74EE477A34EE08
:106BC000A55A37EE047A75EEE45A26EEA74A66EE29
:106BD000277A37EE447A26EE056A77EEA57A66EED6
:106BE000856A37EE467A77EEE67A27EE237A67EE05
:106BF000A37AACF1080C604506ED027A46ED017A05
:106C00000EF1080E06F1080601F10801C9D1294666
:106C100038460123BDE8F04100F07AB8012300F0C6
:106C200077F8D4ED007A94ED017A3E88786937EEF2
:106C3000077A77EEA77AB6EE003A77EE876A77EEB4
:106C4000C77A013E26EE837A67EE837A04EBC603A9
:106C500085ED007AC5ED017A103005F1100204F1DE
:106C60001001083B93ED025A51ED023A93ED034AAD
:106C700051ED015A50ED026A10ED016A75EE637A2A
:106C800074EE254A26EEA77A35EE235A66EE277A69
:106C900075EEC45A37EE057A26EE246A77EEA57AA9
:106CA00066EEA46A37EE067A77EEE67A27EE037A86
:106CB00067EE837A013E002E02ED027A42ED017A00
:106CC00000F1080002F1080201F10801A3F1080334
:106CD000C8DCBDE8F08100BF80B110B4094A0A4C9D
:106CE0000A4B43614021C0E90142018080223821E2
:106CF000818102825DF8044B002070474FF0FF3025
:106D0000704700BFD8AF000848B00008D8AD0008F1
:106D10002DE9F04F2DED0A8B8FB0012A05880292E4
:106D200083460C46019300F03C81B5F5807F00F06E
:106D30004A8135D8402D00F028814AD8102D4AD0FC
:106D4000202D00F04081019B33B1DBF80820BBF817
:106D50000C10204600F028FE029B012B34D107EED8
:106D6000905AF8EE677AB7EE007AC7EE276A5DB3FD
:106D70000834002301339D4204F1080414ED047A21
:106D800054ED037A27EE267A67EEE67A04ED047A6C
:106D900044ED037AEED10FB0BDEC0A8BBDE8F08F65
:106DA000B5F5006F00F00F8100F2EB80B5F5007FC4
:106DB00000F0EB80B5F5806F0DD0019B002BC4D1A6
:106DC000029B012B00F0D4800FB0BDEC0A8BBDE814
:106DD000F08F802DF1D16908DBF804208800103095
:106DE00004EB850604F110034FEAD50E04EB000C0A
:106DF00003EB0E1E304402F1100806F1100757EDA8
:106E0000048A17ED038A50ED044A50ED036A50EDF1
:106E1000025A13ED025A17ED020A57ED010A50ED1E
:106E2000017A13ED044A13ED036A13ED017A1CEDA8
:106E3000042A5CED032A1CED021A5CED011A74EEC3
:106E400028BA36EE08BA72EE249A32EEA69A31EEDD
:106E5000253A71EEA73A75EE00AA37EE20AA43ED67
:106E600004BA03ED03BA43ED02AA03ED01AA4CED07
:106E7000049A0CED039A0CED023A4CED013A58EDF0
:106E8000043A18ED033A34EE684A36EE486A74EE76
:106E9000C24A76EEE26A66EE038A64EE832A26EE42
:106EA000A38A64EEA34A24EE232A26EE236A24EE64
:106EB000034A66EE836A36EE446A76EEA46A72EEA0
:106EC000283A32EEC84A47ED043A07ED036A40ED2E
:106ED000036A00ED044A58ED024A18ED014A35EE06
:106EE000406A37EE607A75EEC16A77EEE17A26EE97
:106EF000245A27EE043A26EE046A66EE845A67EEB8
:106F0000A43A27EE247A67EE847A66EEA46A37EE16
:106F1000467A35EE035A35EEE36A77EEA67A1033F9
:106F20009E4507ED025A0CF1100C07ED017A08F1AD
:106F3000100800ED026A40ED017A07F1100700F138
:106F400010007FF45CAF8FB202233946204600F078
:106F500081FA0223DBF804203946304600F07AFA41
:106F6000019B002B7FF4F1AE029B012B7FF42CAF31
:106F700007EE905AF8EE677AB7EE007AC7EE276A06
:106F8000F6E6B5F5805F7FF418AF0123DBF8042047
:106F90002946204600F05EFA019B002B3FF410AF1B
:106FA000D3E6002D00F04B8201F10C03002253EDDB
:106FB000027A0132F1EE677A954243ED027A03F1EB
:106FC0000803F4D1B1E66B0804EBC30191ED006A4C
:106FD000D1ED015A94ED007AD4ED017ADBF804602A
:106FE000069604EB830077EE066A37EE467A37EEB4
:106FF000A56A77EEE57AD0ED005A90ED013A059159
:1070000001EB830276EEA53A77EEE54A76EEE56A85
:1070100077EEA57AD2ED005A039273EEA53A37EED9
:10702000034A36EE435A37EE437A92ED013AC4ED05
:10703000003AD0ED013A049074EEA54A76EEE56A86
:1070400077EEE57A36EE236AD2ED015A0D9534EEED
:10705000434A35EE435A37EE037A36EE256A5F0827
:1070600084ED016A02EB830380ED004AC0ED014A22
:10707000C1ED006A81ED015A82ED007AC2ED017A1C
:10708000BA1E0897570807970C3B0B9306F1200888
:1070900006F1100306F13009079E0993A0F10C0CCC
:1070A0009A4633010A46CDF830C00A9308EB06131E
:1070B00002F1100E1D46039ADDE90B36A2F10C0C0D
:1070C00004F1100710300C3910321EED025A57ED42
:1070D000025A50ED020A12ED022A1EED016A57ED26
:1070E000017A52ED011A10ED010A35EE854A77EE6C
:1070F000866A34EE207A75EEC55A37EE027A77EE5C
:10710000C67A07ED027A10ED017A52ED014A36EEA9
:10711000877A75EE809A37EE247A79EEE19A07ED58
:10712000017ADCED028A96ED023A91ED02AA93ED26
:10713000029A9CED018AD6ED012A93ED016A91ED48
:10714000011A33EE287A72EE884A37EE0A5A72EE46
:10715000C82A35EE095A33EE683A86ED025AD1ED67
:10716000013A93ED018A74EEA33A3AEE495A73EE6E
:10717000883A37EEE08AC6ED013A5AED02BA5AED86
:10718000013A73EE418A38EE028A72EE85AA28EE41
:1071900023CA78EE868A29EEABBA28EE2B8A69EEEE
:1071A000A39A3BEE0CBA28EEA3CA6AEEA33A68EEA5
:1071B000AB8A6AEEABAA38EE698A73EEA83A7CEE27
:1071C0006AAA37EE4A7A34EE604A76EEC06A74EE06
:1071D000C14A00ED02BA00ED018AC1ED02AAC1ED7B
:1071E000013A58ED043A18ED038A74EEC64A37EEB8
:1071F000497A34EE424A76EEE16A67EE638A24EE1B
:10720000239A26EE88AA24EE084A66EEA36A64EE64
:10721000889A27EE087A64EEA34A76EEC46A37EEBF
:10722000647A79EE0A3A38EEE94A36EE416A75EE4A
:10723000C05A77EEA07A4EED023A4EED016A8CED1F
:10724000017A8CED024A59ED064A19ED054A75EEB0
:10725000626A36EE437A75EEA15A77EEC27A25EE6F
:10726000A45A27EE843A27EE046A66EEA43A67EE43
:10727000A47A65EE845A66EE846A27EE247A35EEA7
:10728000035A77EEE57A36EE636A76EE876A08F19E
:107290001008454502ED025A42ED017A07F1080750
:1072A00083ED026AC3ED016AA6F108060AF1080A35
:1072B00000F10800A1F108010EF1080EACF1080C74
:1072C00009F1180902F10802A3F108037FF4FDAEE9
:1072D000DDE9093213449E46079B06990598BDF8DF
:1072E00020600D9DDA000133083203EB430304EB09
:1072F000020C871801EBC3030499DCED004A9CEDF6
:10730000015AD7ED006A97ED017A8818039990ED3C
:10731000004AD0ED013A74EEA67A75EE075A35EEC2
:10732000475A01EB020874EEE64A37EE843A75EEEE
:10733000446A77EEC47A35EE045A98ED004A06990D
:1073400033EE043A34EEA36A35EEE37A74EEE34AA0
:10735000D8ED013A8CED003AD0ED012A98ED013AD2
:1073600075EEA25A0A4475EE835A36EE636ACCED86
:10737000015AD2ED002A92ED013A76EE846A66EE69
:10738000225A26EE832A26EE036A66EEA26A75EE7C
:10739000825A76EEC66AC0ED005AC0ED016ADEED93
:1073A000005A9EED016A77EEC47A37EE637A67EE93
:1073B000A56A27EE063A67EE867A27EE257A76EEFC
:1073C000836A37EE677AC7ED006A87ED017AD3EDFD
:1073D000005A93ED016A34EEA37A75EE447A67EEB3
:1073E000256A27EE865A27EE067A67EEA57A76EEAC
:1073F000856A77EEC77AC8ED006A0A46C8ED017A59
:1074000004233146204600F025F80498DBF80420D8
:107410000423314600F01EF80598DBF8042004230D
:10742000314600F017F804230398DBF804203146B6
:1074300000F010F8019B002B3FF4C2AC85E4019BE7
:10744000002B3FF4C1AC82688189204600F0ACFA81
:1074500085E400BF2DE9F04F2DED108B8FB0CDE905
:107460000A32DFEDB22A031D8A468B4602460D938F
:107470004FEADB0404EB84004FEACB030193C30023
:10748000C4EBC4000994C000049323010293079045
:10749000181D099B5B010393099B04EB440702EB56
:1074A000441101EBC30E3B0101EB04160593099B4C
:1074B000A6EBC7054FEAC409FF0009F104040697CB
:1074C00005EB431C0D9F019B144410444FF0000832
:1074D0009EED003A9CED004A17ED016AD1ED00AA3D
:1074E00054ED017A50ED016A96ED00AAD5ED004AFF
:1074F00077EE835A34EE840A36EE8A8A36EE2A5ABA
:1075000075EE803A35EE087A77EEC37A37EE233A95
:1075100037EE637A07ED013A81ED007ADEED011A6C
:10752000DCED018A94ED007A95ED012AD7ED003A61
:10753000D1ED019A96ED019A90ED003A74EEC44AAD
:1075400032EE68BA37EE614A77EEE40A34EE4B1A4F
:1075500077EEA47A34EE0B4A32EE282A76EECA6A27
:1075600073EEA94A37EE217A73EEE93A73EE091AFF
:1075700060EEA20A33EE493A21EE221A36EE6A6A2A
:1075800067EEA27A24EE224A35EE485A75EEC05ACA
:1075900037EE428A34EEE10A37EE027A74EEA14AFF
:1075A00036EEE72A76EE601A76EEA77A36EE206A95
:1075B00073EE816A73EEC10A73EE443A33EE044A05
:1075C00034EE879A75EE088A36EE041A74EEC74ACE
:1075D00035EE485A36EE446A30EE658A31EEA33A0B
:1075E00036EEE74A30EEC27A75EE805A71EEE31A53
:1075F00077EEA67A32EE202AD844C24587ED009A6B
:10760000C1ED014A1F4440ED018A194486ED005A3C
:1076100080ED008AC6ED015A184404ED011A1E449B
:107620008CED006A8EED003AC5ED001A84ED004A3B
:10763000CCED017A1C448EED017A9C4485ED012A43
:107640009E441D443FF644AF9E46099B072B40F2E3
:10765000A681039B049E059D069C079802990C92A7
:1076600003F1080C09F1080702EB0C030836089334
:10767000D319083507939319083406935319083022
:10768000059313190C3104931318039353180193A2
:1076900002F10C0302934FF001094FF0000873460A
:1076A0000A9A90440B9A02EBC802D2ED00FA02EB60
:1076B000C80292ED00FA02EBC802D2ED00EA02EB3A
:1076C000C80292ED00EA02EBC802D2ED00DA02EB4A
:1076D000C80208EB480192ED00DA02EBC802D2EDD5
:1076E00000CA92ED01CAA2EB0112D2ED01BA02EB7F
:1076F000C80292ED01BA02EBC802D2ED01AA02EB78
:10770000C80292ED01AA02EBC802D2ED019A02EB87
:10771000C80292ED019ADDE901C7DDE90365DDE903
:107720000540DDE90712CE4602E000BFF304353F15
:1077300092ED002A90ED003AD4ED007A95ED007AB2
:1077400096ED006A17ED015AD1ED004A5CED015A41
:10775000D7ED008A35EE020A74EE830A75EEA73A79
:1077600037EE064A30EE231A70EE846A74EEC34A8E
:1077700031EE263A37EE467A07ED013A91ED018A6D
:1077800090ED013A92ED016A35EE425A78EE861A92
:1077900038EE432A75EEE75A38EEC66ADCED007A19
:1077A000D4ED018A38EE033A94ED018A30EEC44AF2
:1077B00037EE888AD6ED010A77EEE87AD5ED018AB0
:1077C00070EE633A38EEE00A78EEA00A71EE666A6F
:1077D00031EEC81A31EE888A73EE601A73EE200A11
:1077E00033EEA13A78EE608A38EE208A74EEC70A4A
:1077F00034EE877A72EE404A32EE000A60EEA20A58
:1078000020EE220A27EE227A64EEA24A87ED008A51
:1078100035EE602A73EEE11A75EE200A71EE443AF5
:1078200035EEC75A34EE011A35EE877A2EEE264A27
:1078300076EE645A6AEE266A76EE244A2AEE288AA2
:1078400037EEC06A6EEE288A77EE807A78EEE68AA6
:1078500030EEA70A6BEE236A70EEE77A72EE060A44
:1078600032EE466A34EEC72A77EE244A35EEC57A00
:1078700075EE255A2FEE035A34EE088A75EE266A05
:107880002DEE214A2BEE033A69EE211A29EE015A18
:107890006FEE233A2DEE011A73EEC33A31EE611A00
:1078A0002BEE823A6FEE801A2FEE822A2BEE800AA0
:1078B00082ED008AC2ED018A34EE055A4CED016A70
:1078C0002CEEA78A2CEE244A6DEEA06A69EE878A18
:1078D00031EE833A32EE400A6AEEA51A2EEE862A7F
:1078E0006CEEA44A6CEE277A2DEE877A69EEA00A38
:1078F0006EEEA55A2AEE866A38EE044A74EEE77AEE
:1079000076EEA86A37EE607A32EE212A75EEC65A14
:10791000DE44F245CCED003A1F4484ED005A84ED7C
:10792000011A1A4481ED003A81ED010A9C4486ED6A
:10793000004AC6ED017A1C44C0ED006A80ED017A70
:10794000194485ED002A1E44C5ED015A18441D4412
:107950003FF6EEAE089A08320892079A083207926C
:10796000069A08320692059A08320592049A08325D
:107970000492039A08320392029A08320292019A00
:1079800008320192099A09F101094A457FF488AE4B
:107990000A9BDB009BB293460A930C9A68E50FB0F2
:1079A000BDEC108BBDE8F08F31B32DE9F0414FF005
:1079B000000E02F1020832F81EC038F81E304FEAFD
:1079C0009C0C9B0850F82C7050F8236040F82C60F9
:1079D0004FEA8C059C0040F8237005F1040C231D30
:1079E0000EF1020E50F80C50C45840F80C408E4571
:1079F000C550E0D3BDE8F081704700BF2DE9FF47D7
:107A000057EC106B002F0C4619463B46BBBF07F1E5
:107A100000431F4600232D230B700D9BDDF830A083
:107A2000914623F02008BCBF32461646B8F1460FF7
:107A300005D0B8F1450F00D10134022100E0032147
:107A400003AB019302AB009347EC106B5346224605
:107A500000F062FEB8F1470F054619D119F0010F89
:107A60000ED000EB04090022002330463946F9F716
:107A70002BF808B1CDF80C903022039B4B451ED358
:107A8000039B0E9A5B1B2846136004B0BDE8F08789
:107A9000B8F1460F00EB0409E5D10378302B0AD189
:107AA0000022002330463946F9F70EF818B9C4F120
:107AB0000104CAF80040DAF800309944D3E7591CB1
:107AC00003911A70D9E7F7B50029BABF49422D23AF
:107AD0002B2309290270437029DD0DF10704254687
:107AE0000A272246B1FBF7F607FB1613303302F8DC
:107AF000013C0B46632B04F1FF343146F1DC30319D
:107B0000931E04F8011C411C1C46AB420AD30DF124
:107B100009039B1AA54238BF0023821C1344181A7C
:107B200003B0F0BD13F8016B01F8016FEDE73023EE
:107B300030318370C170031DF1E700002DE9F04F73
:107B40008DB00C46DDF8588016461F46054600F0FD
:107B5000D3FC036806931846F8F78AFB00230A93C0
:107B6000D8F8003094F818A0D4F800B00790073384
:107B700023F00703B3EC027B8DED047BC8F80030E3
:107B8000DDE9048323F0004984ED127B9C4B4FF028
:107B9000FF3240464946F8F7C9FF70BB984B4FF09B
:107BA000FF3240464946F8F7A3FF30BBDDE9040148
:107BB00000220023F8F792FF10B12D2384F8433000
:107BC000904A914BBAF1470F8CBF904698460323D9
:107BD00023612BF0040323604FF000090097334624
:107BE0000BAA2146284600F0D1F9013040F08C80E4
:107BF0004FF0FF300DB0BDE8F08FDDE904231046F3
:107C00001946F8F793FF40B1059B804A002BBCBF93
:107C10002D2384F843307E4BD4E763685A1C0AF066
:107C2000DF093BD1062363604BF4806200232260AE
:107C300003930AABCDE901A309AB009361689DED05
:107C4000040B0DF123032846FFF7D8FEB9F1470FC7
:107C50000999804629D1C81C02DB63688B4241DA4E
:107C6000AAF1020A5FFA8AFA0139524604F1500079
:107C70000991FFF728FF0A9A1318012A8146236108
:107C800002DC2268D20701D5013323619DF823303D
:107C9000002BA3D02D2384F843309FE7B9F1470F81
:107CA000C2D1002BC0D10123BDE7BAF1650FDBD9EA
:107CB000BAF1660F18D1002963680BDD216113B991
:107CC0002268D00702D501330B442361A1654FF030
:107CD0000009DBE713B92268D20701D50233F4E7C4
:107CE0000123F2E74FF0670A0A9B8B4205DC236809
:107CF0002161D807EAD54B1CE7E70029D4BFC1F1C1
:107D0000020201221344E0E723685A0507D42369DD
:107D1000424631462846B84701302BD168E7BAF1D0
:107D2000650F40F2DD80D4E9120100220023F8F74C
:107D3000CBFE002833D0374A012331462846B847C6
:107D400001303FF455AFDDE90938434502DB2368D4
:107D5000D8070FD5DDE9062331462846B84701305C
:107D60003FF446AF4FF0000908F1FF3804F11A0A5A
:107D7000C84509DC23689B0700F10381E0680B9B81
:107D80009842B8BF184635E7012352463146284687
:107D9000B84701303FF42CAF09F10109E8E7099B2E
:107DA000002B39DC1B4A012331462846B8470130F5
:107DB0003FF41EAFDDE9093959EA030302D1236814
:107DC000D907D7D5DDE9062331462846B847013023
:107DD0003FF40EAF4FF0000A04F11A0B099B5B420F
:107DE000534501DC4B4693E701235A46314628466A
:107DF000B84701303FF4FCAE0AF1010AEEE700BFDC
:107E0000FFFFEF7F4CB2000848B2000854B20008F0
:107E100050B2000858B20008A36DDDF828A0534501
:107E2000A8BF5346002B994636DC4FF0000B29EAD9
:107E3000E97904F11A02A36D0493A3EB09035B45EE
:107E400031DC099B9A453ADC2368DA0737D4099B71
:107E5000AAEB0309049BAAEB03039945A8BF994623
:107E6000B9F1000F33DC4FF0000829EAE97904F199
:107E70001A0B099BAAEB0303A3EB090343457FF706
:107E800079AF01235A4631462846B84701303FF4BE
:107E9000AFAE08F10108ECE7424631462846B84744
:107EA0000130C2D1A4E60123314628460492B847E6
:107EB00001303FF49DAE049A0BF1010BBBE7DDE905
:107EC000062331462846B8470130C0D190E6049ACF
:107ED0004B46424431462846B8470130C3D187E675
:107EE000DDF828A0BAF1010F01DCDB0736D501234C
:107EF000424631462846B84701303FF479AEDDE9C5
:107F0000062331462846B84701303FF471AED4E924
:107F10001201002200230AF1FF3AF8F7D5FDC0B99B
:107F2000534608F1010231462846B84701300CD1CA
:107F30005EE601235A4631462846B84701303FF4F1
:107F400057AE08F10108D045F3DB4B4604F150026F
:107F5000DFE64FF0000804F11A0BF4E70123424674
:107F6000E1E701234A4631462846B84701303FF44D
:107F70003FAE08F10108E3680B995B1A4345F0DC5A
:107F8000FCE64FF0000804F11909F4E72DE9F04789
:107F9000164698468A680B69DDF820909342B8BF70
:107FA0001346336091F8432007460C460AB101336B
:107FB00033602368990642BF336802333360256813
:107FC00015F0060506D104F1190AE36832689B1A18
:107FD000AB4226DC94F843302268003B18BF0123F3
:107FE00092062BD404F1430241463846C84701307B
:107FF0001ED02368226903F00603042B02BFE56844
:108000003368ED1AA3680CBF25EAE5750025934295
:10801000C4BF9B1AED1800261A34B5421AD10020AD
:1080200008E00123524641463846C847013003D193
:108030004FF0FF30BDE8F0870135C6E7E1185A1C64
:10804000302081F84300224494F8451082F8431010
:108050000233C7E70123224641463846C84701306C
:10806000E6D00136D9E700002DE9F0430D7E85B05A
:10807000782D90460C9E07460C46994601F1430226
:1080800007D8622D0AD8002D00F0D780582D00F0B7
:10809000BC8004F1420684F842503BE0A5F1630342
:1080A000152BF6D801A151F823F000BF0581000877
:1080B00019810008938000089380000893800008CD
:1080C00093800008198100089380000893800008BD
:1080D00093800008938000082182000843810008F3
:1080E000D381000893800008938000084382000831
:1080F0009380000843810008938000089380000863
:10810000DB81000833681A1D1B68326004F14206E7
:1081100084F842300123A1E033682068191D3160E2
:10812000060601D51D6803E04506FBD5B3F90050EE
:10813000002D03DA2D236D4284F843305B480A2377
:1081400011E021683368080653F8045B02D449063D
:1081500048BFADB23360237E54486F2B5CD10823F7
:10816000002184F843106668A660002E05DB2168B4
:108170002E4321F00401216050D01646B5FBF3F1E7
:1081800003FB115C10F80CC006F801CDAC4663454A
:108190000D46F3D9082B0BD12368DB0708D52369DB
:1081A00061689942DEBF302306F8013C06F1FF36D4
:1081B000921B2261CDF80090434603AA214638461F
:1081C000FFF7E4FE01304ED14FF0FF3005B0BDE8BF
:1081D000F083236843F0200323603548782584F832
:1081E00045502368316813F0800F51F8045B03D1C8
:1081F00013F0400F18BFADB23160D90744BF43F050
:10820000200323601DB11023AAE72848E7E723686D
:1082100023F020032360F6E70A23A1E71646B9E717
:10822000336825686169181D30602E061B6801D50A
:10823000196002E06806FBD5198000232361164609
:10824000B8E733681A1D32601E6862680021304644
:10825000F7F7BEFF08B1801B6060636823610023ED
:1082600084F84330A6E72369324641463846C8477A
:108270000130A9D023689B0713D4E068039B984280
:10828000B8BF1846A2E70123324641463846C847E0
:10829000013099D00135E36803995B1AAB42F2DCF7
:1082A000EBE7002504F11906F5E700BF5AB2000814
:1082B0006BB20008002310B50446C0E90033C0E9E2
:1082C0000433836081814366C28183611946082239
:1082D0005C3000F009F90D4B63620D4BA3620D4B4E
:1082E000E3620D4B23630D4B24629C4206D003F1E5
:1082F0006802944202D0D0339C4205D104F1580068
:10830000BDE8104000F06CB910BD00BF61840008EA
:1083100083840008BB840008E18400081812002050
:10832000024A0349034800F06BB800BF0C0000206C
:10833000619F00081C00002041680C4B994210B559
:10834000044601D001F00CFEA168094B994202D00D
:10835000204601F005FEE168064B994204D0204614
:10836000BDE8104001F0FCBD10BD00BF1812002098
:1083700080120020E81200200C4B0D4A0D4810B569
:1083800004211A600022FFF795FF0A4B01221C46C8
:10839000092103F16800FFF78DFF04F1D0000222EC
:1083A000BDE810401221FFF785BF00BF5013002029
:1083B0002183000818120020014800F012B900BF04
:1083C00059130020014800F00DB900BF59130020D7
:1083D00010B50446FFF7F0FF236A1BB1BDE810405B
:1083E000FFF7F0BF044B2362044B1B68002BF5D151
:1083F000FFF7C2FFF2E700BF3983000850130020E7
:108400002DE9F8430746884614460026D4E901952D
:10841000B9F1010905D52468002CF7D13046BDE833
:10842000F883AB89012B07D9B5F90E30013303D09E
:1084300029463846C04706436835E9E70FB407B513
:10844000064904AB086853F8042B8168019301F0D6
:10845000F1FB03B05DF804EB04B070471800002096
:1084600010B50C46B1F90E1000F06CF80028ABBF47
:10847000636DA3891B1823F48053ACBF6365A3818C
:1084800010BD2DE9F0411F468B89DB0505460C46E2
:10849000164605D5B1F90E100223002200F040F86F
:1084A000A389B4F90E1023F48053A38132463B46CE
:1084B0002846BDE8F04100F057B810B50C46B1F9B8
:1084C0000E1000F02DF8B4F90C30421C0BBF23F451
:1084D000805343F48053A381A38118BF606510BD0E
:1084E000B1F90E1000F00CB802440346934200D1DB
:1084F000704703F8011BF9E7004870475801002056
:1085000038B5064D0023044608462B60F9F7ABF951
:10851000431C02D12B6803B1236038BD54130020E3
:1085200038B5074D04460846114600222A601A460F
:10853000F9F7C0F9431C02D12B6803B1236038BDA1
:108540005413002038B5074D044608461146002252
:108550002A601A46F9F76AF9431C02D12B6803B165
:10856000236038BD5413002038B5074D0446084633
:10857000114600222A601A46F9F760F8431C02D11E
:108580002B6803B1236038BD54130020014B1868D9
:10859000704700BF1800002070B50D4B0D4D5B1BE0
:1085A0009C100026A64209D102F0BAFA0A4D0B4BE4
:1085B0005B1B9C100026A64205D170BD55F8043BFC
:1085C00098470136EEE755F8043B98470136F2E745
:1085D000F0B50008F0B50008F0B50008F4B50008E3
:1085E0007047704770470A44914200F1FF3300D151
:1085F000704710B511F8014B03F8014F9142F9D1C2
:1086000010BD2DE9F74F03690C69A34207467EDBD5
:10861000013C01F11408A30000F11405009305EBDF
:108620008403019358F8243055F8242001339A42EA
:1086300008EB8409B2FBF3F62ED34FF0000AC446D0
:10864000AE46D3465CF8043B98B206FB00A0020C91
:108650001B0C06FB0323DEF8002080B292B2121A34
:108660005A44DEF800004FEA134A9BB2C3EB2243A0
:1086700003EB104392B242EA0342E1454EF8042B69
:108680004FEA234BDED2009BEB582BB9019B043BF6
:108690009D421A462FD33C61384601F095F90028D7
:1086A00025DB2946002058F8042BD1F800C01FFA1A
:1086B00082FE1FFA8CF3A3EB0E030344120CC2EBF1
:1086C000234202EB1C429BB243EA0243C14541F8FC
:1086D000043B4FEA2240E6D255F8242005EB840300
:1086E00022B9043B9D421A460BD33C610136304609
:1086F00003B0BDE8F08F1268043B002ACBD1013CE7
:10870000C6E71268043B002AEFD1013CEAE70020EB
:10871000EEE70000000000002DE9F04F99B08DED6C
:108720000E0B0C92C269229C0A9157EC106B814689
:10873000139382B9102000F015FE0246C9F81C0000
:1087400020B9AB4BEF21AB4801F0D4FC0023C0E9CA
:1087500001330360C360116859B152684A60012354
:1087600093408B60484600F0F1FED9F81C3000229F
:108770001A60B7F10008B5BF01230023236023600E
:108780009D4BBCBF28F00048CDF83C8033EA08037D
:108790001AD1139AC8F3130842F20F7358EA060865
:1087A000136000F06885239B53B9944B21E0944BF0
:1087B00000930833239A1360009819B0BDE8F08F36
:1087C0008E4B00930333F5E79DED0E7B002251ECB9
:1087D000170B00238DED067BF8F776F9824650B132
:1087E000139A01231360239B13B1239A854B1360C3
:1087F000854B0093E0E79DED060B16AA17A94846A6
:1088000001F096F95FEA1854169D019079D0079B04
:10881000CDF850A0C3F31303DDE9060143F07F5305
:1088200043F44013A4F2FF3419460022774BF7F7C4
:108830002BFD69A3D3E90023F7F7DEFE68A3D3E994
:108840000023F7F723FD064620460F46F7F76AFE9A
:1088500065A3D3E90023F7F7CFFE02460B46304667
:108860003946F7F713FD06460F46F8F775F900226B
:108870008046002330463946F8F730F948B1404683
:10888000F7F750FE32463B46F8F71EF908B908F1F3
:10889000FF38B8F1160F51D85D4B03EBC803D3E98D
:1088A0000023DDE90601F8F719F9002848D008F19E
:1088B000FF38002312932D1B6B1E089343BF002328
:1088C000C5F1010708930027B8F1000F3ADB089BB8
:1088D000CDF8348043440893002309930A9B092B65
:1088E00062D8052BC4BF043B0A930A9BA3F1020381
:1088F000CCBF00240124032B62D8DFE803F05153DE
:10890000362B179C2C4404F23243202BC1BFC3F1F9
:10891000400308FA03F804F2124326FA03F3D6BF21
:10892000C3F1200348EA030006FA03F0F7F7EAFD73
:108930000122A1F1F873013C149275E70123B9E714
:108940001290B8E7C8F1000309930023A7EB0807CA
:108950000D93C3E701230B930C9B43440593013311
:10896000012B0493B8BF012306E001230B930C9B5A
:10897000002B28DDCDE90433D9F81C0000210422A6
:1089800002F114059D4223D94160484600F0A0FD44
:108990000090002840D11F4B024640F2AF11D2E6B2
:1089A0000023E3E70023D6E701240023CDE90A34BE
:1089B0004FF0FF33CDE90433002212230C92DBE7A2
:1089C00001230B93F4E70123CDE904331A46F5E7BD
:1089D00001315200D4E700BF61436F63A787D23FE4
:1089E000B3C8608B288AC63FFB799F501344D33F9E
:1089F00089B20008A0B200080000F07F85B200082C
:108A00007CB2000859B2000858B200080000F83FD4
:108A1000F0B30008F8B20008D9F81C30009A1A60C8
:108A2000049B0E2B00F2A180002C00F09E80B8F178
:108A3000000F36DD9E4B08F00F0203EBC20318F463
:108A4000807FD3E900AB4FEA281516D0994BDDE9BA
:108A50000601D3E90823F7F7F9FECDE9020105F095
:108A60000F050324934E75B9DDE9020152465B46BA
:108A7000F7F7ECFE82468B462DE09DED067B022447
:108A80008DED027BEEE7E90708D550465946D6E959
:108A90000023F7F7B1FD013482468B466D1008368E
:108AA000E1E700F0AD80C8F10005814B814E05F093
:108AB0000F0203EBC203D3E90023DDE90601F7F758
:108AC0009BFD2D1182468B4600230224002D40F091
:108AD0008C80002BCED1129B002B00F09580764B22
:108AE000002250465946F7F7F9FF002800F08C8025
:108AF000049B002B00F08880059B002B35DD08F1DE
:108B0000FF330293504659466C4B0022F7F774FD31
:108B1000059E82468B4601342046F7F703FD5246F8
:108B20005B46F7F769FD664B0022F7F7AFFB04469B
:108B3000A1F15075CDE91045002E69D1614B00229D
:108B400050465946F7F7A0FB22462B4682468B46F5
:108B5000F7F7E2FF002840F09482224605F1004337
:108B600050465946F7F7BAFF20BB179B002BC0F2BF
:108B70006081B8F10E0F00F35C814D4B03EBC8032D
:108B8000D3E900AB0C9B002B80F2EE80049B002B02
:108B900000F3EA800ED14B4B002250465946F7F7BE
:108BA0002BFD02460B46DDE90601F7F7A1FF002881
:108BB00000F06A8200252C460C9B009EDB4302934A
:108BC000274600242946484600F0C0FC002F00F04C
:108BD000C1802CB1BC4203D02146484600F0B6FC0F
:108BE0003946484600F0B2FCB4E0EA0705D5D6E9BC
:108BF0000023F7F701FD013401236D10083665E706
:108C0000DDE906AB022466E7049ECDF8088083E721
:108C1000274B03EBC60353E902010B9B002B55D0F6
:108C200002460B4600202849F7F710FEDDE9102325
:108C3000F7F72AFB009BCDE910019D191E46594606
:108C40005046F7F789FF0446F7F76CFC02460B46DF
:108C500050465946F7F718FB3034DDE9102306F883
:108C6000014B82468B46F7F739FF002872D15246F6
:108C70005B4611490020F7F707FBDDE91023F7F702
:108C80002DFF002840F0B680AE423FF46EAFDDE924
:108C900010010A4B0022F7F7AFFC084BCDE9100199
:108CA000002250465946F7F7A7FC82468B46C6E796
:108CB000F0B30008C8B300080000F03F00002440F3
:108CC00000001C40000014400000E03FDDE91023DC
:108CD000F7F792FC009B009DCDE9100133441593FA
:108CE00059465046F7F738FF0446F7F71BFC303477
:108CF0000B46024659465046F7F7C6FA05F8014BAF
:108D0000159B9D4282468B4627D1009B0022DDE9C0
:108D100010011E44B34BF7F7B9FA02460B46504612
:108D20005946F7F7F9FE002864D1DDE91023AD4973
:108D30000020F7F7A9FA02460B4650465946F7F7C6
:108D4000CDFE00283FF411AF334616F8012D302A2E
:108D5000FAD01E46DDF808803AE0A34B0022F7F770
:108D60004BFC82468B46BBE7009E52465B46DDE9E4
:108D70000601F7F76BFDF7F7EFFE0746F7F7D2FBB3
:108D800052465B46F7F738FC02460B46DDE9060122
:108D9000F7F77AFA07F1300C009C06F801CBA6EB46
:108DA000040C049C644502460B4633D1F7F76EFA77
:108DB00052465B4604460D46F7F7AEFEC0B9524632
:108DC0005B4620462946F7F77FFE08B1FB070FD424
:108DD0000199484600F0BAFB0023139A337008F15A
:108DE00001031360239B002B3FF4E6AC1E60E3E419
:108DF000CDF8088033461E4613F8012D392A06D1D6
:108E0000009A9A42F7D1029A01320292302201323C
:108E10001A709FE7744B0022F7F7EEFB02460B46F1
:108E2000CDE9062300220023F7F74EFE00289CD050
:108E3000CEE70B9A002A00F0E3800A9A012A00F399
:108E4000C280149A002A00F0BA8003F23343099DCD
:108E50003E46089A01211A4448461F44089200F0F1
:108E600029FC044656B1089B002B07DDB342089A43
:108E7000A8BF3346FF1AF61AD31A0893099B0BB3FF
:108E80000B9B002B00F0C380002D00F0BD8021461D
:108E90002A46484600F0CEFC019A01460446484660
:108EA00000F01EFC01998246484600F04FFB099BEA
:108EB0005B1B099300F0AE80099A5146484600F0CA
:108EC000B9FC01900121484600F0F4FB0D9B0546DA
:108ED000002B00F0D7811A460146484600F0AAFC54
:108EE0000A9B012B054600F39D800E9B002B40F052
:108EF00094800F9BC3F31303002B40F08E800F9BD5
:108F000023F000431B0D1B05002B00F08980089BFC
:108F10000133013708934FF0010A0D9B002B00F03D
:108F2000B7812B6905EB8303186900F077FBC0F16B
:108F30002000089B184410F01F007ED0C0F12003D1
:108F4000042B72DD089BC0F11C0003440744064457
:108F50000893002F05DD01993A46484600F0C6FC0B
:108F60000190089B002B05DD29461A46484600F073
:108F7000BDFC0546129B002B61D00198294600F0EC
:108F800023FD00285BDA08F1FF33029301990023E7
:108F90000A22484600F0FCFA0B9B0190002B00F0DF
:108FA0007981002321460A22484600F0F1FA059B08
:108FB000002B044672DC0A9B022B49DC6EE0169BF8
:108FC000C3F1360343E7049B5D1E099BAB420DDBF7
:108FD0005D1B049B002BBFF63BAF049BFE1A0023D6
:108FE00037E700BF0000E03F00002440099B0D9AD6
:108FF0000995EB1A1A440D92049B3E46002528E77A
:10900000099D0B9C3E462DE7DDF804A054E7099A24
:10901000019953E7CDF804A054E74FF0000A7CE72C
:109020009A467AE74FF0000A7BE792D0089A1C3301
:109030001A441F441E4408928BE70346F6E7049B3C
:10904000CDF80880002B23DC05930A9B022B21DD41
:10905000059B002B7FF4B0AD29460522484600F061
:1090600097FA01460546019800F0AEFC00287FF70C
:10907000A3AD009E312306F8013B029B013302930E
:109080009EE535462C46F4E7049DCDF80880F9E7C7
:10909000049B05930B9B002B00F00081002E05DD47
:1090A00021463246484600F021FC0446BAF1000F42
:1090B0005AD06168484600F00BFA064628B9824B40
:1090C000024640F2EF21FFF73EBB226902329200D6
:1090D00004F10C010C30FFF786FA012231464846B4
:1090E00000F004FC0746009B009A03F1010B059B6E
:1090F000134406930E9B03F0010308930BF1FF3317
:10910000294601980493FFF77CFA2146059000F167
:10911000300A019800F058FC3A46804629464846F5
:1091200000F06EFCC268064602BB0146019800F0E2
:109130004BFC024631464846099200F007FADDE949
:10914000092342EA0301089B19435E4610D1BAF194
:10915000390F2BD0B8F1000F02DD059B03F1310A66
:10916000049B83F800A02DE52746BCE70122E1E738
:10917000B8F1000F06DB0A9B48EA0308089B58EA8F
:10918000030820D1002AEBDD01990122484600F0B6
:10919000ADFB2946019000F017FC002803DCDFD16D
:1091A0001AF0010FDCD0BAF1390FD6D1049A392365
:1091B000137033461E46013B16F8012C392A52D053
:1091C00001321A70FEE4002A07DDBAF1390FEDD042
:1091D000049A0AF101031370F4E4069B0BF801AC46
:1091E0005B452AD0019900230A22484600F0D0F9B5
:1091F000BC4201904FF000034FF00A02214648465E
:1092000006D100F0C5F9044607460BF1010B75E7DE
:1092100000F0BEF93946044600230A22484600F011
:10922000B7F90746F1E7059B5E1E002B009BD8BFF0
:1092300000265A1C2746164400240199012248465C
:1092400000F054FB2946019000F0BEFB0028B0DC82
:1092500002D11AF0010FACD133461E4613F8012D8E
:10926000302AFAD0AEE4009A9A42A3D1029B01338D
:1092700002933123AFE7239B002B7FF498AA134B73
:10928000FFF7B7BA0A9B012B7FF72FAEDDF834A0AA
:1092900001204EE6059B002B7FF7D7AE009E01987C
:1092A0002946FFF7AEF900F1300A009B06F801AB42
:1092B000F21A059B9342B6DD019900230A22484623
:1092C00000F066F90190EAE7F8B200087CB2000805
:1092D00038B50546002941D051F8043C0C1F002B3D
:1092E000B8BFE41800F0E8F81D4A136833B96360AA
:1092F00014602846BDE8384000F0E4B8A34208D91D
:10930000206821188B4201BF19685B680918216029
:10931000EDE71A465B680BB1A342FAD91168501801
:10932000A0420BD120680144501883421160E0D163
:1093300018685B68536008441060DAE702D90C23B0
:109340002B60D6E7206821188B4204BF19685B6840
:10935000636004BF091821605460CAE738BD00BFCC
:1093600060130020024B0146186800F025B800BFCA
:109370001800002070B50F4E0C463168054611B933
:1093800000F0A8FE30602146284600F0A3FE431CF2
:1093900003D14FF0FF34204670BDC41C24F00304F9
:1093A000A042F8D0211A284600F094FE0130F2D1F4
:1093B000EFE700BF5C1300202DE9F843CD1C25F03A
:1093C000030508350C2D38BF0C25002D064601DBA2
:1093D000A94204D90C2333600020BDE8F883DFF8EC
:1093E000D48000F069F8D8F800301C4644BB294608
:1093F0003046FFF7BFFF431C044658D1D8F8004061
:109400002746002F43D1002C4BD0236839463046E5
:1094100004EB030900F05EFE814542D121686D1A1C
:1094200029463046FFF7A6FF01303AD023682B4487
:109430002360D8F800305A6862BBC8F800700FE0AB
:109440002268521B20D40B2A17D96119A342256028
:1094500018BF5960636808BFC8F8001062514B60BC
:10946000304600F02FF804F10B00231D20F0070018
:10947000C21A1CBF1B1AA350AFE76268A3420CBFFD
:10948000C8F800205A60EBE723466468AEE73C4624
:109490007F68B6E71A465B68A342FBD1002353609E
:1094A000DEE70C233360304600F00CF894E70560EB
:1094B000D6E700BF601300200148FFF792B800BF55
:1094C000581300200148FFF78DB800BF5813002043
:1094D00070B5C46905460E4684B91020FFF742FFF7
:1094E0000446E86128B90246164B17486B2100F084
:1094F00001FE0023C0E901330360C360E36853B990
:1095000021220421284600F013FEEB69E060DB68AD
:109510000BB9002070BD53F8260030B1026843F843
:1095200026200023C0E90333F4E7012101FA06F401
:10953000621D9200284600F0FBFD0028E9D0C0E93A
:109540000164EEE789B2000809B3000870B5C66986
:1095500005460C4676B91020FFF704FF0246E86185
:1095600020B9094B09488F2100F0C4FDC0E901660C
:109570000660C6603CB1EB696268DB6853F8221094
:10958000216043F8224070BD89B2000809B3000889
:109590002DE9F0410D6907460C461E4601F1140CF9
:1095A0000020DCF8003099B202FB01611E0C0B0CAC
:1095B00002FB063389B2013001EB034185424CF8CE
:1095C000041B4FEA1346ECDC0EB3A368AB4219DC74
:1095D000616838460131FFF77BFF804628B90246B3
:1095E0000C4B0D48BA2100F085FD2269023204F1CE
:1095F0000C0192000C30FEF7F6FF21463846FFF7CB
:10960000A5FF444604EB850301355E6125612046D4
:10961000BDE8F081F8B2000809B30008B0F5803F5A
:10962000034636BF030400201020B3F1807F3CBF07
:109630001B020830B3F1805F3CBF1B010430B3F163
:10964000804F3CBF9B000230002B05DB13F0804FA6
:1096500000F1010008BF202070470368024613F0A4
:1096600007000BD0D90721D4980749BF5B089B0896
:10967000012013605CBF13600220704799B209B9E2
:109680001B0C1020D9B209B908301B0A190704BFF6
:109690001B090430990704BF9B080230D90703D483
:1096A0005B0800F1010003D0136070470020704791
:1096B0002020704710B50C460121FFF709FF024634
:1096C00028B9054B054840F2451100F013FD012370
:1096D0004461036110BD00BFF8B2000809B300087F
:1096E0002DE9F04FD1F81090D2F810A0D14585B0F7
:1096F0008846144604DB53460C46CA4690469946B3
:10970000A36861680AEB0906B342B8BF0131FFF7ED
:10971000DFFE30B90246454B45484FF4B17100F0C9
:10972000E9FC00F1140505EB86072B460022BB423D
:109730001FD304F1140C08F114010CEB8A0301EBA4
:10974000890202921A1B153A22F0030215349C4238
:1097500088BF00220192029A03918A420CD8002EFF
:1097600003DD57F8043D002B5DD0066105B0BDE870
:10977000F08F43F8042BDAE7B1F800A0BAF1000F3C
:1097800024D0E046A9464FF0000E58F8042BD9F833
:1097900000401FFA82FBA4B20AFB0B444FEA124BB3
:1097A000D9F8002074444FEA124E0AFB0BE202EB98
:1097B0001442A4B244EA0244434549F8044B4FEA38
:1097C000124EE2D8019AAA18C2F804E0039AB2F83D
:1097D00002800431B8F1000F23D02A68E646914692
:1097E000AA464FF0000BBEF8004008FB04B404EB9F
:1097F000194492B242EA04424AF8042B5EF8042B60
:10980000DAF800904FEA124B1FFA89F208FB0B229C
:1098100002EB144273454FEA124BE4D8019C2C1919
:109820006260043597E7013E99E700BFF8B200088F
:1098300009B300082DE9F843174612F003028046E9
:109840000D4607D0264C013A002354F82220FFF79A
:109850009FFE0546BF103FD0D8F81C4094B9102099
:10986000FFF780FD0446C8F81C0030B902461D4BC6
:109870001D4840F2B31100F03DFC0023C0E9013364
:109880000360C360A66846B940F271214046FFF705
:1098900011FF0023A060064603602C464FF000092C
:1098A00007F001037F1053B1294632464046FFF7C7
:1098B00017FF214605464046FFF748FE67B130686E
:1098C00038B9324631464046FFF70AFF3060C0F8EB
:1098D000009006462C46E3E72846BDE8F88300BF23
:1098E000BCB3000889B2000809B300082DE9F84F9D
:1098F0000C464968236903EB6218A36807461546BE
:109900004FEA621A08F101094B450BDB3846FFF7B5
:10991000DFFD064648B90246294B2A484FF4EF714D
:1099200000F0E8FB01315B00EEE7002300F1140CCE
:1099300000F110021946534535DB22692AEAEA7A1A
:109940000CEB8A0C04F1140315F01F0E614603EBB7
:1099500082022CD0CEF1200A002518688B4600FA2E
:109960000EF02843CBF8000053F8045B9A4201F153
:10997000040125FA0AF5F0D8131B153B23F0030365
:1099800004F115018A4238BF00239C44CCF80450EE
:1099900005B9C1463846C6F810902146FFF7D6FDF6
:1099A0003046BDE8F88F42F8041F0133C3E753F88F
:1099B000045B0D609A4201F10401F8D8E9E700BFA9
:1099C000F8B2000809B300080A6903460069801A62
:1099D00030B50ED11433143103EB820401EB820154
:1099E00054F8045D51F8042D954203D005D24FF090
:1099F000FF3030BDA342F3D3FBE70120F9E70000BD
:109A00002DE9F74F8A460646114650461446FFF7A1
:109A1000DBFF051E12D129463046FFF759FD0246ED
:109A200028B9414B40F23721404800F063FB012345
:109A3000C0E90435104603B0BDE8F08FBCBF534603
:109A4000A2463046DAF80410BABF1C4601250025AC
:109A5000FFF73EFD024618B9334B40F24521E3E7DC
:109A6000DAF810702669C5600AF1140904F1140EC1
:109A700000F114050AF1100309EB87080EEB8606C6
:109A80000193AB464FF0000C019B5EF8040B53F8BA
:109A900004AF01931FFA8AF3194683B2CB1A000C64
:109AA0006344C0EB1A4000EB23409BB243EA0043FF
:109AB00076454BF8043B4FEA204CE5D8331B153B69
:109AC000153423F00303A64238BF0023E8184B44A3
:109AD0001C1D04302646A5EB0905464506EB050E80
:109AE0000ED308F10301091B21F00301013398454E
:109AF00038BF0021014451F8043D9BB1176199E73B
:109B000056F8041BE2464FEA11491CFA81FC514405
:109B100009EB2C4989B241EA09414FEA294CCEF8B8
:109B20000010DAE7013FE6E7F8B2000809B30008E1
:109B30002DE9F7430F46012159EC108B1646FFF72C
:109B4000C7FC044630B90246234B244840F20F318B
:109B500000F0D0FAC9F30A55C9F313030DB143F469
:109B600080130193B8F1000323D068460093FFF7F8
:109B700074FD0099D8B1019AC0F1200302FA03F3F1
:109B80000B43C24063610192019BA361002B0CBF98
:109B9000012202222261A5B1A5F2334505443D60B0
:109BA000C0F135003060204603B0BDE8F08361614C
:109BB000EAE701A8FFF751FD019B63612030012214
:109BC000E8E704EB8203A0F2324038601869FFF73F
:109BD00025FDC0EB4210E5E7F8B2000809B3000824
:109BE0009368013B002B10B4936008DA9469A34298
:109BF00001DB0A2903D15DF8044B00F0D9B91368E1
:109C0000581C1060197008465DF8044B7047F8B591
:109C100006460F461446D518AC4201D1002007E095
:109C200014F8011B3A463046FFF7DAFF431CF3D124
:109C3000F8BD00002DE9F0470D469CB014461F46C4
:109C4000064618B1036A0BB9FEF7C2FB6B6ED90763
:109C500005D4AB899A0502D4A86DFEF7C2FCAB8986
:109C60001B0701D52B699BB92946304600F0DEF968
:109C700070B16B6EDC0704D54FF0FF301CB0BDE84F
:109C8000F087AB899805F7D4A86DFEF7ABFCF3E736
:109C90000023099320238DF82930039730236A4F3E
:109CA0008DF82A304FF001082346994613F8012B0E
:109CB0000AB1252AF9D1B9EB040A0BD05346224642
:109CC00029463046FFF7A3FF013000F0A480099A2F
:109CD0005244099299F80030002B00F09C80002338
:109CE0004FF0FF32CDE9052309F1010904930793F1
:109CF0008DF853301A934C46534814F8011B052233
:109D0000F6F766FA049BD0B9D90644BF20228DF835
:109D100053201A0744BF2B228DF8532099F80020B6
:109D20002A2A13D0079A4C4600204FF00A0C2146ED
:109D300011F8013B303B092B49D968B913E0C01B2E
:109D400008FA00F018430490A146D4E7039A111DC5
:109D500012680391002A01DB079204E0524243F0AB
:109D600002030792049323782E2B0AD163782A2BBF
:109D700032D1039B1A1D1B68039243EAE37302343A
:109D80000593DFF8D490217803224846F6F720FAAD
:109D900038B1049BA0EB09004022824013430134F8
:109DA000049314F8011B29488DF828100622F6F7B1
:109DB0000FFA00283ED0264818BB039B073323F038
:109DC000070308330393099B034409936CE70CFBD7
:109DD00002320C460120AAE70023013405931946FC
:109DE0004FF00A0C204610F8012B303A092A03D90B
:109DF000002BC6D00591C4E70CFB012104460123CA
:109E0000F0E703AB00932A46124B04A93046FDF756
:109E100095FE431CD7D16B6ED90705D4AB899A0543
:109E200002D4A86DFEF7DEFBAB895B063FF524AFDD
:109E3000099823E703AB00932A46064B04A9304652
:109E4000FEF712F9E5E700BF62B300086CB3000843
:109E50003D7B00080F9C000868B30008B1F90C2096
:109E60002DE9F041160705460C4651D44B68002BEE
:109E700002DC0B6C002B49DDE66A002E46D0002385
:109E800012F480522F682B6031D0626DA38959077C
:109E900005D56368D21A636B0BB1236CD21A002309
:109EA000E66A216A2846B047421CB4F90C3006D154
:109EB00029681D2946D8294ACA40D60742D500221A
:109EC0006260D9042269226004D5421C01D12B684A
:109ED00003B96065616B2F60C1B104F1440399421D
:109EE00002D02846FFF7F4F9002363630EE0216AED
:109EF00001232846B0470246501CC7D12B68002BCF
:109F0000C4D01D2B01D0162B1AD12F6000201EE0CB
:109F10000F69002FFAD093070E6808BF4B690F60D6
:109F200018BF0023A6EB07088B60B8F1000FEDDD2A
:109F3000216AA66A43463A462846B047002808DC0C
:109F4000B4F90C3043F04003A3814FF0FF30BDE87B
:109F5000F0810744A8EB0008E7E700BF01004020BC
:109F600038B50B6905460C4613B90025284638BD9F
:109F700018B1036A0BB9FEF72BFAB4F90C30002BB9
:109F8000F3D0626ED00704D4990502D4A06DFEF719
:109F900028FB28462146FFF761FF636EDA07054676
:109FA000E4D4A3899B05E1D4A06DFEF71BFBDDE79C
:109FB000F8B50E461446054618B1036A0BB9FEF70C
:109FC00007FAA369A360A3891A0701D5236943B9D6
:109FD0002146284600F02AF818B14FF0FF373846DE
:109FE000F8BD23682269981A6369F6B2834237463E
:109FF00005DC21462846FFF7B3FF0028EDD1A36812
:10A00000013BA36023685A1C22601E706269431CD6
:10A010009A4204D0A389DB07E1D50A2EDFD121467D
:10A020002846FFF79DFF0028D9D0D6E738B5284B42
:10A03000054618680C4618B1036A0BB9FEF7C8F953
:10A04000B4F90C301A0721D4D80607D409222A60A3
:10A0500043F04003A3814FF0FF3030E0590712D5A1
:10A06000616B41B104F14403994202D02846FFF7E5
:10A070002FF9002363630022B4F90C306260226977
:10A08000226023F0240343F00803A38122693AB934
:10A090009A0501D5180603D52146284600F0B2F8E6
:10A0A000B4F90C3013F001020AD00022A2606269F8
:10A0B0005242A261226942B913F08000C8D138BD72
:10A0C000990758BF6269A260F4E70020F7E700BF74
:10A0D0001800002038B5064D0023044608462B60C2
:10A0E000F7F7F6FB431C02D12B6803B1236038BDA0
:10A0F000541300201FB514461A46094B1B68054629
:10A10000D8684CB1074B0091CDE9013406492B4684
:10A1100000F042F800F0D2F8044B1C46F3E700BF11
:10A12000180000207DB300088AB30008B8B3000807
:10A1300070B5A1FB025434B92946FFF73DF9064634
:10A1400028B9304670BD0C2202600026F9E72A4685
:10A150002146FEF7C9F9F4E782B001B901A942B17D
:10A160004BB113780B601278101E18BF012002B09B
:10A1700070471046FBE76FF00100F8E7034608461A
:10A1800041B1FF2A04D98A221A604FF0FF3070478C
:10A190000A700120704700000EB403B5014603ABFE
:10A1A000054853F8042B00680193FFF743FD02B004
:10A1B0005DF804EB03B070471800002070B50C4642
:10A1C000B1F90E10002996B015461E460ADAA1898B
:10A1D00011F0800113D14FF48062002031602A60B9
:10A1E00016B070BD6A4600F047F80028EFDB019911
:10A1F00001F47041A1F5005359425941EBE70021A8
:10A200004022EAE78B8973B59E0705460C4607D5C1
:10A2100004F14703236023610123636102B070BD31
:10A2200001AB6A46FFF7CAFF009E28463146FFF79A
:10A23000C3F8B4F90C3038B99A05EFD423F003030E
:10A2400043F00203A381E3E743F08003A381019B72
:10A250002060C4E90406002BE0D0B4F90E102846B3
:10A2600000F01CF80028D9D0A38923F0030343F0A1
:10A270000103A381D2E7000038B5074D002304464F
:10A28000084611462B60F7F7FAFA431C02D12B68F7
:10A2900003B1236038BD00BF5413002038B5064D0C
:10A2A0000023044608462B60F7F7F9FA431C02D155
:10A2B0002B6803B1236038BD5413002008B5062075
:10A2C00000F02CF80120F7F7A6FA1F2938B505464B
:10A2D0000C4604D9162303604FF0FF3038BDC26B23
:10A2E00012B152F821304BB9284600F031F822461D
:10A2F00001462846BDE8384000F018B8012B0AD0C6
:10A30000591C03D1162303600120E7E7002142F81E
:10A310002410204698470020E0E70000024B014649
:10A320001868FFF7D2BF00BF1800002038B5074DEE
:10A3300000230446084611462B60F7F75CFA431CDD
:10A3400002D12B6803B1236038BD00BF5413002035
:10A35000F7F749BA38B52DED028B55EC104B00F0EC
:10A36000CBF822462B4620462946B0EE408AF0EE36
:10A37000608AF6F7DBFB30B900220023204629462D
:10A38000F6F7ACFB30B9B0EE480AF0EE680ABDEC67
:10A39000028B38BDFEF7FAF800220023212101606C
:10A3A00010461946F6F752FA41EC180BB0EE480A7F
:10A3B000F0EE680ABDEC028B38BD00BF08B52DED8C
:10A3C000028BB0EE408A00F093F9F0EE408AB0EED6
:10A3D000480A00F081F868B1DFED127AB4EEE78A3E
:10A3E000F1EE10FA0BDCDFED107AB4EEE78AF1EE55
:10A3F00010FA0FD4B0EE680ABDEC028B08BDDFED99
:10A400000B8AFEF7C3F8B0EE680ABDEC028B22237C
:10A41000036008BDFEF7BAF82223DFED058A03606A
:10A42000E8E700BF1772B142B5F1CFC20000807FEC
:10A430000000000008B52DED028BB0EE408A00F060
:10A440004BFAB4EE488AF1EE10FA0FD6B5EEC08A98
:10A45000F1EE10FA0ADCB5EE408AF1EE10FA08D1FE
:10A46000FEF794F822239FED090A0360BDEC028BEE
:10A4700008BDFEF78BF8BDEC028B034621221A6063
:10A480000348BDE8084000F031B800BF000080FF7D
:10A49000BCB5000808B52DED028BB0EE408A00F087
:10A4A00023F9B4EE488AF1EE10FA06D6DFED098AF8
:10A4B000B4EEE88AF1EE10FA02D4BDEC028B08BDCE
:10A4C000FEF764F888EEA80ABDEC028B2123036036
:10A4D00008BD00BF0000000010EE103A23F000405D
:10A4E000B0F1FF4F2CBF0020012070479FED010A03
:10A4F000704700BF0000C07F2DE9F84F774955EC49
:10A50000104BA94300F0AE80002D2A46234655DDAE
:10A510002C1562D0C2F31302E107A4F2FF3742F414
:10A52000801203D4520002EBD3725B00520000266B
:10A5300002EBD3727F105B001624B4464FF4001177
:10A540000CEB010090424FEAD3754FEA430303DC62
:10A5500000EB010C121A0E44013C05EB42024FEADB
:10A560005101EDD1A04620254FF000400AE043D034
:10A57000510001EBD371013D0A464FEA43034FEA14
:10A58000500045D0624500EB080EF0DDBEF1000F33
:10A590000EEB00080CDBE146A2EB0C019E4588BFE8
:10A5A00001F1FF314900CC46A3EB0E030444E0E780
:10A5B000B8F1000FEFDB0CF10109EDE725F00041E8
:10A5C000214346D0002D74D1D90A153A5B050029E4
:10A5D000FAD0CE0214467DD40A4600215200D5029C
:10A5E000084601F10101F9D5C1F1200523FA05F56D
:10A5F0002A438B40241A8DE79E4502D94FEA4C012D
:10A60000B7E7BEF1000F0EEB000824DB0021CBE71B
:10A61000194312D0DFF8C8A0DFF8C8B0DAE90001AA
:10A62000DBE90023F5F730FEDAE9008902460B4644
:10A6300040464946F6F75CFA10BB6508711001F117
:10A640007F5101F5001101EB075345EAC67243EC57
:10A65000102BBDE8F88FB8F1000FD7DB0CF1010C1F
:10A660000021A1E722462B4620462946F5F7C4FFE4
:10A6700022462B46F5F70AFE41EC100BBDE8F88F99
:10A68000B4F1FF3FDAE90001DBE900231ED0F5F762
:10A69000FDFDDAE9008902460B4640464946F6F7D9
:10A6A0001DFAA8B1A31C04F1020508BF01366D080C
:10A6B000C4E722462B4620462946F5F7E5FD02462B
:10A6C0000B46F6F7C3F841EC100BC2E70136B5E7CD
:10A6D0000134B2E74FF0FF300A468BE70000F07F0D
:10A6E000C8B50008C0B50008B1EEC00A704700BF89
:10A6F00010EE103A23F00042B2F1FF4F56D84FEA65
:10A70000D37100F095806248834200F38780002B6C
:10A71000C0F287805F4B9A424BD95F4B9A4200F25E
:10A720009A805E4B5E4A03EB8103D3ED004A02EB55
:10A73000810281F0010370EE644AD2ED007A5B1A67
:10A7400034EEE70ADFED576A9FED575ADFED575AAF
:10A750009FED576A20EE007AA7EE265ADFED556A84
:10A76000E5EE075AE5EE876AA6EE876AF0EE406AE4
:10A77000E6EE476A20EE266A002B42D0B0EE007A61
:10A7800037EE667AB7EE000AC6EE076A13F17D0F60
:10A7900077EEE67A77EEE47A30EE670A4FDB10EE7A
:10A7A000102A02EBC35300EE103A704730EE000A55
:10A7B0007047B2F1505F0AD2DFED3F7A70EE277A30
:10A7C000B7EE007AF4EEC77AF1EE10FA5DDC60EED7
:10A7D000007A9FED347ADFED345A9FED346ADFED75
:10A7E000356AE7EE875A9FED327AA7EEA56AE7EE63
:10A7F000866AA7EEA67AF0EE406AE7EEC76A20EE18
:10A80000266AF0EE007A76EEE76AB7EE007AC6EED8
:10A81000267A77EEC07A37EE670A7047002000F09C
:10A8200079B9264B9A427FF675AF002000F06CB9DB
:10A83000DFED237A002918BFB0EE670A704710EEEB
:10A84000102A643302EBC353DFED1E7A00EE103A98
:10A8500020EE270A70471C4B9FED1C7ADFED1C6A27
:10A8600003EB8103D3ED007AE0EE077A9FED197ACE
:10A87000FDEEE77AF0EE404A17EE903AF8EEE77A0E
:10A88000E7EEE64A67EE877A5AE730EE070A704746
:10A890001772B1421872B13E9115853FD8B50008C4
:10A8A000D0B500084CBB31330EEADDB555B38A385C
:10A8B000ABAA2A3E610B36BBCAF24971B5F1CF4251
:10A8C000000000000000800DE0B500083BAAB83F82
:10A8D0008071313FD1F7173710EE102A32F0004364
:10A8E0002FD0002A134633DBB2F1FF4F40DAB2F526
:10A8F000000F34DB4FF0000C6448C3F3160108442A
:10A9000000F4000282F07E520A43DB1500EE102AAA
:10A910007F3B5F4A634401F10F0CF7EE007A0CEACB
:10A92000020230EE670A03EBD05322BBB5EE400AB9
:10A93000F1EE10FA62D1002B40F090809FED550AA5
:10A9400070479FED557ADFED537A87EE270A7047FF
:10A9500070EE407A9FED4F7A87EE870A7047DFED01
:10A960004F7A60EE277A6FF0180C17EE903AC3E733
:10A9700030EE000A7047F0EE007A70EE277A07EEAC
:10A98000103A80EE274A4648C1F55712084402F5AE
:10A9900022720243002A9FED433ADFED434ADFED86
:10A9A000435ADFED433A9FED435ADFED437ADFED43
:10A9B000436A24EE046AF8EEC72A26EE067AE7EE2A
:10A9C000034AA7EE235AE4EE875AE5EE076AE5EE5E
:10A9D000877A67EE867AE6EE877A2ADDB6EE007A27
:10A9E00020EE077A27EE007A77EE877A67EE847A90
:10A9F0003BBB37EE677A30EE470A70479FED307AFF
:10AA0000F6EE007AE0EE477A20EE007A27EE277A1B
:10AA1000002BF0D007EE903A9FED2A6ADFED2A6A0C
:10AA2000F8EEE77AA7EEC67A37EE400A97EEA60A66
:10AA3000704770EE677A67EE847AE3B930EE670AA2
:10AA400070479FED206ADFED206AE2EE867A37EEEE
:10AA5000677A37EE400A92EEA60A704707EE903A00
:10AA60009FED180A9FED187AF8EEE77A27EE800A34
:10AA7000A7EE870A7047DFED136A9FED137AE2EEC7
:10AA8000E67A37EEC00A92EE870A704720FB4A004A
:10AA9000F0FF7F0000000000000000CC0000004C30
:10AAA000305CCFFF9788173E25333A3E2549923ECA
:10AAB0004FD01C3E298E633EABAA2A3FCDCCCC3E64
:10AAC000ABAAAA3ED1F717378071313F10B52DEDF3
:10AAD000028BB0EE408A0446FDF758FDB0EE480AFE
:10AAE000BDEC028B046010BD30B1F1EE407A27EE70
:10AAF000800A2220FFF7EABFF0EE407A27EE800AB4
:10AB00002220FFF7E3BF00BF9FED010AFFF7ECBF74
:10AB1000000000109FED010AFFF7E6BF0000007083
:10AB2000F8B500BFF8BC08BC9E467047F8B500BF3A
:08AB3000F8BC08BC9E4670470A
:10AB3800436C617373204944203D202564200D0A2D
:10AB480000000000000000000000000001020304F3
:10AB5800060708090000000001020304A08601009E
:10AB6800400D0300801A060000350C0040420F001B
:10AB780080841E0000093D0000127A000024F400C1
:10AB880000366E010048E801006CDC026CAD00087C
:10AB980000AD000880000000030000000000000075
:10ABA8005B60B93DC818F1BCF1EE923D9F999E3D9E
:10ABB800C43AD7BDC2A91D3C9F999E3D7D46BB3D69
:10ABC800E7576E3D25BFBB3D23D52CBDE0E607BC4E
:10ABD800837DCEBDD1886E3D17E45ABCF4F8BEBB68
:10ABE80029B5CB3D7F069F3DA6B6C43D7485D33DB0
:10ABF800F6B8AEBD27BD9E3D043B6F3DDE999F3D37
:10AC08000DFED73D25BE423C000000003E884EBDEB
:10AC1800725853BE128B01BC92BCAABCD9DBAF3DA3
:10AC2800BF789ABE92BCAABCF84EB7BD447D823D9F
:10AC3800713361BD0E700C3BBA115CBD9B029E3D29
:10AC4800C1A7813DD8AA55BD9EE9A5BECF172EBE86
:10AC580060577EBBE67599BD7068D2BD28847CBC00
:10AC6800524051BB85E9803DEEACACBB17A45FBE3A
:10AC780012EE703D000000005B8D51BD7C46313EF8
:10AC8800D985333D4789ADBD833D243D58B1AC3EA0
:10AC98004789ADBD0EA9633CA45CB13B145498BD73
:10ACA800C34D143C512A8C3DB4FB963C2D38F63BE1
:10ACB8003A37763DCDC0AE3E18D7B33DC227D0BD9A
:10ACC8009C09DDBC2EB72ABDBE3ED83DB66DCEBDB3
:10ACD8002CBA0A3C8791D3BD05EBD63C788E42BD91
:10ACE80000000000135317BC1B000000F7AFEEBEB6
:10ACF800360000001DAEDCBE0000000045E5A141A5
:10AD0800202F193F622A36407ECC1E4163CAC840B4
:10AD18003A8C083F7ECC1E416CB0C040DD3589427C
:10AD2800E7E7CE43D988A9418BE26A3FB4B6284108
:10AD3800280D0942AF674840221D063F6B42294053
:10AD480045FBA63D389872401FB103426A09254069
:10AD58005C43A83D6CB6963A0672A43D60205B3F02
:10AD68006136904100000000E9C16241C8E3F34246
:10AD7800C525E03F71CE00433769EB428B31F44281
:10AD880071CE0043AD58FC42F09E2B42DF8F9143B9
:10AD9800AB2AA741D5F9023EA544E5425B50AB4139
:10ADA8003400BB3FB004F442539EF7424C22873F25
:10ADB8004BE22940E40FBB4118A8F0423F30873FDF
:10ADC8008B17803FB806873FD463C13FAB2A2D421B
:10ADD800000000000000803F2FFB483D0FB17F3F7F
:10ADE80036BDC83D6DC47E3F8340163EAC3A7D3FBC
:10ADF800C2C5473EBE147B3FCCCF783EF853783F60
:10AE080031A0943E0BFA743FD47CAC3E0809713FE4
:10AE180015EFC33E5E836C3F80E8DA3ED86B673F30
:10AE2800EA5AF13E98C5613F3D9C033F1A945B3F47
:10AE3800DA390E3F31DB543FC07F183F029F4D3F48
:10AE48009967223F03E4453F4AEB2B3FF9AE3D3F6C
:10AE5800F304353FF304353FF9AE3D3F4AEB2B3F52
:10AE680003E4453F9967223F029F4D3FC07F183F4B
:10AE780031DB543FDA390E3F1A945B3F3D9C033F68
:10AE880098C5613FEA5AF13ED86B673F80E8DA3EE1
:10AE98005E836C3F15EFC33E0809713FD47CAC3E1E
:10AEA8000BFA743F31A0943EF853783FCCCF783EEC
:10AEB800BE147B3FC2C5473EAC3A7D3F8340163E39
:10AEC8006DC47E3F36BDC83D0FB17F3F2FFB483D67
:10AED8000000803F000000000FB17F3F2FFB48BDFE
:10AEE8006DC47E3F36BDC8BDAC3A7D3F834016BEBB
:10AEF800BE147B3FC2C547BEF853783FCCCF78BE5F
:10AF08000BFA743F31A094BE0809713FD47CACBEE3
:10AF18005E836C3F15EFC3BED86B673F80E8DABE2F
:10AF280098C5613FEA5AF1BE1A945B3F3D9C03BF46
:10AF380031DB543FDA390EBF029F4D3FC07F18BF47
:10AF480003E4453F996722BFF9AE3D3F4AEB2BBF6B
:10AF5800F304353FF30435BF4AEB2B3FF9AE3DBF51
:10AF68009967223F03E445BFC07F183F029F4DBF4A
:10AF7800DA390E3F31DB54BF3D9C033F1A945BBF67
:10AF8800EA5AF13E98C561BF80E8DA3ED86B67BFE0
:10AF980015EFC33E5E836CBFD47CAC3E080971BF1D
:10AFA80031A0943E0BFA74BFCCCF783EF85378BFEB
:10AFB800C2C5473EBE147BBF8340163EAC3A7DBF38
:10AFC80036BDC83D6DC47EBF2FFB483D0FB17FBF66
:10AFD80008004000100080001800C0002000000198
:10AFE80028004001300080013800C001500088006E
:10AFF8005800C80060000801680048017000880116
:10B008007800C8019800D000A0001001A8005001E5
:10B01800B0009001B800D001E0001801E800580124
:10B02800F0009801F800D801280160013001A00162
:10B038003801E0017001A8017801E801B801F001C8
:10B048000000803F000000006DC47E3F36BDC83D53
:10B05800BE147B3FC2C5473E0BFA743F31A0943EF5
:10B068005E836C3F15EFC33E98C5613FEA5AF13ED7
:10B0780031DB543FDA390E3F03E4453F9967223FFD
:10B08800F304353FF304353F9967223F03E4453F16
:10B09800DA390E3F31DB543FEA5AF13E98C5613F39
:10B0A80015EFC33E5E836C3F31A0943E0BFA743FAC
:10B0B800C2C5473EBE147B3F36BDC83D6DC47E3F0A
:10B0C800000000000000803F36BDC8BD6DC47E3F53
:10B0D800C2C547BEBE147B3F31A094BE0BFA743F75
:10B0E80015EFC3BE5E836C3FEA5AF1BE98C5613F57
:10B0F800DA390EBF31DB543F996722BF03E4453F7D
:10B10800F30435BFF304353F03E445BF9967223F95
:10B1180031DB54BFDA390E3F98C561BFEA5AF13EB8
:10B128005E836CBF15EFC33E0BFA74BF31A0943E2B
:10B13800BE147BBFC2C5473E6DC47EBF36BDC83D89
:10B14800000080BF000000006DC47EBF36BDC8BDD2
:10B15800BE147BBFC2C547BE0BFA74BF31A094BEF4
:10B168005E836CBF15EFC3BE98C561BFEA5AF1BED6
:10B1780031DB54BFDA390EBF03E445BF996722BFFC
:10B18800F30435BFF30435BF996722BF03E445BF15
:10B19800DA390EBF31DB54BFEA5AF1BE98C561BF38
:10B1A80015EFC3BE5E836CBF31A094BE0BFA74BFAB
:10B1B800C2C547BEBE147BBF36BDC8BD6DC47EBF09
:10B1C80000000080000080BF36BDC83D6DC47EBF52
:10B1D800C2C5473EBE147BBF31A0943E0BFA74BF74
:10B1E80015EFC33E5E836CBFEA5AF13E98C561BF56
:10B1F800DA390E3F31DB54BF9967223F03E445BF7C
:10B20800F304353FF30435BF03E4453F996722BF94
:10B2180031DB543FDA390EBF98C5613FEA5AF1BEB7
:10B228005E836C3F15EFC3BE0BFA743F31A094BE2A
:10B23800BE147B3FC2C547BE6DC47E3F36BDC8BD88
:10B24800494E4600696E66004E414E006E616E00C2
:10B25800300030313233343536373839414243449F
:10B268004546003031323334353637383961626318
:10B2780064656600496E66696E697479004E614E50
:10B28800005245454E54206D616C6C6F6320737598
:10B2980063636565646564002F6275696C642F6714
:10B2A8006E752D746F6F6C732D666F722D73746D60
:10B2B80033325F31342E332E72656C312E32303298
:10B2C80035313032372D303730302F7372632F6E6F
:10B2D80065776C69622F6E65776C69622F6C69623D
:10B2E800632F7374646C69622F64746F612E6300DA
:10B2F80042616C6C6F632073756363656564656434
:10B30800002F6275696C642F676E752D746F6F6C92
:10B31800732D666F722D73746D33325F31342E3333
:10B328002E72656C312E32303235313032372D3055
:10B338003730302F7372632F6E65776C69622F6EAA
:10B3480065776C69622F6C6962632F7374646C69CA
:10B35800622F6D707265632E6300232D302B2000E1
:10B36800686C4C00656667454647004300504F537C
:10B378004958002E002C2066756E6374696F6E3A0A
:10B388002000617373657274696F6E2022257322C1
:10B39800206661696C65643A2066696C65202225BF
:10B3A80073222C206C696E65202564257325730A29
:10B3B8000000000005000000190000007D000000EA
:10B3C8000080E03779C34143176E05B5B5B8934699
:10B3D800F5F93FE9034F384D321D30F94877825A65
:10B3E8003CBF737FDD4F1575000000000000F03F83
:10B3F8000000000000002440000000000000594048
:10B408000000000000408F40000000000088C3409A
:10B4180000000000006AF8400000000080842E410F
:10B4280000000000D01263410000000084D797415B
:10B438000000000065CDCD41000000205FA0024261
:10B44800000000E876483742000000A2941A6D42D6
:10B45800000040E59C30A2420000901EC4BCD642C9
:10B4680000003426F56B0C430080E03779C3414374
:10B4780000A0D8855734764300C84E676DC1AB43EA
:10B48800003D9160E458E143408CB5781DAF154408
:10B4980050EFE2D6E41A4B4492D54D06CFF08044E3
:10B4A800F64AE1C7022DB544B49DD9794378EA44F8
:10B4B800002020202020202020202828282828207C
:10B4C8002020202020202020202020202020202074
:10B4D80020881010101010101010101010101010DC
:10B4E80010040404040404040404041010101010CC
:10B4F8001010414141414141010101010101010196
:10B5080001010101010101010101010110101010E7
:10B518001010424242424242020202020202020267
:10B5280002020202020202020202020210101010BB
:10B5380020000000000000000000000000000000E3
:10B5480000000000000000000000000000000000F3
:10B5580000000000000000000000000000000000E3
:10B5680000000000000000000000000000000000D3
:10B5780000000000000000000000000000000000C3
:10B5880000000000000000000000000000000000B3
:10B5980000000000000000000000000000000000A3
:10B5A8000000000000000000000000000000000093
:10B5B800000000000000000059F3F8C21F6EA5014A
:10B5C800000000000000F03FD1F71737D1F717B798
:10B5D8008071313F807131BF0000003F000000BF23
:08B5E800E84BFF7F01000000A9
:04B5F000B501000899
:04B5F40091010008B9
:10B5F80000093D00100000000100000000000000EC
:10B6080003000000181200201C00002000000000A9
:10B618001812002080120020E8120020000000000C
:10B628000000000000000000000000000000000012
:10B638000000000000000000000000000000000002
:10B6480000000000000000000000000000000000F2
:10B65800000000000000000043000000000000009F
:10B6680000000000000000000000000000000000D2
:10B67800000000000000000043000000000000007F
:10B6880000000000000000000000000000000000B2
:10B69800000000000000000043000000000000005F
:10B6A8000000000000000000000000000000000092
:10B6B800000000000000000043000000000000003F
:10B6C8000000000000000000000000000000000072
:10B6D800000000000000000043000000000000001F
:10B6E8000000000000000000000000000000000052
:10B6F80000000000000000004300000000000000FF
:10B708000000000000000000000000000000000031
:10B7180000000000000000004300000000000000DE
:10B728000000000000000000000000000000000011
:10B7380000000000000000007DA1000859A10008D9
:10B7480000000000B8B400087BB30008B8B30008D4
:10B75800B8B30008B8B30008B8B30008B8B3000815
:10B76800B8B30008B8B30008B8B30008B8B3000805
:10B77800FFFFFFFFFFFFFFFFFFFFFFFFFFFF0000CF
:10B788000100415343494900000000000000000047
:10B7980000000000000000000000000000000000A1
:10B7A8000000415343494900000000000000000028
:10B7B8000000000000000000000000000000000081
:04B7C800000000007D
:040000050800193D99
:00000001FF
