:020000040800F2
:100000000080012095180008D1160008D9160008B4
:10001000E1160008E9160008F116000800000000CB
:10002000000000000000000000000000F9160008B9
:100030000717000800000000151700082317000824
:10004000E5180008E5180008E5180008E51800089C
:10005000E5180008E5180008E5180008E51800088C
:10006000E5180008E5180008E5180008E51800087C
:10007000E5180008E5180008E5180008E51800086C
:10008000E5180008E5180008E5180008E51800085C
:10009000E5180008E5180008E5180008E51800084C
:1000A000E5180008E5180008E5180008E51800083C
:1000B000E5180008E5180008E5180008E51800082C
:1000C000E5180008E5180008E5180008E51800081C
:1000D000E5180008E5180008E5180008E51800080C
:1000E0002F170008E5180008E5180008E5180008B3
:1000F000E5180008E5180008E5180008E5180008EC
:10010000E5180008E5180008E5180008E5180008DB
:10011000E5180008E5180008E5180008E5180008CB
:10012000E5180008E5180008E5180008E5180008BB
:10013000E5180008E5180008E5180008E5180008AB
:10014000E5180008E5180008E5180008E51800089B
:10015000E5180008E5180008E5180008E51800088B
:10016000E5180008E5180008E5180008E51800087B
:10017000E5180008E5180008000000000000000075
:08018000E5180008E51800086D
:1001900010B5054C237833B9044B13B10448AFF3C1
:1001A00000800123237010BDD40100200000000056
:1001B0008089000808B5034B1BB103490348AFF31E
:1001C000008008BD00000000D801002080890008E0
:1001D00001F0FF01102A2BDB10F0070F08D010F8F8
:1001E000013B013A8B422DD010F0070F42B3F6D1FC
:1001F000F0B441EA012141EA014122F007047FF015
:1002000000070023F0E80256083C85EA010586EA6B
:10021000010685FA47F5A3FA87F586FA47F6A5FAA7
:1002200087F68EB9EED1F0BC01F0FF0102F00702B3
:1002300032B110F8013B013A83EA010313B1F8D15E
:100240000020704701387047002D06BF354603383F
:10025000073815F0010F07D1013015F4807F02BF78
:10026000013015F4C03F0130F0BC0138704700BFC9
:10027000034613F8012B002AFBD1181A01387047E6
:1002800081F0004102E000BF83F0004330B54FEA47
:1002900041044FEA430594EA050F08BF90EA020FB4
:1002A0001FBF54EA000C55EA020C7FEA645C7FEA47
:1002B000655C00F0E2804FEA5454D4EB5555B8BF6A
:1002C0006D420CDD2C4480EA020281EA030382EADB
:1002D000000083EA010180EA020281EA0303362D6D
:1002E00088BF30BD11F0004F4FEA01314FF4801C40
:1002F0004CEA113102D0404261EB410113F0004F52
:100300004FEA03334CEA133302D0524263EB430308
:1003100094EA050F00F0A780A4F10104D5F1200EA6
:100320000DDB02FA0EFC22FA05F2801841F1000101
:1003300003FA0EF2801843FA05F359410EE0A5F1D5
:1003400020050EF1200E012A03FA0EFC28BF4CF006
:10035000020C43FA05F3C01851EBE37101F00045BC
:1003600007D54FF0000EDCF1000C7EEB00006EEBC9
:100370000101B1F5801F1BD3B1F5001F0CD3490853
:100380005FEA30004FEA3C0C04F101044FEA4452AA
:1003900012F5800F80F09A80BCF1004F08BF5FEA31
:1003A000500C50F1000041EB045141EA050130BD11
:1003B0005FEA4C0C404141EB0101013C28BFB1F523
:1003C000801FE9D291F0000F04BF01460020B1FA6E
:1003D00081F308BF2033A3F10B03B3F120020CDA41
:1003E0000C3208DD02F1140CC2F10C0201FA0CF01F
:1003F00021FA02F10CE002F11402D8BFC2F1200C84
:1004000001FA02F120FA0CFCDCBF41EA0C01904039
:10041000E41AA2BF01EB0451294330BD6FEA040482
:100420001F3C1CDA0C340EDC04F11404C4F120026D
:1004300020FA04F001FA02F340EA030021FA04F37F
:1004400045EA030130BDC4F10C04C4F1200220FAD6
:1004500002F001FA04F340EA0300294630BD21FA14
:1004600004F0294630BD94F0000F83F4801306BFDA
:1004700081F480110134013D4EE77FEA645C18BFCE
:100480007FEA655C29D094EA050F08BF90EA020F65
:1004900005D054EA000C04BF1946104630BD91EA5D
:1004A000030F1EBF0021002030BD5FEA545C05D160
:1004B0004000494128BF41F0004130BD14F580049F
:1004C0003CBF01F5801130BD01F0004545F0FE4113
:1004D00041F470014FF0000030BD7FEA645C1ABF48
:1004E000194610467FEA655C1CBF0B46024650EA7F
:1004F000013406BF52EA033591EA030F41F40021AB
:1005000030BD00BF90F0000F04BF0021704730B530
:100510004FF4806404F132044FF000054FF0000105
:1005200050E700BF90F0000F04BF0021704730B5C6
:100530004FF4806404F1320410F0004548BF40429B
:100540004FF000013EE700BF42004FEAE2014FEAF0
:1005500031014FEA02701FBF12F07F4393F07F4FCB
:1005600081F06051704732F07F4208BF704793F0CE
:100570007F4F04BF41F40021704730B54FF46074E1
:1005800001F0004521F000411CE700BF50EA0102E4
:1005900008BF704730B54FF000050AE050EA01028D
:1005A00008BF704730B511F0004502D5404261EBFD
:1005B00041014FF4806404F132045FEA915C3FF43E
:1005C000D8AE4FF003025FEADC0C18BF03325FEADB
:1005D000DC0C18BF033202EBDC02C2F1200300FA8C
:1005E00003FC20FA02F001FA03FE40EA0E0021FAB1
:1005F00002F11444BDE600BF70B54FF0FF0C4CF49F
:10060000E06C1CEA11541DBF1CEA135594EA0C0F50
:1006100095EA0C0F00F0DEF82C4481EA030621EA8B
:100620004C5123EA4C5350EA013518BF52EA0335C6
:1006300041F4801143F4801338D0A0FB02CE4FF078
:100640000005E1FB02E506F00042E0FB03E54FF0A8
:100650000006E1FB03569CF0000F18BF4EF0010EA0
:10066000A4F1FF04B6F5007F64F5407404D25FEA9C
:100670004E0E6D4146EB060642EAC62141EA55514F
:100680004FEAC52040EA5E504FEACE2EB4F1FD0C91
:1006900088BFBCF5E06F1ED8BEF1004F08BF5FEA0F
:1006A000500E50F1000041EB045170BD06F00046C1
:1006B00046EA010140EA020081EA0301B4EB5C046E
:1006C000C2BFD4EB0C0541EA045170BD41F4801166
:1006D0004FF0000E013C00F3AB8014F1360FDEBF8B
:1006E000002001F0004170BDC4F10004203C35DA67
:1006F0000C341BDC04F11404C4F1200500FA05F3EA
:1007000020FA04F001FA05F240EA020001F000428A
:1007100021F0004110EBD37021FA04F642EB060100
:100720005EEA430E08BF20EAD37070BDC4F10C042A
:10073000C4F1200500FA04F320FA05F001FA04F2EE
:1007400040EA020001F0004110EBD37041F10001DA
:100750005EEA430E08BF20EAD37070BDC4F12005E5
:1007600000FA05F24EEA020E20FA04F301FA05F24D
:1007700043EA020321FA04F001F0004121FA04F2F5
:1007800020EA020000EBD3705EEA430E08BF20EAC5
:10079000D37070BD94F0000F0FD101F000464000FF
:1007A00041EB010111F4801F08BF013CF7D041EA81
:1007B000060195F0000F18BF704703F00046520085
:1007C00043EB030313F4801F08BF013DF7D043EA56
:1007D0000603704794EA0C0F0CEA135518BF95EA0C
:1007E0000C0F0CD050EA410618BF52EA4306D1D193
:1007F00081EA030101F000414FF0000070BD50EAB2
:10080000410606BF1046194652EA430619D094EA3B
:100810000C0F02D150EA013613D195EA0C0F05D125
:1008200052EA03361CBF104619460AD181EA030179
:1008300001F0004141F0FE4141F470014FF0000031
:1008400070BD41F0FE4141F4780170BD70B54FF0CC
:10085000FF0C4CF4E06C1CEA11541DBF1CEA13554C
:1008600094EA0C0F95EA0C0F00F0A7F8A4EB05042E
:1008700081EA030E52EA03354FEA013100F0888025
:100880004FEA03334FF0805545EA131343EA1263EE
:100890004FEA022245EA111545EA10654FEA0026A3
:1008A0000EF000419D4208BF964244F1FD0404F55C
:1008B000407402D25B084FEA3202B61A65EB0305B8
:1008C0005B084FEA32024FF480104FF4002CB6EB75
:1008D000020E75EB030E22BFB61A754640EA0C00F5
:1008E0005B084FEA3202B6EB020E75EB030E22BF35
:1008F000B61A754640EA5C005B084FEA3202B6EB76
:10090000020E75EB030E22BFB61A754640EA9C0034
:100910005B084FEA3202B6EB020E75EB030E22BF04
:10092000B61A754640EADC0055EA060E18D04FEAC2
:10093000051545EA16754FEA06164FEAC30343EA62
:1009400052734FEAC2025FEA1C1CC0D111F4801F2F
:100950000BD141EA00014FF000004FF0004CB6E728
:1009600011F4801F04BF01430020B4F1FD0C88BFC7
:10097000BCF5E06F3FF6AFAEB5EB030C04BFB6EBD2
:10098000020C5FEA500C50F1000041EB045170BDC5
:100990000EF0004E4EEA113114EB5C04C2BFD4EBF2
:1009A0000C0541EA045170BD41F480114FF0000E76
:1009B000013C90E645EA060E8DE60CEA135594EAF2
:1009C0000C0F08BF95EA0C0F3FF43BAF94EA0C0FF5
:1009D0000AD150EA01347FF434AF95EA0C0F7FF46A
:1009E00025AF104619462CE795EA0C0F06D152EABE
:1009F00003353FF4FDAE1046194622E750EA4106A2
:100A000018BF52EA43067FF4C5AE50EA41047FF4B2
:100A10000DAF52EA43057FF4EBAE12E74FF0FF3C17
:100A200006E000BF4FF0010C02E000BF4FF0010CE8
:100A30004DF804CD4FEA410C7FEA6C5C4FEA430C61
:100A400018BF7FEA6C5C1BD001B050EA410C0CBFB0
:100A500052EA430C91EA030F02BF90EA020F002012
:100A6000704710F1000F91EA030F58BF994208BF79
:100A700090422CBFD8176FEAE37040F00100704736
:100A80004FEA410C7FEA6C5C02D150EA013C07D18D
:100A90004FEA430C7FEA6C5CD6D152EA033CD3D0D8
:100AA0005DF8040B704700BF8446104662468C46D2
:100AB0001946634600E000BF01B5FFF7B7FF002805
:100AC00048BF10F1000F01BD4DF808EDFFF7F4FF2E
:100AD0000CBF012000205DF808FB00BF4DF808EDB9
:100AE000FFF7EAFF34BF012000205DF808FB00BFDC
:100AF0004DF808EDFFF7E0FF94BF012000205DF8FE
:100B000008FB00BF4DF808EDFFF7CEFF94BF0120B2
:100B100000205DF808FB00BF4DF808EDFFF7C4FFAB
:100B200034BF012000205DF808FB00BF4FEA410CF4
:100B30007FEA6C5C02D150EA013C0AD14FEA430CD7
:100B40007FEA6C5C02D152EA033C02D14FF0000014
:100B500070474FF0010070474FEA410212F5001252
:100B600015D211D56FF47873B3EB625212D94FEAF4
:100B7000C12343F0004343EA505311F0004F23FADE
:100B800002F018BF404270474FF00000704750EA33
:100B9000013005D111F0004008BF6FF000407047F0
:100BA0004FF00000704700BF53B94AB9002908BF91
:100BB00000281CBF4FF0FF314FF0FF3000F088B924
:100BC000ADF1080C6DE904CE00F006F8DDF804E0A4
:100BD000DDE9022304B070472DE9F047089D0F4678
:100BE00004468C46002B48D18A42164661D9B2FA97
:100BF00082F34BB1C3F1200201FA03FC20FA02F2A6
:100C00009E4042EA0C0C9C404FEA164EB7B2BCFB29
:100C1000FEF1220C0EFB11CC42EA0C4201FB07F064
:100C2000904209D9B21801F1FF3C80F0EE80904269
:100C300040F2EB8002393244121AA4B2B2FBFEF049
:100C40000EFB102244EA024400FB07F7A74209D931
:100C5000341900F1FF3280F0DA80A74240F2D780E9
:100C60003444023840EA0140E41B00211DB1DC405D
:100C70000023C5E90043BDE8F0878B4206D90DB1DA
:100C8000C5E9000100210846BDE8F087B3FA83F109
:100C9000002948D1BB4202D3824200F20781841A64
:100CA00067EB030201209446002DE4D0C5E9004C17
:100CB000E1E7002A00F09280B2FA82F3002B40F0C4
:100CC000A8808A1A4FEA164E1FFA86FC0121200CD2
:100CD000B2FBFEF70EFB172240EA02420CFB07F0C4
:100CE000904207D9B21807F1FF3802D2904200F2C1
:100CF000E2804746121AA4B2B2FBFEF00EFB1022AD
:100D000044EA02440CFB00FCA44507D9341900F165
:100D1000FF3202D2A44500F2CB801046A4EB0C04B3
:100D200040EA0740A2E7C1F120068B4022FA06FC08
:100D30004CEA030C07FA01F420FA06F3F7404FEAF5
:100D40001C49234300FA01F81FFA8CFEB7FBF9F0A7
:100D50001C0C09FB107744EA074400FB0EF7A7427E
:100D600002FA01F20AD91CEB040400F1FF3A80F008
:100D70009B80A74240F2988002386444E41B9FB2F3
:100D8000B4FBF9F309FB134447EA044403FB0EFEEA
:100D9000A64509D91CEB040403F1FF3780F08280DB
:100DA000A6457FD9023B644443EA0040A4EB0E040D
:100DB000A0FB02E7BC427346B94663D360D05DB185
:100DC000B8EB030264EB090404FA06F622FA01F315
:100DD0001E43CC40C5E9006400214CE76208480886
:100DE00042EAC1710B0C43EA00438AB242EA034271
:100DF000B3FBF6F1E407B4463746B6461F23B0FB13
:100E0000F6F0D21B41EA004161E7614614E7104663
:100E100028E7C3F1200120FA01F29E4027FA01F1F0
:100E20009F403A434FEA164E1FFA86FCB1FBFEF78D
:100E30000EFB1710110C41EA004107FB0CF8884526
:100E400004FA03F43AD9711807F1FF3001D288454A
:100E50001FD8A1EB0801B1FBFEF808FB0CF70EFB55
:100E6000181192B242EA0142BA422FD2B21808F1E6
:100E7000FF31C6D2BA42C4D2A8F102013244C0E75F
:100E8000F0459CD2BEEB020367EB0C070138B94674
:100E900095E7A6EB08084144B81EB1FBFEF808FB35
:100EA0000CF7DCE73B467FE7504667E70846FBE682
:100EB0003444023832E7023F32441BE7A1EB080119
:100EC0003846B1FBFEF808FB0CF7C8E7414698E747
:100ED000704700BF80B582B000AF00237B60194B24
:100EE000194A1A60194B1B685A1C18490A60002BD2
:100EF00022D1144802F016FC0346002B1CD11148E5
:100F000000F0FEF87B68002B16D10E4800F0B4F814
:100F10000346002B03D06FF007037B600CE0002139
:100F2000084802F0DBFE0346002B03D06FF00703F6
:100F30007B6001E000237B607B6818460837BD4674
:100F400080BD00BFF0010020005800404402002096
:100F500080B582B000AF00237B600F4B1B68002B75
:100F600014D00D4B1B68013B0B4A13600A4B1B68E6
:100F7000002B0BD1094800F023F9084802F061F971
:100F80000346002B02D06FF007037B607B68184696
:100F90000837BD4680BD00BF44020020F00100209C
:100FA00080B58AB004AFBA601A460346FB810B468F
:100FB000BB811346FB8000237B61BA89F9894FF41A
:100FC00080530293FB880193BB68009301230C4874
:100FD00002F07AF90346002B0CD0094802F0B0FB6E
:100FE0000346042B03D16FF065037B6102E06FF0D1
:100FF00003037B617B6918461837BD4680BD00BF7F
:10100000F001002080B58AB004AFBA601A460346EA
:10101000FB810B46BB811346FB8000237B61BA89B1
:10102000F9894FF480530293FB880193BB680093C6
:1010300001230C4802F05CFA0346002B0CD009484F
:1010400002F07EFB0346042B03D16FF065037B6146
:1010500002E06FF003037B617B6918461837BD46D9
:1010600080BD00BFF001002080B500AF01F07AFC28
:101070000346184680BD000080B584B000AF78609C
:101080000023FB737B681C4A1A607B681B4A5A600A
:101090007B6800229A607B680122DA607B6800220C
:1010A0001A617B6800225A617B6800229A617B6822
:1010B0000022DA617B6800221A62786802F026F862
:1010C0000346002B01D00123FB730021786802F056
:1010D00005FE0346002B01D00123FB730021786835
:1010E00002F047FE0346002B01D00123FB73FB7B7C
:1010F00018461037BD4680BD005800408129F100D8
:1011000080B5ACB000AF786007F1140388220021ED
:10111000184605F0CDFC80237B610023BB6607F1F8
:101120001403184603F0D6FC234BDB6C224A43F031
:101130000203D364204BDB6C03F002033B613B6989
:101140004FF48063C7F89C301223C7F8A030002307
:10115000C7F8A4300323C7F8A8300423C7F8AC307D
:1011600007F19C031946154801F01AFD4FF400637E
:10117000C7F89C301223C7F8A0300023C7F8A4306A
:101180000323C7F8A8300423C7F8AC3007F19C0349
:1011900019460A4801F004FD074B9B6D064A43F4CB
:1011A00080039365044B9B6D03F48003FB60FB6835
:1011B00000BFB037BD4680BD0010024000040048AB
:1011C00080B582B000AF7860094B9B6D084A23F46C
:1011D000800393654FF48061064801F08BFE4FF465
:1011E0000061044801F086FE00BF0837BD4680BD9F
:1011F000001002400004004880B483B000AF0346F2
:10120000FB80B7F9063007EE903AF8EEE77A9FEDEB
:10121000057A67EE877AB0EE670A0C37BD465DF84F
:10122000047B704723DBF93D90B585B000AF01F03A
:1012300031FB00F08BF800F00BF900F0D9F83D4BD2
:1012400000221A6000F046F93A4B1B68002BFBD0D5
:10125000384B00221A603B461946374800F000FD23
:101260003B681AB2354B1B8819460B465B005C186D
:101270001046FFF7C1FFF0EE407A314AA300134455
:10128000C3ED007A7B681AB22C4B1B8819460B46BB
:101290005B000B445C1C1046FFF7AEFFF0EE407A9B
:1012A000274AA3001344C3ED007ABB681AB2234B4C
:1012B0001B8819460B465B000B449C1C1046FFF72D
:1012C0009BFFF0EE407A1E4AA3001344C3ED007A60
:1012D0001A4B1B8801339AB2184B1A80174B1B8884
:1012E0007F2BB1D90023FB810FE0FB89144A9B00BF
:1012F00013441B681846FFF727F902460B461148AE
:1013000005F078FBFB890133FB81FB89B3F5C07FD6
:10131000EBD30A2005F080FB084B00221A800A4B11
:1013200000221A804FF4C0620021054805F0C0FB7E
:101330008AE700BF0C030020D00200201003002029
:1013400014030020988900081203002080B596B08D
:1013500000AF07F1140344220021184605F0A8FB52
:101360003B4600221A605A609A60DA601A614FF4B4
:10137000007002F059FD0346002B01D000F020F967
:1013800010237B610123FB6200233B6360237B63AB
:101390000223FB6301233B6401237B642823BB649A
:1013A0000723FB6402233B6502237B6507F11403DB
:1013B000184602F08FFD0346002B01D000F000F923
:1013C0000F233B6003237B600023BB600023FB6093
:1013D00000233B613B460421184603F057F90346BE
:1013E000002B01D000F0ECF800BF5837BD4680BD9F
:1013F00080B500AF144B154A1A60134B4FF4E1321D
:101400005A60114B00229A600F4B0022DA600E4B9B
:1014100000221A610C4B0C225A610B4B00229A617C
:10142000094B0022DA61084B00221A62064B0022A7
:101430005A62054804F00AF80346002B01D000F078
:10144000BFF800BF80BD00BF480200200038014047
:1014500080B588B000AF07F10C0300221A605A6013
:101460009A60DA601A61194BDB6C184A43F0020388
:10147000D364164BDB6C03F00203BB60BB68134BF9
:10148000DB6C124A43F00803D364104BDB6C03F0AF
:1014900008037B607B684FF40063FB604FF48813A4
:1014A0003B6100237B6107F10C031946084801F0FA
:1014B00077FB00220021282001F03BFB282001F0CF
:1014C00054FB00BF2037BD4680BD00BF0010024066
:1014D000000C004880B58AB000AF00233B61D523E3
:1014E0003B751B4BBB601B4BFB601B4BFB611B4BE2
:1014F000BB611B4B3B6207F108031946194800F01A
:10150000F3F9FB1D1946174800F0C1FAFB796A2B65
:1015100001D000F055F8134800F050FAB3EE0A0A73
:10152000104800F035FB04210E4800F04DFB01216E
:101530000C4800F007FC3B4619460A4800F06CFBDB
:10154000084800F0BAFA00BF2837BD4680BD00BF8A
:10155000D50E0008510F000805100008A10F000863
:1015600069100008D002002080B483B000AF0346A9
:10157000FB80FB88B3F5006F04D1054B1B6801337A
:10158000034A136000BF0C37BD465DF8047B70470B
:101590000C03002080B584B000AFF860B9607A60B9
:1015A0007B689AB24FF0FF33B968044803F09CFFA0
:1015B0007B6818461037BD4680BD00BF480200203A
:1015C00080B400AF72B600BF00BFFDE780B483B047
:1015D00000AF0F4B1B6E0E4A43F0010313660C4B1A
:1015E0001B6E03F001037B607B68094B9B6D084A0F
:1015F00043F080539365064B9B6D03F080533B6033
:101600003B6800BF0C37BD465DF8047B704700BFE8
:101610000010024080B5ACB000AF786007F19C03C9
:1016200000221A605A609A60DA601A6107F11403A6
:1016300088220021184605F03BFA7B681B68214A86
:1016400093423AD101237B610023FB6407F1140329
:10165000184603F03FFA0346002B01D0FFF7B0FF16
:10166000194B1B6E184A43F480431366164B1B6ECE
:1016700003F480433B613B69134BDB6C124A43F03C
:101680000203D364104BDB6C03F00203FB60FB68C6
:10169000C023C7F89C300223C7F8A0300023C7F846
:1016A000A4300323C7F8A8300723C7F8AC3007F1EC
:1016B0009C031946054801F073FA00BFB037BD46D8
:1016C00080BD00BF00380140001002400004004807
:1016D00080B400AF00BFFDE780B400AF00BFFDE7FE
:1016E00080B400AF00BFFDE780B400AF00BFFDE7EE
:1016F00080B400AF00BFFDE780B400AF00BFBD46BF
:101700005DF8047B704780B400AF00BFBD465DF854
:10171000047B704780B400AF00BFBD465DF8047B1A
:10172000704780B500AF01F009F900BF80BD80B5FA
:1017300000AF4FF4006001F0D1FC00BF80BD80B469
:1017400000AF01231846BD465DF8047B704780B5A5
:1017500082B000AF7860396005F0FCF903461622CC
:101760001A604FF0FF3318460837BD4680BD80B57C
:1017700082B000AF78604FF0FF317868FFF7E7FF85
:1017800000BFFDE780B586B000AFF860B9607A6051
:1017900000237B610AE0AFF300800146BB685A1C5E
:1017A000BA60CAB21A707B6901337B617A697B685F
:1017B0009A42F0DB7B6818461837BD4680BD80B47E
:1017C00083B000AF78604FF0FF3318460C37BD464A
:1017D0005DF8047B704780B483B000AF78603960F7
:1017E0003B684FF400525A60002318460C37BD4640
:1017F0005DF8047B704780B483B000AF786001234C
:1018000018460C37BD465DF8047B704780B485B040
:1018100000AFF860B9607A60002318461437BD46FF
:101820005DF8047B7047000080B586B000AF78603B
:10183000144A154BD31A7B617B693B61134B1B68C0
:10184000002B02D1114B124A1A60104B1A687B68A8
:1018500013443A699A4207D205F07CF903460C22F8
:101860001A604FF0FF3309E0084B1B68FB60074B21
:101870001A687B681344054A1360FB6818461837DA
:10188000BD4680BD00800120000400001409002036
:10189000680A0020DFF834D000F0EAFF0C480D4958
:1018A0000D4A002302E0D458C4500433C4188C42BB
:1018B000F9D30A4A0A4C002301E013600432A24221
:1018C000FBD305F04DF9FFF7AFFCFEE700800120E8
:1018D00000000020D40100206C8D0008D4010020FD
:1018E000680A0020FEE7000080B584B000AF786091
:1018F00039600023FB607B68002B03D14FF0FF337E
:10190000FB6051E03B681A687B681A603B685A6864
:101910007B685A603B689A687B689A603B681A7B70
:101920007B681A733B681A697B681A613B685A695D
:101930007B685A613B689A697B689A617B681D4A3B
:101940005A627B681C4A1A623B68DA697B689A6251
:101950007B687A68DA627B681B68002B03D14FF0E2
:10196000FF33FB6020E07B681B6898470346002B31
:1019700003D04FF0FF33FB6016E07B689B68022BBF
:1019800012D17B6893F83430002B0DD10C23FB72FD
:10199000FB7A1A461221786800F0B9F90346002B49
:1019A00002D04FF0FF33FB60FB6818461037BD468E
:1019B00080BD00BFC91F0008FF1F000880B582B0AE
:1019C00000AF78607B6820330121184600F0C8FC26
:1019D0000346002B02D04FF0FF3354E07B682033E6
:1019E0000121184600F038FC0346002B02D04FF0CE
:1019F000FF3348E07B6820330021184600F012FFD7
:101A00000346002B02D04FF0FF333CE07B680422FA
:101A100083F837207B6820330021184600F0AAFBAA
:101A20000346002B02D04FF0FF332CE07B682033BD
:101A30000021184600F03AFB0346002B02D04FF07D
:101A4000FF3320E07B68042283F838207B68203352
:101A50000021184600F0DAFB0346002B02D04FF0BD
:101A6000FF3310E07B6820330621184600F0A8FB06
:101A70000346002B02D04FF0FF3304E07B680122C5
:101A800083F83420002318460837BD4680BD80B552
:101A900082B000AF786039607B68203339681846BF
:101AA00000F04DFC0346002B02D04FF0FF3300E066
:101AB000002318460837BD4680BD80B582B000AF10
:101AC00078607B6893F83530012B01D1002314E056
:101AD0007B6803F120027B6893F837301946104683
:101AE00000F048FB0346002B02D04FF0FF3304E028
:101AF0007B68012283F83520002318460837BD464D
:101B000080BD000080B584B000AF786039600023EC
:101B1000FB607B68203307F10B021146184600F08A
:101B2000EBFA0346002B02D04FF0FF3323E0FB7AA1
:101B3000032B1BD801A252F823F000BF4D1B000855
:101B4000651B0008551B00085D1B00083B680C4A1C
:101B50001A600FE03B680B4A1A600BE03B680A4AC8
:101B60001A6007E03B68094A1A6003E04FF0FF3350
:101B7000FB6000BFFB6818461037BD4680BD00BF44
:101B800023DB793D23DBF93D23DB793E23DBF93E83
:101B900080B582B000AF786087ED000A7B6893F86B
:101BA0003530012B06D197ED000A786800F0FEF879
:101BB000034605E097ED000A786800F083F90346D4
:101BC00018460837BD4680BD80B584B000AF786048
:101BD00039603B68022B0BDD3B68042B06DD3B685C
:101BE000082B01DC032304E0012302E0022300E0D0
:101BF0000023FB737B682033FA7B1146184600F004
:101C000055FA0346002B02D04FF0FF3300E00023CB
:101C100018461037BD4680BD80B584B000AF7860EF
:101C200039607B68203307F108021146184600F03E
:101C300039FB0346002B02D04FF0FF330CE0B7F91D
:101C400008203B681A80B7F90A203B685A80B7F928
:101C50000C203B689A80002318461037BD4680BD93
:101C600080B586B000AF786039604FF00003FB604C
:101C70007B68203307F110021146184600F012FB72
:101C80000346002B02D04FF0FF333CE007F10C037A
:101C900019467868FFF736FF0346002B02D04FF055
:101CA000FF3330E0B7F9103007EE903AB8EEE77A3C
:101CB000D7ED037A67EE277AFDEEE77A17EE902AE2
:101CC0003B681A60B7F9123007EE903AB8EEE77A3F
:101CD000D7ED037A67EE277AFDEEE77A17EE902AC2
:101CE0003B685A60B7F9143007EE903AB8EEE77ADD
:101CF000D7ED037A67EE277AFDEEE77A17EE902AA2
:101D00003B689A60002318461837BD4680BD80B5F1
:101D100082B000AF78600B46FB701346BB707B68E7
:101D200003F12000BA1CF978012300F0A1F9034661
:101D3000002B02D04FF0FF3300E000231846083795
:101D4000BD4680BD80B584B000AF78600B46FB70A7
:101D50007B68203307F10C021146184600F089FC1D
:101D60000346002B02D04FF0FF331BE0FB78012B22
:101D700011D8FB7803F00103DAB23B7B62F3000376
:101D80003B737B682033F968184600F00FFB03466D
:101D9000002B06D002E04FF0FF3303E04FF0FF339B
:101DA00000E0002318461037BD4680BD80B584B0E2
:101DB00000AF786087ED000AD7ED007AB2EE097ABD
:101DC000F4EEC77AF1EE10FA01D8012358E0D7ED0E
:101DD000007AB3EE0A7AF4EEC77AF1EE10FA01D87F
:101DE00002234DE0D7ED007A9FED2F7AF4EEC77A0B
:101DF000F1EE10FA01D8032342E0D7ED007A9FED0F
:101E00002B7AF4EEC77AF1EE10FA01D8042337E00A
:101E1000D7ED007A9FED267AF4EEC77AF1EE10FA4C
:101E200001D805232CE0D7ED007A9FED227AF4EE5D
:101E3000C77AF1EE10FA01D8062321E0D7ED007A37
:101E40009FED1D7AF4EEC77AF1EE10FA01D8072360
:101E500016E0D7ED007A9FED197AF4EEC77AF1EE2D
:101E600010FA01D808230BE0D7ED007A9FED147A21
:101E7000F4EEC77AF1EE10FA01D8092300E00A2344
:101E8000FB737B682033FA7B1146184600F072F929
:101E90000346002B02D04FF0FF3300E0002318462A
:101EA0001037BD4680BD00BF000050420000D04248
:101EB000000050430000D043004050440080CF4415
:101EC0000020504580B483B000AF786087ED000AF1
:101ED000D7ED007AB2EE097AF4EEC77AF1EE10FA95
:101EE00001D8012358E0D7ED007AB3EE0A7AF4EE78
:101EF000C77AF1EE10FA01D802234DE0D7ED007A4F
:101F00009FED2A7AF4EEC77AF1EE10FA01D8032396
:101F100042E0D7ED007A9FED267AF4EEC77AF1EE33
:101F200010FA01D8042337E0D7ED007A9FED217A2B
:101F3000F4EEC77AF1EE10FA01D805232CE0D7EDC4
:101F4000007A9FED1D7AF4EEC77AF1EE10FA01D80F
:101F5000062321E0D7ED007A9FED187AF4EEC77AD8
:101F6000F1EE10FA01D8072316E0D7ED007A9FEDC5
:101F7000147AF4EEC77AF1EE10FA01D808230BE0D8
:101F8000D7ED007A9FED0F7AF4EEC77AF1EE10FAF2
:101F900001D8092300E00A237A6882F83730002349
:101FA00018460C37BD465DF8047B70470000504270
:101FB0000000D042000050430000D0430040504495
:101FC0000080CF440020504590B587B000AFF86046
:101FD0007A601A460B46FB7213463B81FB687B61B5
:101FE0007B695C697B691B7B1846FB7A99B23B89EC
:101FF0007A68A047034618461C37BD4690BD90B589
:1020000087B000AFF8607A601A460B46FB72134641
:102010003B81FB687B617B691C697B691B7B184684
:10202000FB7A99B23B897A68A047034618461C3769
:10203000BD4690BD90B587B000AFF8607A601A4693
:102040000B46FB7213463B81FB68002B02D14FF01D
:10205000FF3309E0FB685C68FB68D8683B89F97A64
:102060007A68A04778617B6918461C37BD4690BDE9
:1020700090B587B000AFF8607A601A460B46FB72E5
:1020800013463B81FB68002B02D14FF0FF3309E080
:10209000FB681C68FB68D8683B89F97A7A68A047B6
:1020A00078617B6918461C37BD4690BD80B584B009
:1020B00000AF78600B46FB7007F108020123102186
:1020C0007868FFF7B7FFF860FB68002B0FD1FB784B
:1020D00003F00303DAB23B7A62F383033B7207F146
:1020E0000802012310217868FFF7C2FFF860FB683F
:1020F00018461037BD4680BD80B584B000AF78600B
:10210000396007F10802012310217868FFF792FF78
:10211000F860FB68002B01D0FB6826E03B7AC3F334
:102120008103DBB2032B1BD801A252F823F000BFBE
:1021300041210008492100085121000859210008C7
:102140003B6800221A700FE03B6801221A700BE016
:102150003B6802221A7007E03B6803221A7003E012
:102160003B6804221A7000BFFB6818461037BD4652
:1021700080BD00BF80B584B000AF78600B46FB70B7
:1021800007F10802012310217868FFF753FFF86078
:10219000FB68002B0FD1FB7803F00F03DAB23B7A18
:1021A00062F307133B7207F10802012310217868DC
:1021B000FFF75EFFF860FB6818461037BD4680BD2C
:1021C00080B584B000AF78600B46FB7007F1080261
:1021D000012311217868FFF72DFFF860FB68002BC1
:1021E0000FD1FB7803F00703DAB23B7A62F34303C3
:1021F0003B7207F10802012311217868FFF738FFCD
:10220000F860FB6818461037BD4680BD80B584B0C5
:1022100000AF78600B46FB7007F108020123112123
:102220007868FFF707FFF860FB68002B0FD1FB7899
:1022300003F00F03DAB23B7A62F307133B7207F144
:102240000802012311217868FFF712FFF860FB688C
:1022500018461037BD4680BD80B584B000AF7860A9
:102260000B46FB7007F10802012312217868FFF783
:10227000E1FEF860FB68002B0FD1FB7803F001034F
:10228000DAB23B7A62F386133B7207F1080201234C
:1022900012217868FFF7ECFEF860FB6818461037EB
:1022A000BD4680BD80B586B000AF7860396007F16B
:1022B0000C02062328217868FFF7BCFE78617B6951
:1022C000002B01D07B6936E07B7B1AB23B681A8019
:1022D0003B68B3F900309BB21B029BB23A7B1344BC
:1022E0009BB21AB23B681A80FA7B3B68023312B287
:1022F0001A803B680233B3F900309BB21B029BB2D9
:10230000BA7B13449AB23B68023312B21A807A7CC9
:102310003B68043312B21A803B680433B3F90030CF
:102320009BB21B029BB23A7C13449AB23B680433C3
:1023300012B21A807B6918461837BD4680BD80B539
:1023400084B000AF7860396001233A680F21786863
:10235000FFF770FEF860FB6818461037BD4680BD79
:1023600080B584B000AF78600B46FB7007F10802BF
:10237000012312217868FFF75DFEF860FB68002BEF
:102380000FD1FB7803F00103DAB23B7A62F38203E8
:102390003B7207F10802012312217868FFF768FEFB
:1023A000F860FB6818461037BD4680BD80B58AB01E
:1023B00000AF7860396007F11C0201230D217868B5
:1023C000FFF738FE78627B6A002B47D13B78C3F376
:1023D0000003DAB23B7F62F300033B773B78C3F341
:1023E0004003DAB23B7F62F341033B773B78C3F3B0
:1023F0008003DAB23B7F62F382033B773B78C3F31F
:10240000C003DAB23B7F62F3C3033B773B78C3F38D
:102410000013DAB23B7F62F304133B773B78C3F3DC
:102420004013DAB23B7F62F345133B773B78C3F34B
:102430008013DAB23B7F62F386133B773B78C3F3BA
:10244000C013DAB23B7F62F3C7133B7707F11C027C
:1024500001230D217868FFF70BFE78627B6A002B61
:1024600007D107F1180201235E217868FFF7E2FD2A
:1024700078627B6A002B07D107F1140201235F21E8
:102480007868FFF7D7FD78627B6A002B47D17B78AD
:10249000C3F30003DAB23B7E62F300033B767B7842
:1024A000C3F34003DAB23B7E62F341033B767B78B1
:1024B000C3F38003DAB23B7E62F382033B767B7820
:1024C000C3F3C003DAB23B7E62F3C3033B767B788F
:1024D000C3F30013DAB23B7E62F304133B767B78DE
:1024E000C3F34013DAB23B7E62F345133B767B784D
:1024F000C3F38013DAB23B7E62F386133B767B78BC
:10250000C3F3C013DAB23B7E62F3C7133B7607F125
:10251000180201235E217868FFF7AAFD78627B6AC2
:10252000002B07D107F11002012313217868FFF770
:1025300081FD78627B6A002B0FD1BB78C3F3000367
:10254000DAB23B7C62F304133B7407F110020123FF
:1025500013217868FFF78CFD78627B6A002B07D126
:1025600007F1200201231A217868FFF763FD7862E2
:102570007B6A002B11D1BB78C3F30003DAB297F862
:10258000203062F3C71387F8203007F120020123BF
:102590001A217868FFF76CFD78627B6A002B58D1AE
:1025A00007F10C02012358217868FFF743FD786298
:1025B0007B7803F00403DBB2002B41D17B7803F07E
:1025C0001003DBB2002B3BD17B7803F02003DBB29E
:1025D000002B35D17B7803F04003DBB2002B2FD1E9
:1025E0007B7803F00803DBB2002B29D17B7823F042
:1025F0007F03DBB2002B23D13B7D03F00403DBB26E
:10260000002B1DD13B7D03F01003DBB2002B17D153
:102610003B7D03F02003DBB2002B11D13B7D03F0A7
:102620004003DBB2002B0BD13B7D03F00803DBB290
:10263000002B05D13B7D23F07F03DBB2002B04D0C0
:102640003B7B43F080033B7303E03B7B23F0800341
:102650003B737B6A002B07D107F10C020123582141
:102660007868FFF705FD78627B6A18462837BD4613
:1026700080BD80B588B000AF7860396007F1140282
:1026800001230D217868FFF7D5FCF86107F11002EE
:1026900001235E217868FFF7CDFC0246FB691344F5
:1026A000FB6107F10C02012313217868FFF7C2FCDC
:1026B0000246FB691344FB6107F1180201231A214A
:1026C0007868FFF7B7FC0246FB691344FB61FB69BE
:1026D000002B40F0A2803B7DC3F30003D9B23A68DF
:1026E000137861F3000313703B7DC3F34003D9B249
:1026F0003A68137861F3410313703B7DC3F38003A1
:10270000D9B23A68137861F3820313703B7DC3F347
:10271000C003D9B23A68137861F3C30313703B7DE9
:10272000C3F30013D9B23A68137861F3041313703A
:102730003B7DC3F34013D9B23A68137861F3451374
:1027400013703B7DC3F38013D9B23A68137861F3F9
:10275000861313703B7DC3F3C013D9B23A68137864
:1027600061F3C71313703B7CC3F30003D9B23A681B
:10277000537861F3000353703B7CC3F34003D9B239
:102780003A68537861F3410353703B7CC3F3800391
:10279000D9B23A68537861F3820353703B7CC3F338
:1027A000C003D9B23A68537861F3C30353703B7CDA
:1027B000C3F30013D9B23A68537861F3041353702A
:1027C0003B7CC3F34013D9B23A68537861F34513A5
:1027D00053703B7CC3F38013D9B23A68537861F3EA
:1027E000861353703B7CC3F3C013D9B23A68537855
:1027F00061F3C71353703B7BC3F30013D9B23A683C
:10280000937861F3000393703B7EC3F3C013D9B296
:102810003A68937861F300039370FB691846203798
:10282000BD4680BD80B584B000AF78600B46FB70BC
:1028300007F1080201230A217868FFF7FBFBF86023
:10284000FB68002B0FD1FB7803F00703DAB23B7A69
:1028500062F302033B7207F1080201230A21786840
:10286000FFF706FCF860FB6818461037BD4680BDD0
:1028700080B400AF064BD3F88830054A43F47003A8
:10288000C2F8883000BFBD465DF8047B704700BFCA
:1028900000ED00E080B582B000AF0023FB710320A3
:1028A00000F03CF90F2000F00DF80346002B02D099
:1028B0000123FB7101E0FEF789FEFB79184608371A
:1028C000BD4680BD80B584B000AF78600023FB7347
:1028D000174B1B78002B23D0164B1A68144B1B7810
:1028E00019464FF47A73B3FBF1F3B2FBF3F31846D6
:1028F00000F049F90346002B0FD17B680F2B09D854
:10290000002279684FF0FF3000F013F90A4A7B6823
:10291000136007E00123FB7304E00123FB7301E074
:102920000123FB73FB7B18461037BD4680BD00BFFB
:1029300008000020000000200400002080B400AF48
:10294000064B1B781A46064B1B681344044A136057
:1029500000BFBD465DF8047B704700BF0800002043
:102960001809002080B400AF034B1B681846BD4611
:102970005DF8047B704700BF1809002080B485B063
:1029800000AF78607B6803F00703FB600C4BDB68EB
:10299000BB60BA684FF6FF031340BB60FB681A02C6
:1029A000BB68134343F0BF6343F40033BB60044A86
:1029B000BB68D36000BF1437BD465DF8047B704729
:1029C00000ED00E080B400AF044BDB681B0A03F0AD
:1029D00007031846BD465DF8047B704700ED00E034
:1029E00080B483B000AF0346FB7197F90730002B2A
:1029F0000BDBFB7903F01F02074997F907305B09EE
:102A0000012000FA02F241F8232000BF0C37BD4636
:102A10005DF8047B704700BF00E100E080B483B044
:102A200000AF03463960FB7197F90730002B0ADBD2
:102A30003B68DAB20C4997F907301201D2B20B4465
:102A400083F800230AE03B68DAB20849FB7903F017
:102A50000F03043B1201D2B20B441A7600BF0C37AD
:102A6000BD465DF8047B704700E100E000ED00E04A
:102A700080B489B000AFF860B9607A60FB6803F099
:102A80000703FB61FB69C3F10703042B28BF042381
:102A9000BB61FB690433062B02D9FB69033B00E0F1
:102AA00000237B614FF0FF32BB6902FA03F3DA4384
:102AB000BB681A407B699A404FF0FF317B6901FA8D
:102AC00003F3D9437B680B40134318462437BD46B4
:102AD0005DF8047B7047000080B582B000AF78607D
:102AE0007B68013BB3F1807F01D301230FE00A4AE9
:102AF0007B68013B53600F214FF0FF30FFF78EFFE3
:102B0000054B00229A60044B07221A6000231846E6
:102B10000837BD4680BD00BF10E000E080B582B040
:102B200000AF78607868FFF729FF00BF0837BD461F
:102B300080BD80B586B000AF0346B9607A60FB7394
:102B400000237B61FFF73EFF78617A68B968786996
:102B5000FFF78EFF024697F90F3011461846FFF730
:102B60005DFF00BF1837BD4680BD80B582B000AFA5
:102B70000346FB7197F907301846FFF731FF00BF96
:102B80000837BD4680BD80B582B000AF78607868F8
:102B9000FFF7A2FF034618460837BD4680BD000078
:102BA00080B487B000AF7860396000237B617FE13B
:102BB0003B681A6801217B6901FA03F31340FB604B
:102BC000FB68002B00F071813B685B6803F0030336
:102BD000012B05D03B685B6803F00303022B30D167
:102BE0007B689B683B617B695B00032202FA03F30D
:102BF000DB433A6913403B613B68DA687B695B0001
:102C000002FA03F33A6913433B617B683A699A60BD
:102C10007B685B683B6101227B6902FA03F3DB435B
:102C20003A6913403B613B685B681B0903F0010292
:102C30007B6902FA03F33A6913433B617B683A69A3
:102C40005A603B685B6803F00303032B18D17B6871
:102C5000DB6A3B6101227B6902FA03F3DB433A69D9
:102C600013403B613B685B68DB0803F001027B6952
:102C700002FA03F33A6913433B617B683A69DA620B
:102C80003B685B6803F00303032B17D07B68DB68AA
:102C90003B617B695B00032202FA03F3DB433A6981
:102CA00013403B613B689A687B695B0002FA03F35F
:102CB0003A6913433B617B683A69DA603B685B6859
:102CC00003F00303022B23D17B69DA087B68083207
:102CD00053F822303B617B6903F007039B000F220E
:102CE00002FA03F3DB433A6913403B613B681A691C
:102CF0007B6903F007039B0002FA03F33A6913436D
:102D00003B617B69DA087B680832396943F8221035
:102D10007B681B683B617B695B00032202FA03F35B
:102D2000DB433A6913403B613B685B6803F0030295
:102D30007B695B0002FA03F33A6913433B617B68EA
:102D40003A691A603B685B6803F44033002B00F07B
:102D5000AC805F4B1B6E5E4A43F0010313665C4B15
:102D60001B6E03F00103BB60BB685A4A7B699B087A
:102D7000023352F823303B617B6903F003039B006D
:102D80000F2202FA03F3DB433A6913403B617B688D
:102D9000B3F1904F25D07B684F4A93421FD07B6898
:102DA0004E4A934219D07B684D4A934213D07B68B8
:102DB0004C4A93420DD07B684B4A934207D07B68C4
:102DC0004A4A934201D106230CE007230AE0052377
:102DD00008E0042306E0032304E0022302E00123C9
:102DE00000E000237A6902F00302920093403A69FE
:102DF00013433B6137497B699B0802333A6941F8C9
:102E000023203B4B9B683B61FB68DB433A691340E3
:102E10003B613B685B6803F48013002B03D03A6985
:102E2000FB6813433B61324A3B699360304BDB687C
:102E30003B61FB68DB433A6913403B613B685B687D
:102E400003F40013002B03D03A69FB6813433B6182
:102E5000274A3B69D360264B5B683B61FB68DB43D9
:102E60003A6913403B613B685B6803F40033002B15
:102E700003D03A69FB6813433B611D4A3B695360C9
:102E80001B4B1B683B61FB68DB433A6913403B61AA
:102E90003B685B6803F48033002B03D03A69FB681E
:102EA00013433B61124A3B6913607B6901337B61C9
:102EB0003B681A687B6922FA03F3002B7FF478AE33
:102EC00000BF00BF1C37BD465DF8047B704700BFE4
:102ED00000100240000001400004004800080048C3
:102EE000000C00480010004800140048001800487A
:102EF0000004014080B487B000AF786039600023DF
:102F00007B61CDE001227B6902FA03F33A6813404A
:102F10003B613B69002B00F0C080684A7B699B08DD
:102F2000023352F82330FB607B6903F003039B00FC
:102F30000F2202FA03F3FA681340FB607B68B3F1D7
:102F4000904F25D07B685E4A93421FD07B685D4AD4
:102F5000934219D07B685C4A934213D07B685B4AEA
:102F600093420DD07B685A4A934207D07B68594AF6
:102F7000934201D106230CE007230AE0052308E071
:102F8000042306E0032304E0022302E0012300E01F
:102F900000237A6902F0030292009340FA689A4291
:102FA00032D14D4B1A683B69DB434B4913400B60F0
:102FB000494B5A683B69DB43474913404B60464BDA
:102FC000DA683B69DB4344491340CB60424B9A6863
:102FD0003B69DB43404913408B607B6903F003038B
:102FE0009B000F2202FA03F3FB60344A7B699B08C3
:102FF000023352F82310FB68DA4330487B699B08A0
:103000000A40023340F823207B681A687B695B0022
:10301000032101FA03F31A437B681A607B69DA081B
:103020007B68083253F822107B6903F007039B008A
:103030000F2202FA03F3DB437A69D20819407B6856
:10304000083243F822107B689A687B695B00032191
:1030500001FA03F3DB431A407B689A607B685A6885
:1030600001217B6901FA03F3DB431A407B685A6054
:103070007B68DA687B695B00032101FA03F3DB43B9
:103080001A407B68DA607B68DA6A01217B6901FAA1
:1030900003F3DB431A407B68DA627B6901337B61AF
:1030A0003A687B6922FA03F3002B7FF42BAF00BF51
:1030B00000BF1C37BD465DF8047B7047000001402F
:1030C0000004004800080048000C004800100048B8
:1030D00000140048001800480004014080B582B088
:1030E00000AF0346FB80084B5A69FB881340002B56
:1030F00006D0054AFB885361FB881846FEF734FA70
:1031000000BF0837BD4680BD0004014080B582B0D5
:1031100000AF78607B68002B01D101238DE07B68D4
:1031200093F84130DBB2002B06D17B68002283F894
:103130004020786800F0B4F87B68242283F84120AE
:103140007B681B681A687B681B6822F001021A60A2
:103150007B685A687B681B6822F070621A617B6822
:103160001B689A687B681B6822F400429A607B683F
:10317000DB68012B07D17B689A687B681B6842F487
:1031800000429A6006E07B689A687B681B6842F49C
:1031900004429A607B68DB68022B08D17B681B685D
:1031A0005A687B681B6842F400625A6007E07B68DB
:1031B0001B685A687B681B6822F400625A607B684F
:1031C0001B685B687A68126843F0007343F400433D
:1031D00053607B681B68DA687B681B6822F40042D6
:1031E000DA607B681A697B685B6942EA03017B6885
:1031F0009B691A027B681B680A43DA607B68D9699D
:103200007B681A6A7B681B680A431A607B681B68C4
:103210001A687B681B6842F001021A607B68002212
:103220005A647B68202283F841207B6800221A635D
:103230007B68002283F84220002318460837BD46E9
:1032400080BD80B582B000AF78607B68002B01D173
:10325000012321E07B68242283F841207B681B68DE
:103260001A687B681B6822F001021A60786800F017
:1032700021F87B6800225A647B68002283F8412091
:103280007B6800221A637B68002283F842207B68F7
:10329000002283F84020002318460837BD4680BD31
:1032A00080B483B000AF786000BF0C37BD465DF8D6
:1032B000047B704780B483B000AF786000BF0C37E8
:1032C000BD465DF8047B704780B588B002AFF860FA
:1032D000084611461A4603467B810B463B8113463E
:1032E000FB80FB6893F84130DBB2202B40F0F98083
:1032F0003B6A002B02D0BB8C002B05D1FB684FF43E
:1033000000725A640123EDE0FB6893F84030012B12
:1033100001D10223E6E0FB68012283F84020FFF799
:1033200021FB78617B690093192301224FF400414E
:10333000F86800F0DDFA0346002B01D00123D1E04C
:10334000FB68212283F84120FB68402283F8422059
:10335000FB6800225A64FB683A6A5A62FB68BA8CBE
:103360005A85FB6800225A63F8883A8979897B6913
:103370000193BB6A00930346F86800F0EDF9034639
:10338000002B05D0FB68002283F840200123A9E030
:10339000FB685B8D9BB2FF2B0ED9FB68FF221A8561
:1033A000FB681B8DDAB27989002300934FF080739C
:1033B000F86800F061FC0FE0FB685B8D9AB2FB6877
:1033C0001A85FB681B8DDAB27989002300934FF0D0
:1033D0000073F86800F050FC7A69B96AF86800F088
:1033E000E0FA0346002B01D001237BE0FB685B6A17
:1033F0001A78FB681B689A62FB685B6A5A1CFB6858
:103400005A62FB685B8D9BB2013B9AB2FB685A859E
:10341000FB681B8D013B9AB2FB681A85FB685B8DCC
:103420009BB2002B34D0FB681B8D002B30D17B6905
:103430000093BB6A00228021F86800F059FA034625
:10344000002B01D001234DE0FB685B8D9BB2FF2B6D
:103450000ED9FB68FF221A85FB681B8DDAB27989C9
:10346000002300934FF08073F86800F005FC0FE034
:10347000FB685B8D9AB2FB681A85FB681B8DDAB21C
:103480007989002300934FF00073F86800F0F4FB93
:10349000FB685B8D9BB2002B9ED17A69B96AF86894
:1034A00000F0C6FA0346002B01D001231AE0FB68A6
:1034B0001B682022DA61FB681B685968FB681A6880
:1034C0000A4B0B405360FB68202283F84120FB68C5
:1034D000002283F84220FB68002283F8402000236A
:1034E00000E0022318461837BD4680BD00E800FE04
:1034F00080B588B002AFF860084611461A46034608
:103500007B810B463B811346FB80FB6893F841307F
:10351000DBB2202B40F0FD803B6A002B02D0BB8C3D
:10352000002B05D1FB684FF400725A640123F1E0CF
:10353000FB6893F84030012B01D10223EAE0FB68DD
:10354000012283F84020FFF70DFA78617B69009330
:10355000192301224FF40041F86800F0C9F903462D
:10356000002B01D00123D5E0FB68222283F8412003
:10357000FB68402283F84220FB6800225A64FB6803
:103580003A6A5A62FB68BA8C5A85FB6800225A6311
:10359000F8883A8979897B690193BB6A009303466D
:1035A000F86800F02DF90346002B05D0FB680022D7
:1035B00083F840200123ADE0FB685B8D9BB2FF2BBD
:1035C0000ED9FB6801221A85FB681B8DDAB2798956
:1035D000524B00934FF08073F86800F04DFB0FE002
:1035E000FB685B8D9AB2FB681A85FB681B8DDAB2AB
:1035F00079894A4B00934FF00073F86800F03CFB68
:103600007B690093BB6A00220421F86800F070F91E
:103610000346002B01D001237CE0FB681B685A6A3B
:10362000FB685B6AD2B21A70FB685B6A5A1CFB6863
:103630005A62FB681B8D013B9AB2FB681A85FB68D6
:103640005B8D9BB2013B9AB2FB685A85FB685B8D30
:103650009BB2002B34D0FB681B8D002B30D17B69D3
:103660000093BB6A00228021F86800F041F903460C
:10367000002B01D001234DE0FB685B8D9BB2FF2B3B
:103680000ED9FB6801221A85FB681B8DDAB2798995
:10369000002300934FF08073F86800F0EDFA0FE01C
:1036A000FB685B8D9AB2FB681A85FB681B8DDAB2EA
:1036B0007989002300934FF00073F86800F0DCFA7A
:1036C000FB685B8D9BB2002B9AD17A69B96AF86866
:1036D00000F0AEF90346002B01D001231AE0FB688D
:1036E0001B682022DA61FB681B685968FB681A684E
:1036F0000B4B0B405360FB68202283F84120FB6892
:10370000002283F84220FB68002283F84020002337
:1037100000E0022318461837BD4680BD0024008013
:1037200000E800FE80B483B000AF78607B6893F857
:103730004130DBB218460C37BD465DF8047B70475C
:1037400080B483B000AF78607B685B6C18460C3740
:10375000BD465DF8047B704780B586B002AFF86067
:10376000084611461A4603467B810B463B811346A9
:10377000FB80FB88DAB27989204B00934FF080738D
:10378000F86800F079FAFA69B969F86800F009F99F
:103790000346002B01D001232CE0FB88012B05D12F
:1037A0003B89DAB2FB681B689A6215E03B891B0A09
:1037B0009BB2DAB2FB681B689A62FA69B969F86869
:1037C00000F0EFF80346002B01D0012312E03B8903
:1037D000DAB2FB681B689A62FB690093BB6900223E
:1037E0008021F86800F084F80346002B01D0012303
:1037F00000E0002318461037BD4680BD0020008041
:1038000080B586B002AFF860084611461A460346F6
:103810007B810B463B811346FB80FB88DAB27989BA
:10382000204B00930023F86800F026FAFA69B96982
:10383000F86800F0B6F80346002B01D001232CE015
:10384000FB88012B05D13B89DAB2FB681B689A62C1
:1038500015E03B891B0A9BB2DAB2FB681B689A62CF
:10386000FA69B969F86800F09CF80346002B01D0AA
:10387000012312E03B89DAB2FB681B689A62FB699C
:103880000093BB6900224021F86800F031F803463C
:10389000002B01D0012300E0002318461037BD465D
:1038A00080BD00BF0020008080B483B000AF78608E
:1038B0007B681B689B6903F00203022B03D17B68C2
:1038C0001B6800229A627B681B689B6903F00103F6
:1038D000012B07D07B681B689A697B681B6842F0E4
:1038E00001029A6100BF0C37BD465DF8047B70474A
:1038F00080B584B000AFF860B9603B601346FB71DF
:103900003BE0BA693968F86800F0D6F80346002B46
:1039100001D0012341E03B68B3F1FF3F2DD0FFF719
:1039200021F80246BB69D31A3A689A4202D33B682F
:10393000002B22D1FB681B689A69BB681340BA68E8
:103940009A420CBF01230023DBB21A46FB799A424C
:1039500013D1FB685B6C43F02002FB685A64FB6880
:10396000202283F84120FB68002283F84220FB6874
:10397000002283F8402001230FE0FB681B689A694E
:10398000BB681340BA689A420CBF01230023DBB224
:103990001A46FB799A42B4D0002318461037BD4628
:1039A00080BD80B584B000AFF860B9607A6033E064
:1039B0007A68B968F86800F07FF80346002B01D0F8
:1039C000012331E0BB68B3F1FF3F25D0FEF7CAFF0A
:1039D00002467B68D31ABA689A4202D3BB68002BAE
:1039E0001AD1FB681B689B6903F00203022B13D0FA
:1039F000FB685B6C43F02002FB685A64FB68202282
:103A000083F84120FB68002283F84220FB680022F3
:103A100083F84020012307E0FB681B689B6903F0E3
:103A20000203022BC4D1002318461037BD4680BDC7
:103A300080B584B000AFF860B9607A602FE07A6832
:103A4000B968F86800F038F80346002B01D001236C
:103A50002DE0FEF787FF02467B68D31ABA689A42C8
:103A600002D3BB68002B1AD1FB681B689B6903F06B
:103A70002003202B13D0FB685B6C43F02002FB6813
:103A80005A64FB68202283F84120FB68002283F8F7
:103A90004220FB68002283F84020012307E0FB68F6
:103AA0001B689B6903F02003202BC8D10023184614
:103AB0001037BD4680BD000080B58AB000AFF86009
:103AC000B9607A60002387F82730FB681B689B6920
:103AD000BB6100233B627B68FB61BB6903F01003A1
:103AE000002B68D0FB681B681022DA6149E0BB68D4
:103AF000B3F1FF3F45D0FEF735FF0246FB69D31A0D
:103B0000BA689A4202D3BB68002B3AD1FB681B68A3
:103B10005B6803F480437B61FB6893F84230FB747D
:103B2000FB681B689B6903F40043B3F5004F21D188
:103B30007B69B3F5804F1DD0FB7C202B1AD0FB682E
:103B40001B685A68FB681B6842F480425A60FEF7A3
:103B500009FFF8610EE0FEF705FF0246FB69D31A84
:103B6000192B07D93B6A43F020033B62012387F8F6
:103B7000273006E0FB681B689B6903F02003202BBD
:103B8000E9D1FB681B689B6903F02003202B03D05D
:103B900097F82730002BAAD097F82730002B03D1B5
:103BA000FB681B682022DA613B6A43F004033B6236
:103BB000012387F82730FB681B689B69BB61BB69E1
:103BC00003F48073002B0BD03B6A43F001033B628C
:103BD000FB681B684FF48072DA61012387F8273095
:103BE000BB6903F48063002B0BD03B6A43F00803EE
:103BF0003B62FB681B684FF48062DA61012387F83F
:103C00002730BB6903F40073002B0BD03B6A43F0F1
:103C100002033B62FB681B684FF40072DA61012308
:103C200087F8273097F82730002B1CD0F868FFF76B
:103C30003BFEFB681B685968FB681A680D4B0B401C
:103C40005360FB685A6C3B6A1A43FB685A64FB6812
:103C5000202283F84120FB68002283F84220FB6881
:103C6000002283F8402097F8273018462837BD46B1
:103C700080BD00BF00E800FE80B487B000AFF860F0
:103C80007B600B467B8113467B727B89C3F3090201
:103C90007B7A1B0403F47F031A437B681A433B6A55
:103CA000134323F000437B61FB681B685A683B6A3F
:103CB0005B0D03F48061084B0B43DB4302EA030115
:103CC000FB681B687A690A435A6000BF1C37BD460F
:103CD0005DF8047B704700BFFF63FF0380B483B0CF
:103CE00000AF786039607B6893F84130DBB2202BFD
:103CF00038D17B6893F84030012B01D1022332E0A8
:103D00007B68012283F840207B68242283F84120CD
:103D10007B681B681A687B681B6822F001021A60C6
:103D20007B681B681A687B681B6822F480521A60E3
:103D30007B681B6819687B681B683A680A431A60CD
:103D40007B681B681A687B681B6842F001021A6076
:103D50007B68202283F841207B68002283F8402082
:103D6000002300E0022318460C37BD465DF8047BB3
:103D7000704780B485B000AF786039607B6893F895
:103D80004130DBB2202B39D17B6893F84030012BD6
:103D900001D1022333E07B68012283F840207B6855
:103DA000242283F841207B681B681A687B681B68A3
:103DB00022F001021A607B681B681B68FB60FB68CD
:103DC00023F47063FB603B681B02FA681343FB60DB
:103DD0007B681B68FA681A607B681B681A687B68D6
:103DE0001B6842F001021A607B68202283F84120A0
:103DF0007B68002283F84020002300E0022318465D
:103E00001437BD465DF8047B7047000080B400AFF6
:103E1000044B1B6803F4C0631846BD465DF8047B81
:103E2000704700BF0070004080B485B000AF78607C
:103E30007B68B3F5007F30D1234B1B6803F4C0636C
:103E4000B3F5007F38D0204B1B6823F4C0631E4AB3
:103E500043F4007313601D4B1B68322202FB03F313
:103E60001B4AA2FB03239B0C0133FB6002E0FB68AF
:103E7000013BFB60144B5B6903F48063B3F5806F17
:103E800002D1FB68002BF2D10F4B5B6903F4806316
:103E9000B3F5806F10D103230FE00B4B1B6803F4C5
:103EA000C063B3F5806F07D0074B1B6823F4C06372
:103EB000054A43F480631360002318461437BD4657
:103EC0005DF8047B704700BF0070004000000020D8
:103ED00083DE1B4380B588B000AF78607B68002B21
:103EE00001D10123CAE3974B9B6803F00C03BB612C
:103EF000944BDB6803F003037B617B681B6803F072
:103F00001003002B00F0E480BB69002B07D0BB69D5
:103F10000C2B40F08B807B69012B40F08780894B14
:103F20001B6803F00203002B05D07B689B69002B04
:103F300001D10123A2E37B681A6A824B1B6803F05C
:103F40000803002B04D07F4B1B6803F0F00305E04F
:103F50007C4BD3F894301B0903F0F003934223D237
:103F60007B681B6A184600F055FD0346002B01D004
:103F7000012383E3734B1B68724A43F00803136009
:103F8000704B1B6823F0F0027B681B6A6D4913437A
:103F90000B606C4B5B6823F47F427B68DB691B0220
:103FA000684913434B6025E0664B1B68654A43F044
:103FB00008031360634B1B6823F0F0027B681B6AE5
:103FC000604913430B605F4B5B6823F47F427B685F
:103FD000DB691B025B4913434B60BB69002B09D1B2
:103FE0007B681B6A184600F015FD0346002B01D0C4
:103FF000012343E300F04AFC0246524B9B681B0935
:1040000003F00F035049CB5C03F01F0322FA03F3C4
:104010004E4A13604E4B1B681846FEF753FC03468E
:10402000FB73FB7B002B52D0FB7B27E37B689B69F8
:10403000002B32D0434B1B68424A43F0010313600C
:10404000FEF790FC386108E0FEF78CFC02463B6905
:10405000D31A022B01D9032310E33A4B1B6803F058
:104060000203002BF0D0374B1B68364A43F008039D
:104070001360344B1B6823F0F0027B681B6A3149E4
:1040800013430B602F4B5B6823F47F427B68DB6933
:104090001B022C4913434B601AE02A4B1B68294A28
:1040A00023F001031360FEF75DFC386108E0FEF7C2
:1040B00059FC02463B69D31A022B01D90323DDE2E6
:1040C000204B1B6803F00203002BF0D100E000BF7F
:1040D0007B681B6803F00103002B74D0BB69082BBD
:1040E00005D0BB690C2B0ED17B69032B0BD1154B73
:1040F0001B6803F40033002B64D07B685B68002BE3
:1041000060D10123BAE27B685B68B3F5803F06D1DA
:104110000C4B1B680B4A43F48033136026E07B682A
:104120005B68B3F5A02F15D1064B1B68054A43F415
:1041300080231360034B1B68024A43F480331360EF
:1041400014E000BF00100240A08900080000002019
:1041500004000020A04B1B689F4A23F480331360A7
:104160009D4B1B689C4A23F4802313607B685B682B
:10417000002B13D0FEF7F6FB386108E0FEF7F2FBE8
:1041800002463B69D31A642B01D9032376E2924B92
:104190001B6803F40033002BF0D014E0FEF7E2FBC1
:1041A000386108E0FEF7DEFB02463B69D31A642B58
:1041B00001D9032362E2884B1B6803F40033002B10
:1041C000F0D100E000BF7B681B6803F00203002B06
:1041D00060D0BB69042B05D0BB690C2B19D17B695E
:1041E000022B16D17C4B1B6803F48063002B05D097
:1041F0007B68DB68002B01D101233FE2764B5B68D3
:1042000023F0F8527B681B691B06734913434B600C
:1042100040E07B68DB68002B23D06F4B1B686E4A45
:1042200043F480731360FEF79DFB386108E0FEF7EE
:1042300099FB02463B69D31A022B01D903231DE2E5
:10424000654B1B6803F48063002BF0D0624B5B6806
:1042500023F0F8527B681B691B065F4913434B60D0
:1042600018E05D4B1B685C4A23F480731360FEF713
:1042700079FB386108E0FEF775FB02463B69D31A0B
:10428000022B01D90323F9E1534B1B6803F480632C
:10429000002BF0D17B681B6803F00803002B3CD097
:1042A0007B685B69002B1CD04B4BD3F894304A4A97
:1042B00043F00103C2F89430FEF754FB386108E084
:1042C000FEF750FB02463B69D31A022B01D90323A8
:1042D000D4E1414BD3F8943003F00203002BEFD02C
:1042E0001BE03D4BD3F894303B4A23F00103C2F866
:1042F0009430FEF737FB386108E0FEF733FB0246E7
:104300003B69D31A022B01D90323B7E1324BD3F80F
:10431000943003F00203002BEFD17B681B6803F09D
:104320000403002B00F0A6800023FB772A4B9B6D33
:1043300003F08053002B0DD1274B9B6D264A43F091
:1043400080539365244B9B6D03F08053BB60BB6827
:104350000123FB77214B1B6803F48073002B18D1DA
:104360001E4B1B681D4A43F480731360FEF7FAFA74
:10437000386108E0FEF7F6FA02463B69D31A022BD1
:1043800001D903237AE1154B1B6803F48073002BDA
:10439000F0D07B689B68012B08D10F4BD3F890308D
:1043A0000D4A43F00103C2F8903029E07B689B6816
:1043B000052B15D1084BD3F89030074A43F004037E
:1043C000C2F89030044BD3F89030034A43F0010315
:1043D000C2F8903014E000BF0010024000700040AE
:1043E0009C4BD3F890309B4A23F00103C2F89030E5
:1043F000984BD3F89030974A23F00403C2F89030DA
:104400007B689B68002B16D0FEF7ACFA38610AE097
:10441000FEF7A8FA02463B69D31A41F2883293426A
:1044200001D903232AE18B4BD3F8903003F0020328
:10443000002BEDD015E0FEF795FA38610AE0FEF7A3
:1044400091FA02463B69D31A41F28832934201D96C
:10445000032313E17F4BD3F8903003F00203002BCA
:10446000EDD1FB7F012B05D17A4B9B6D794A23F06F
:10447000805393657B689B6A002B00F0FE807B680D
:104480009B6A022B40F0D080724BDB687B617B69BA
:1044900003F003027B68DB6A9A4230D17B6903F048
:1044A00070027B681B6B013B1B019A4227D17B6921
:1044B00003F4FE427B685B6B1B029A421FD17B694F
:1044C00003F400337A68926B072A14BF012200229A
:1044D000D2B2934213D17B6903F4C0027B68DB6BD9
:1044E0005B08013B5B059A4209D17B6903F0C0621E
:1044F0007B681B6C5B08013B5B069A426ED0BB6914
:104500000C2B69D0534B1B6803F08063002B05D143
:10451000504B1B6803F08053002B01D00123ADE00A
:104520004C4B1B684B4A23F080731360FEF71AFA5A
:10453000386108E0FEF716FA02463B69D31A022BEF
:1045400001D903239AE0434B1B6803F00073002B4F
:10455000F0D1404BDA68404B13407A68D16A7A68F0
:10456000126B013A120111437A68526B1202114325
:104570007A68D26B5208013A520511437A68126C7C
:104580005208013A520611437A68926B120952049A
:104590000A4330491343CB602E4B1B682D4A43F02E
:1045A000807313602B4BDB682A4A43F08073D3601F
:1045B000FEF7D8F9386108E0FEF7D4F902463B6906
:1045C000D31A022B01D9032358E0224B1B6803F0B6
:1045D0000073002BF0D050E001234FE01D4B1B680F
:1045E00003F00073002B48D11A4B1B68194A43F0A3
:1045F00080731360174BDB68164A43F08073D360F7
:10460000FEF7B0F9386108E0FEF7ACF902463B6905
:10461000D31A022B01D9032330E00E4B1B6803F0A1
:104620000073002BF0D028E0BB690C2B23D0094B82
:104630001B68084A23F080731360FEF793F9386112
:104640000CE0FEF78FF902463B69D31A022B05D91D
:10465000032313E0001002408C809DF9094B1B6876
:1046600003F00073002BECD1064BDA680549064BCA
:104670001340CB6001E0012300E0002318462037FF
:10468000BD4680BD00100240FCFFEEFE80B584B048
:1046900000AF786039607B68002B01D10123E7E02F
:1046A000754B1B6803F007033A689A4210D9724BA6
:1046B0001B6823F0070270493B6813430B606E4B85
:1046C0001B6803F007033A689A4201D00123CFE048
:1046D0007B681B6803F00203002B10D07B689A688C
:1046E000664B9B6803F0F0039A4208D9634B9B68C2
:1046F00023F0F0027B689B68604913438B607B6802
:104700001B6803F00103002B4CD07B685B68032B14
:1047100007D15A4B1B6803F00073002B21D10123F2
:10472000A6E07B685B68022B07D1544B1B6803F43F
:104730000033002B15D101239AE07B685B68002BC6
:1047400007D14E4B1B6803F00203002B09D1012354
:104750008EE04A4B1B6803F48063002B01D10123D8
:1047600086E0464B9B6823F003027B685B68434905
:1047700013438B60FEF7F6F8F8600AE0FEF7F2F8F4
:104780000246FB68D31A41F28832934201D90323CF
:104790006EE03A4B9B6803F00C027B685B689B0001
:1047A0009A42EBD17B681B6803F00203002B10D008
:1047B0007B689A68314B9B6803F0F0039A4208D2F9
:1047C0002E4B9B6823F0F0027B689B682B491343B8
:1047D0008B60294B1B6803F007033A689A4210D29A
:1047E000254B1B6823F0070223493B6813430B60EA
:1047F000214B1B6803F007033A689A4201D001235A
:1048000036E07B681B6803F00403002B08D01B4BC9
:104810009B6823F4E0627B68DB68184913438B6074
:104820007B681B6803F00803002B09D0134B9B68BF
:1048300023F460527B681B69DB00104913438B60D3
:1048400000F024F802460D4B9B681B0903F00F0390
:104850000B49CB5C03F01F0322FA03F3094A1360F0
:10486000094B1B681846FEF72DF80346FB72FB7ACE
:1048700018461037BD4680BD00200240001002409F
:10488000A0890008000000200400002080B489B046
:1048900000AF0023FB610023BB613E4B9B6803F02C
:1048A0000C033B613B4BDB6803F00303FB603B699C
:1048B000002B05D03B690C2B21D1FB68012B1ED1AD
:1048C000344B1B6803F00803002B07D1314BD3F89E
:1048D00094301B0A03F00F03FB6105E02D4B1B68AE
:1048E0001B0903F00F03FB612B4AFB6952F82330CD
:1048F000FB613B69002B0DD1FB69BB610AE03B69A1
:10490000042B02D1254BBB6104E03B69082B01D18C
:10491000234BBB613B690C2B34D11E4BDB6803F08E
:104920000303BB60BB68022B03D0BB68032B03D01F
:1049300005E01A4B7B6105E0194B7B6102E0FB69E6
:104940007B6100BF134BDB681B0903F007030133D6
:104950007B60104BDB681B0A03F07F037A6903FB63
:1049600002F27B68B2FBF3F37B610A4BDB685B0E00
:1049700003F0030301335B003B607A693B68B2FBE1
:10498000F3F3BB61BB6918462437BD465DF8047B71
:10499000704700BF00100240B88900080024F400EE
:1049A00000127A0080B400AF034B1B681846BD4666
:1049B0005DF8047B704700BF0000002080B500AFA9
:1049C000FFF7F0FF0246064B9B681B0A03F0070344
:1049D0000449CB5C03F01F0322FA03F3184680BDA1
:1049E00000100240B089000880B500AFFFF7DAFF81
:1049F0000246064B9B68DB0A03F007030449CB5CC5
:104A000003F01F0322FA03F3184680BD0010024092
:104A1000B089000880B586B000AF786000233B61A4
:104A20002A4B9B6D03F08053002B03D0FFF7EEF968
:104A3000786114E0254B9B6D244A43F080539365C5
:104A4000224B9B6D03F08053FB60FB68FFF7DEF9A0
:104A500078611E4B9B6D1D4A23F0805393657B69E3
:104A6000B3F5007F0BD17B68802B19D97B68A02B15
:104A700002D902233B6113E001233B6110E07B6814
:104A8000802B02D903233B610AE07B68802B02D193
:104A900002233B6104E07B68702B01D101233B6161
:104AA0000B4B1B6823F0070209493B6913430B605A
:104AB000074B1B6803F007033A699A4201D00123B0
:104AC00000E0002318461837BD4680BD00100240A4
:104AD0000020024080B586B000AF78600023FB74F0
:104AE0000023BB747B681B6803F40063002B41D078
:104AF0007B685B6EB3F5400F2AD0B3F5400F24D826
:104B0000B3F5000F08D0B3F5000F1ED8002B0AD064
:104B1000B3F5800F10D018E0864BDB68854A43F46C
:104B20008033D36015E07B6804330021184600F021
:104B3000BBFA0346FB740CE07B6820330021184667
:104B400000F0A6FB0346FB7403E00123FB7400E0C6
:104B500000BFFB7C002B0BD1764BD3F8883023F4BD
:104B600040027B685B6E73491343C1F8883001E0F3
:104B7000FB7CBB747B681B6803F48053002B41D023
:104B80007B689B6EB3F1407F2AD0B3F1407F24D87D
:104B9000B3F1007F08D0B3F1007F1ED8002B0AD0FC
:104BA000B3F1807F10D018E0624BDB68614A43F4B8
:104BB0008033D36015E07B6804330021184600F091
:104BC00073FA0346FB740CE07B682033002118461F
:104BD00000F05EFB0346FB7403E00123FB7400E07E
:104BE00000BFFB7C002B0BD1524BD3F8883023F055
:104BF00040727B689B6E4F491343C1F8883001E0D7
:104C0000FB7CBB747B681B6803F40033002B00F053
:104C1000A08000237B74474B9B6D03F08053002BD7
:104C200001D1012300E00023002B0DD0414B9B6DEF
:104C3000404A43F0805393653E4B9B6D03F0805395
:104C4000BB60BB6801237B743B4B1B683A4A43F44F
:104C500080731360FDF786FEF86009E0FDF782FEC1
:104C60000246FB68D31A022B02D90323FB7405E02A
:104C7000314B1B6803F48073002BEFD0FB7C002BBF
:104C80005CD12C4BD3F8903003F440737B617B698B
:104C9000002B1FD07B68D3F884307A699A4219D0F0
:104CA000244BD3F8903023F440737B61214BD3F82D
:104CB0009030204A43F48033C2F890301D4BD3F833
:104CC00090301C4A23F48033C2F89030194A7B6933
:104CD000C2F890307B6903F00103002B16D0FDF77A
:104CE00041FEF8600BE0FDF73DFE0246FB68D31A7B
:104CF00041F28832934202D90323FB7406E00D4B44
:104D0000D3F8903003F00203002BECD0FB7C002B97
:104D10000CD1084BD3F8903023F440727B68D3F861
:104D2000843004491343C1F8903009E0FB7CBB7424
:104D300006E000BF0010024000700040FB7CBB7426
:104D40007B7C012B05D19E4B9B6D9D4A23F08053AC
:104D500093657B681B6803F00103002B0AD0984B16
:104D6000D3F8883023F003027B689B6B944913438C
:104D7000C1F888307B681B6803F00203002B0AD05F
:104D80008F4BD3F8883023F00C027B68DB6B8C49A7
:104D90001343C1F888307B681B6803F00403002BC1
:104DA0000AD0874BD3F8883023F030027B681B6C25
:104DB00083491343C1F888307B681B6803F00803FC
:104DC000002B0AD07E4BD3F8883023F0C0027B68DA
:104DD0005B6C7B491343C1F888307B681B6803F028
:104DE0001003002B0AD0764BD3F8883023F440729E
:104DF0007B689B6C72491343C1F888307B681B68E1
:104E000003F02003002B0AD06D4BD3F8883023F435
:104E100040627B68DB6C6A491343C1F888307B6869
:104E20001B6803F40073002B0AD0654BD3F888305D
:104E300023F440227B68DB6D61491343C1F888305D
:104E40007B681B6803F48063002B0AD05C4BD3F8AB
:104E5000883023F440127B681B6E59491343C1F814
:104E600088307B681B6803F04003002B0AD0544B4A
:104E7000D3F8883023F440527B681B6D50491343AC
:104E8000C1F888307B681B6803F08003002B0AD0D0
:104E90004B4BD3F8883023F440427B685B6D484924
:104EA0001343C1F888307B681B6803F48073002BC0
:104EB0000AD0434BD3F8883023F440327B689B6D93
:104EC0003F491343C1F888307B681B6803F40053E3
:104ED000002B28D03A4BD3F8883023F040627B680F
:104EE000DB6E37491343C1F888307B68DB6EB3F162
:104EF000006F06D1324BDB68314A43F48013D36034
:104F000011E07B68DB6EB3F1806F0CD17B680433FA
:104F10000121184600F0C8F80346FB74FB7C002B07
:104F200001D0FB7CBB747B681B6803F40023002B5F
:104F300028D0234BD3F8883023F040627B681B6F66
:104F40001F491343C1F888307B681B6FB3F1006FB2
:104F500006D11B4BDB681A4A43F48013D36011E07F
:104F60007B681B6FB3F1806F0CD17B680433012128
:104F7000184600F099F80346FB74FB7C002B01D027
:104F8000FB7CBB747B681B6803F48023002B2BD055
:104F90000B4BD3F8883023F040627B685B6F084985
:104FA0001343C1F888307B685B6FB3F1006F09D1A0
:104FB000034BDB68024A43F48013D36014E000BF64
:104FC000001002407B685B6FB3F1806F0CD17B688F
:104FD00004330121184600F067F80346FB74FB7C9C
:104FE000002B01D0FB7CBB747B681B6803F48043FF
:104FF000002B2FD02B4BD3F8883023F040527B6806
:105000009B6F28491343C1F888307B689B6FB3F1CD
:10501000805F0DD17B6804330221184600F044F80C
:105020000346FB74FB7C002B14D0FB7CBB7411E0AB
:105030007B689B6FB3F1005F0CD17B68203302214A
:10504000184600F025F90346FB74FB7C002B01D0C9
:10505000FB7CBB747B681B6803F40043002B0AD005
:10506000104BD3F8883023F080427B68DB6F0D490A
:105070001343C1F888307B681B6803F48033002B2E
:105080000BD0084BD3F8883023F000427B68D3F86C
:10509000803004491343C1F88830BB7C1846183768
:1050A000BD4680BD0010024080B584B000AF78607E
:1050B00039600023FB73754BDB6803F00303002B9F
:1050C00018D0724BDB6803F003027B681B689A42BE
:1050D0000DD17B681B68002B09D06C4BDB681B096A
:1050E00003F007035A1C7B685B689A4247D0012390
:1050F000FB7344E07B681B68032B18D0032B25D877
:10510000012B02D0022B09D020E0604B1B6803F07A
:105110000203002B1DD10123FB731AE05B4B1B68BC
:1051200003F48063002B16D10123FB7313E0574B6C
:105130001B6803F40033002B0FD1544B1B6803F49E
:105140008023002B09D10123FB7306E00123FB73AD
:1051500004E000BF02E000BF00E000BFFB7B002BCB
:105160000DD14A4BDB6823F073027B6819687B68BA
:105170005B68013B1B010B4344491343CB60FB7B42
:10518000002B7DD1414B1B68404A23F080631360A4
:10519000FDF7E8FBB86009E0FDF7E4FB0246BB68F9
:1051A000D31A022B02D90323FB7305E0374B1B688C
:1051B00003F00063002BEFD1FB7B002B60D13B6839
:1051C000002B11D1314B1B6923F41F3323F440739F
:1051D0007A68926811027A68D268120952040A4306
:1051E0002A4913430B6127E03B68012B12D1274B5F
:1051F0001B6923F4C00323F4FE437A68926811020A
:105200007A6812695208013A52050A431F4913434A
:105210000B6111E01D4B1B6923F0C06323F4FE43B7
:105220007A68926811027A6852695208013A520605
:105230000A43164913430B61144B1B68134A43F08E
:1052400080631360FDF78EFBB86009E0FDF78AFB11
:105250000246BB68D31A022B02D90323FB7305E075
:105260000A4B1B6803F00063002BEFD0FB7B002B85
:1052700006D1064B1A697B689B69044913430B618D
:10528000FB7B18461037BD4680BD00BF00100240B2
:1052900080B584B000AF786039600023FB736A4B3F
:1052A000DB6803F00303002B18D0674BDB6803F0C7
:1052B00003027B681B689A420DD17B681B68002B38
:1052C00009D0614BDB681B0903F007035A1C7B689C
:1052D0005B689A4247D00123FB7344E07B681B68FC
:1052E000032B18D0032B25D8012B02D0022B09D079
:1052F00020E0554B1B6803F00203002B1DD1012356
:10530000FB731AE0504B1B6803F48063002B16D12B
:105310000123FB7313E04C4B1B6803F40033002B99
:105320000FD1494B1B6803F48023002B09D10123C3
:10533000FB7306E00123FB7304E000BF02E000BF43
:1053400000E000BFFB7B002B0DD13F4BDB6823F05F
:1053500073027B6819687B685B68013B1B010B4328
:1053600039491343CB60FB7B002B67D1364B1B685D
:10537000354A23F080531360FDF7F4FAB86009E072
:10538000FDF7F0FA0246BB68D31A022B02D90323B9
:10539000FB7305E02C4B1B6803F00053002BEFD18F
:1053A000FB7B002B4AD13B68002B11D1264B5B695C
:1053B00023F41F3323F440737A68926811027A68E9
:1053C000D268120952040A431F4913434B6111E08A
:1053D0001D4B5B6923F0C06323F4FE437A68926837
:1053E00011027A6812695208013A52060A431649B4
:1053F00013434B61144B1B68134A43F080531360F3
:10540000FDF7B0FAB86009E0FDF7ACFA0246BB68F8
:10541000D31A022B02D90323FB7305E00A4B1B6846
:1054200003F00053002BEFD0FB7B002B06D1064B83
:105430005A697B685B69044913434B61FB7B1846DF
:105440001037BD4680BD00BF0010024080B582B05D
:1054500000AF78607B68002B01D1012340E07B68BE
:10546000DB6F002B06D17B68002283F878207868F8
:10547000FCF7D0F87B682422DA677B681B681A681F
:105480007B681B6822F001021A607B685B6A002B54
:1054900002D0786800F074FB786800F0B9F8034631
:1054A000012B01D101231BE07B681B685A687B68D4
:1054B0001B6822F490425A607B681B689A687B687C
:1054C0001B6822F02A029A607B681B681A687B6856
:1054D0001B6842F001021A60786800F0F3FB034693
:1054E00018460837BD4680BD80B58AB002AFF86067
:1054F000B9603B601346FB80FB68DB6F202B40F0FC
:105500008180BB68002B02D0FB88002B01D10123D6
:1055100079E0FB680022C3F88420FB682122DA6767
:10552000FDF720FA7861FB68FA88A3F85020FB6841
:10553000FA88A3F85220FB689B68B3F5805F08D116
:10554000FB681B69002B04D10023FB61BB68BB61B6
:1055500003E0BB68FB610023BB6138E03B6800935C
:105560007B6900228021F86800F054FC0346002B80
:1055700004D0FB682022DA67032344E0FB69002B98
:105580000BD1BB691B881A46FB681B68C2F3080273
:105590009A62BB690233BB6107E0FB691A78FB685A
:1055A0001B689A62FB690133FB61FB68DB6F03F0E8
:1055B0002103212B09D1FB68B3F852309BB2013B88
:1055C0009AB2FB68A3F8522001E001231BE0FB68BC
:1055D000B3F852309BB2002BC0D13B6800937B697B
:1055E00000224021F86800F015FC0346002B04D08F
:1055F000FB682022DA67032305E0FB682022DA67D4
:10560000002300E0022318462037BD4680BD00007D
:105610002DE9B04F8AB000AFF860002387F8223040
:10562000FB689A68FB681B691A43FB685B691A434D
:10563000FB68DB6913437B62FB681B681A68A44B39
:105640001340FA681268796A0B431360FB681B68A1
:105650005B6823F44051FB68DA68FB681B680A4307
:105660005A60FB689B697B62FB681B68994A93429E
:1056700004D0FB681B6A7A6A13437B62FB681B6871
:105680009B6823F43061FB681B687A6A0A439A605E
:10569000FB681B68904A934226D1904BD3F8883020
:1056A00003F00303032B1BD801A252F823F000BF21
:1056B000C1560008D1560008C9560008D95600083E
:1056C000012387F8233016E1022387F8233012E103
:1056D000042387F823300EE1082387F823300AE1FA
:1056E000102387F8233006E1FB681B687C4A93424D
:1056F00038D17A4BD3F8883003F00C030C2B2DD81B
:1057000001A252F823F000BF3D5700085D57000882
:105710005D5700085D5700084D5700085D570008A9
:105720005D5700085D570008455700085D570008A1
:105730005D5700085D57000855570008002387F89B
:105740002330D8E0022387F82330D4E0042387F8FD
:105750002330D0E0082387F82330CCE0102387F8EB
:105760002330C8E0FB681B685E4A934225D15B4B3F
:10577000D3F8883003F03003302B16D0302B18D8F4
:10578000202B0AD0202B14D8002B02D0102B08D0AD
:105790000FE0002387F82330ADE0022387F82330A1
:1057A000A9E0042387F82330A5E0082387F82330F5
:1057B000A1E0102387F823309DE0FB681B684A4A6C
:1057C000934225D1454BD3F8883003F0C003C02B5A
:1057D00016D0C02B18D8802B0AD0802B14D8002BC1
:1057E00002D0402B08D00FE0002387F8233082E05E
:1057F000022387F823307EE0042387F823307AE001
:10580000082387F8233076E0102387F8233072E0EE
:10581000FB681B68354A93422AD1304BD3F8883055
:1058200003F44073B3F5407F1AD0B3F5407F1BD823
:10583000B3F5007F0CD0B3F5007F15D8002B03D053
:10584000B3F5807F08D00FE0002387F8233052E0C3
:10585000022387F823304EE0042387F823304AE000
:10586000082387F8233046E0102387F8233042E0EE
:10587000FB681B68174A93423AD1184BD3F888301B
:1058800003F44063B3F5406F1AD0B3F5406F1BD8F3
:10589000B3F5006F0CD0B3F5006F15D8002B03D013
:1058A000B3F5806F08D00FE0002387F8233022E0A3
:1058B000022387F823301EE0042387F823301AE000
:1058C000082387F8233016E0102387F8233012E0EE
:1058D000F369FFEF008000400038014000100240F3
:1058E0000044004000480040004C00400050004090
:1058F000102387F82330FB681B689F4A93427AD1B4
:1059000097F82330082B24D801A252F823F000BFC7
:1059100035590008535900083D59000853590008EB
:1059200043590008535900085359000853590008B7
:105930004B590008FFF742F8F86110E08F4BFB610C
:105940000DE0FEF7A3FFF86109E04FF40043FB61AF
:1059500005E00023FB61012387F8223000BFFB69CB
:10596000002B00F0FB80FB685A6813465B00134471
:10597000FA699A4205D3FB685B681B03FA699A428D
:1059800003D9012387F82230E8E0FB6900221C4696
:1059900015464FF000024FF000032B0243EA146358
:1059A0002202F9684968490800208846814612EBBE
:1059B000080A43EB090BFB685B6800223B607A60D6
:1059C000D7E9002350465946FBF7EEF802460B464E
:1059D0001346BB61BB69B3F5407F08D3BB69B3F520
:1059E000801F04D2FB681B68BA69DA60B6E0012345
:1059F00087F82230B2E0FB68DB69B3F5004F5ED177
:105A000097F82330082B28D801A252F823F000BFC2
:105A1000355A00083D5A0008455A00085B5A0008EC
:105A20004B5A00085B5A00085B5A00085B5A000892
:105A3000535A0008FEF7C2FFF86114E0FEF7D4FFE6
:105A4000F86110E04D4BFB610DE0FEF71FFFF861C0
:105A500009E04FF40043FB6105E00023FB610123F3
:105A600087F8223000BFFB69002B77D0FB695A0012
:105A7000FB685B685B081A44FB685B68B2FBF3F386
:105A8000BB61BB690F2B16D9BB69B3F5803F12D23E
:105A9000BB699BB223F00F03FB82BB695B089BB21F
:105AA00003F007039AB2FB8A1343FB82FB681B686F
:105AB000FA8ADA6052E0012387F822304EE097F844
:105AC0002330082B27D801A252F823F0F15A0008FE
:105AD000F95A0008015B0008175B0008075B000823
:105AE000175B0008175B0008175B00080F5B0008D6
:105AF000FEF764FFF86114E0FEF776FFF86110E04E
:105B00001E4BFB610DE0FEF7C1FEF86109E04FF4AA
:105B10000043FB6105E00023FB61012387F822308D
:105B200000BFFB69002B19D0FB685B685A08FB6952
:105B30001A44FB685B68B2FBF3F3BB61BB690F2BD4
:105B400009D9BB69B3F5803F05D2BB699AB2FB683E
:105B50001B68DA6002E0012387F82230FB6800222C
:105B60009A66FB680022DA6697F8223018462837D2
:105B7000BD46BDE8B08F00BF008000400024F400A7
:105B800080B483B000AF78607B685B6A03F0080381
:105B9000002B0AD07B681B685B6823F400417B689C
:105BA0005A6B7B681B680A435A607B685B6A03F028
:105BB0000103002B0AD07B681B685B6823F400316B
:105BC0007B689A6A7B681B680A435A607B685B6AD9
:105BD00003F00203002B0AD07B681B685B6823F488
:105BE00080317B68DA6A7B681B680A435A607B688D
:105BF0005B6A03F00403002B0AD07B681B685B68B8
:105C000023F480217B681A6B7B681B680A435A6007
:105C10007B685B6A03F01003002B0AD07B681B686B
:105C20009B6823F480517B689A6B7B681B680A43EE
:105C30009A607B685B6A03F02003002B0AD07B68C4
:105C40001B689B6823F400517B68DA6B7B681B68D8
:105C50000A439A607B685B6A03F04003002B1AD00A
:105C60007B681B685B6823F480117B681A6C7B6817
:105C70001B680A435A607B681B6CB3F5801F0AD10E
:105C80007B681B685B6823F4C0017B685A6C7B6887
:105C90001B680A435A607B685B6A03F08003002B31
:105CA0000AD07B681B685B6823F400217B689A6CD0
:105CB0007B681B680A435A6000BF0C37BD465DF81D
:105CC000047B704780B598B002AF78607B68002293
:105CD000C3F88420FCF746FE78657B681B681B6868
:105CE00003F00803082B2ED16FF07E4300937B6DE9
:105CF00000224FF40011786800F08CF80346002B66
:105D000021D07B681B68BB63BB6B53E8003F7B63A0
:105D10007B6B23F080033B657B681B681A463B6DF9
:105D20007B643A64396C7A6C41E80023FB63FB6B5B
:105D3000002BE6D17B682022DA677B68002283F89B
:105D40007820032362E07B681B681B6803F0040370
:105D5000042B49D16FF07E4300937B6D00224FF4FA
:105D60008001786800F056F80346002B3CD07B6831
:105D70001B687B627B6A53E8003F3B623B6A23F40B
:105D80009073FB647B681B681A46FB6C3B63FA628A
:105D9000F96A3A6B41E80023BB62BB6A002BE6D18B
:105DA0007B681B6808333B613B6953E8003FFB603D
:105DB000FB6823F00103BB647B681B680833BA6C83
:105DC000FA61BB61B969FA6941E800237B617B69CB
:105DD000002BE5D17B682022C3F880207B6800225D
:105DE00083F87820032311E07B682022DA677B6840
:105DF0002022C3F880207B6800221A667B6800227C
:105E00005A667B68002283F87820002318465837AA
:105E1000BD4680BD80B584B000AFF860B9603B601E
:105E20001346FB714FE0BB69B3F1FF3F4BD0FCF76A
:105E300099FD02463B68D31ABA699A4202D3BB69FC
:105E4000002B01D103234EE0FB681B681B6803F0A5
:105E50000403002B37D0BB68802B34D0BB68402BA9
:105E600031D0FB681B68DB6903F00803082B10D1F5
:105E7000FB681B6808221A62F86800F038F8FB68B3
:105E80000822C3F88420FB68002283F878200123CD
:105E900029E0FB681B68DB6903F40063B3F5006F5E
:105EA00011D1FB681B684FF400621A62F86800F0B9
:105EB0001EF8FB682022C3F88420FB68002283F8C8
:105EC000782003230FE0FB681B68DA69BB68134086
:105ED000BA689A420CBF01230023DBB21A46FB7951
:105EE0009A42A0D0002318461037BD4680BD80B42A
:105EF00095B000AF78607B681B687B637B6B53E871
:105F0000003F3B633B6B23F49073FB647B681B682F
:105F10001A46FB6C3B64FA63F96B3A6C41E8002368
:105F2000BB63BB6B002BE6D17B681B6808333B620D
:105F30003B6A53E8003FFB61FB6923F00103BB644C
:105F40007B681B680833BA6CFA62BB62B96AFA6A8A
:105F500041E800237B627B6A002BE5D17B681B6EE6
:105F6000012B18D17B681B68FB60FB6853E8003F7E
:105F7000BB60BB6823F010037B647B681B681A4618
:105F80007B6CBB617A617969BA6941E800233B6146
:105F90003B69002BE6D17B682022C3F880207B6818
:105FA00000221A667B6800229A6600BF5437BD46FD
:105FB0005DF8047B70472DE9FF4757EC106B002F0D
:105FC0000C4619463B46BBBF07F100431F46002362
:105FD0002D230B700D9BDDF830A0914623F0200897
:105FE000BCBF32461646B8F1460F05D0B8F1450F92
:105FF00000D10134022100E0032103AB019302AB85
:10600000009347EC106B5346224600F059FEB8F15E
:10601000470F054619D119F0010F0ED000EB040906
:106020000022002330463946FAF74EFD08B1CDF87C
:106030000C903022039B4B451ED3039B0E9A5B1B97
:106040002846136004B0BDE8F087B8F1460F00EBB6
:106050000409E5D10378302B0AD100220023304611
:106060003946FAF731FD18B9C4F10104CAF8004005
:10607000DAF800309944D3E7591C03911A70D9E734
:10608000F7B50029BABF49422D232B2309290270F5
:10609000437029DD0DF1070425460A272246B1FB8E
:1060A000F7F607FB1613303302F8013C0B46632B5F
:1060B00004F1FF343146F1DC3031931E04F8011C49
:1060C000411C1C46AB420AD30DF109039B1AA542A1
:1060D00038BF0023821C1344181A03B0F0BD13F814
:1060E000016B01F8016FEDE7302330318370C1702F
:1060F000031DF1E72DE9F04F8DB00C46DDF8588017
:1061000016461F46054600F0DBFC0368069318465A
:10611000FAF7AEF800230A93D8F8003094F818A0E4
:10612000D4F800B00790073323F00703B3EC027BE9
:106130008DED047BC8F80030DDE9048323F00049CD
:1061400084ED127B9C4B4FF0FF3240464946FAF7F4
:10615000EDFC70BB984B4FF0FF3240464946FAF7D2
:10616000C7FC30BBDDE9040100220023FAF7B6FCCE
:1061700010B12D2384F84330904A914BBAF1470F68
:106180008CBF90469846032323612BF004032360C1
:106190004FF00009009733460BAA2146284600F02D
:1061A000D1F9013040F08C804FF0FF300DB0BDE8E8
:1061B000F08FDDE9042310461946FAF7B7FC40B129
:1061C000059B804A002BBCBF2D2384F843307E4BB7
:1061D000D4E763685A1C0AF0DF093BD106236360E9
:1061E0004BF480620023226003930AABCDE901A344
:1061F00009AB009361689DED040B0DF12303284664
:10620000FFF7D9FEB9F1470F0999804629D1C81C7B
:1062100002DB63688B4241DAAAF1020A5FFA8AFA6A
:106220000139524604F150000991FFF729FF0A9AFB
:106230001318012A8146236102DC2268D20701D5A6
:10624000013323619DF82330002BA3D02D2384F844
:1062500043309FE7B9F1470FC2D1002BC0D10123D2
:10626000BDE7BAF1650FDBD9BAF1660F18D1002985
:1062700063680BDD216113B92268D00702D50133B1
:106280000B442361A1654FF00009DBE713B92268D5
:10629000D20701D50233F4E70123F2E74FF0670A92
:1062A0000A9B8B4205DC23682161D807EAD54B1C89
:1062B000E7E70029D4BFC1F1020201221344E0E75D
:1062C00023685A0507D42369424631462846B84711
:1062D00001302BD168E7BAF1650F40F2DD80D4E9D7
:1062E000120100220023FAF7EFFB002833D0374ACF
:1062F000012331462846B84701303FF455AFDDE968
:106300000938434502DB2368D8070FD5DDE90623AA
:1063100031462846B84701303FF446AF4FF00009F8
:1063200008F1FF3804F11A0AC84509DC23689B0705
:1063300000F10381E0680B9B9842B8BF184635E72F
:106340000123524631462846B84701303FF42CAF6E
:1063500009F10109E8E7099B002B39DC1B4A0123FD
:1063600031462846B84701303FF41EAFDDE9093910
:1063700059EA030302D12368D907D7D5DDE90623FB
:1063800031462846B84701303FF40EAF4FF0000ABF
:1063900004F11A0B099B5B42534501DC4B4693E722
:1063A00001235A4631462846B84701303FF4FCAE37
:1063B0000AF1010AEEE700BFFFFFEF7FEC8900085A
:1063C000E8890008F4890008F0890008F8890008C5
:1063D000A36DDDF828A05345A8BF5346002B99466E
:1063E00036DC4FF0000B29EAE97904F11A02A36DBB
:1063F0000493A3EB09035B4531DC099B9A453ADC26
:106400002368DA0737D4099BAAEB0309049BAAEB9C
:1064100003039945A8BF9946B9F1000F33DC4FF04B
:10642000000829EAE97904F11A0B099BAAEB030396
:10643000A3EB090343457FF779AF01235A46314661
:106440002846B84701303FF4AFAE08F10108ECE749
:10645000424631462846B8470130C2D1A4E601235E
:10646000314628460492B84701303FF49DAE049A65
:106470000BF1010BBBE7DDE9062331462846B8479F
:106480000130C0D190E6049A4B464244314628463A
:10649000B8470130C3D187E6DDF828A0BAF1010F73
:1064A00001DCDB0736D50123424631462846B84792
:1064B00001303FF479AEDDE9062331462846B8477E
:1064C00001303FF471AED4E91201002200230AF139
:1064D000FF3AFAF7F9FAC0B9534608F1010231461A
:1064E0002846B84701300CD15EE601235A463146B2
:1064F0002846B84701303FF457AE08F10108D045AF
:10650000F3DB4B4604F15002DFE64FF0000804F1E4
:106510001A0BF4E701234246E1E701234A463146DC
:106520002846B84701303FF43FAE08F10108E36860
:106530000B995B1A4345F0DCFCE64FF0000804F1D0
:106540001909F4E72DE9F047164698468A680B6961
:10655000DDF820909342B8BF1346336091F8432092
:1065600007460C460AB1013333602368990642BFDF
:10657000336802333360256815F0060506D104F14F
:10658000190AE36832689B1AAB4226DC94F8433060
:106590002268003B18BF012392062BD404F143026A
:1065A00041463846C84701301ED02368226903F0AF
:1065B0000603042B02BFE5683368ED1AA3680CBF1D
:1065C00025EAE57500259342C4BF9B1AED18002605
:1065D0001A34B5421AD1002008E001235246414640
:1065E0003846C847013003D14FF0FF30BDE8F0878F
:1065F0000135C6E7E1185A1C302081F843002244D7
:1066000094F8451082F843100233C7E7012322466D
:1066100041463846C8470130E6D00136D9E7000088
:106620002DE9F0430D7E85B0782D90460C9E0746EF
:106630000C46994601F1430207D8622D0AD8002D75
:1066400000F0D780582D00F0BC8004F1420684F899
:1066500042503BE0A5F16303152BF6D801A151F898
:1066600023F000BFBD660008D16600084B66000835
:106670004B6600084B6600084B660008D1660008B0
:106680004B6600084B6600084B6600084B66000826
:10669000D9670008FB6600088B6700084B66000896
:1066A0004B660008FB6700084B660008FB660008A5
:1066B0004B6600084B6600089367000833681A1D94
:1066C0001B68326004F1420684F842300123A1E0E5
:1066D00033682068191D3160060601D51D6803E086
:1066E0004506FBD5B3F90050002D03DA2D236D428A
:1066F00084F843305B480A2311E0216833680806B8
:1067000053F8045B02D4490648BFADB23360237E20
:1067100054486F2B5CD10823002184F8431066682D
:10672000A660002E05DB21682E4321F004012160C4
:1067300050D01646B5FBF3F103FB115C10F80CC00A
:1067400006F801CDAC4663450D46F3D9082B0BD1B5
:106750002368DB0708D5236961689942DEBF3023CF
:1067600006F8013C06F1FF36921B2261CDF800903D
:10677000434603AA21463846FFF7E4FE01304ED1D6
:106780004FF0FF3005B0BDE8F083236843F02003ED
:1067900023603548782584F845502368316813F024
:1067A000800F51F8045B03D113F0400F18BFADB256
:1067B0003160D90744BF43F0200323601DB110238B
:1067C000AAE72848E7E7236823F020032360F6E7D9
:1067D0000A23A1E71646B9E7336825686169181DE1
:1067E00030602E061B6801D5196002E06806FBD5F3
:1067F0001980002323611646B8E733681A1D3260FA
:106800001E68626800213046F9F7E2FC08B1801B7F
:10681000606063682361002384F84330A6E723693E
:10682000324641463846C8470130A9D023689B0705
:1068300013D4E068039B9842B8BF1846A2E701232F
:10684000324641463846C847013099D00135E368A1
:1068500003995B1AAB42F2DCEBE7002504F1190661
:10686000F5E700BFFA8900080B8A0008002310B57D
:106870000446C0E90033C0E9043383608181436684
:10688000C2818361194608225C3000F011F90D4B7A
:1068900063620D4BA3620D4BE3620D4B23630D4B03
:1068A00024629C4206D003F16802944202D0D033A5
:1068B0009C4205D104F15800BDE8104000F074B9C5
:1068C00010BD00BF296A00084B6A0008836A0008EF
:1068D000A96A00081C090020024A0349034800F085
:1068E0006BB800BF0C000020098500081C000020C8
:1068F00041680C4B994210B5044601D001F004FEEA
:10690000A168094B994202D0204601F0FDFDE168E3
:10691000064B994204D02046BDE8104001F0F4BD7A
:1069200010BD00BF1C09002084090020EC090020D4
:106930000C4B0D4A0D4810B504211A600022FFF7D8
:1069400095FF0A4B01221C46092103F16800FFF75D
:106950008DFF04F1D0000222BDE810401221FFF7A4
:1069600085BF00BF540A0020D96800081C09002018
:10697000014800F01AB900BF5D0A0020014800F08C
:1069800015B900BF5D0A002010B50446FFF7F0FFFF
:10699000236A1BB1BDE81040FFF7F0BF044B236230
:1069A000044B1B68002BF5D1FFF7C2FFF2E700BFD5
:1069B000F1680008540A00202DE9F843074688468C
:1069C00014460026D4E90195B9F1010905D52468DA
:1069D000002CF7D13046BDE8F883AB89012B07D9ED
:1069E000B5F90E30013303D029463846C047064377
:1069F0006835E9E70FB407B5064904AB086853F8F2
:106A0000042B8168019301F0E9FB03B05DF804EB0E
:106A100004B0704718000020024B014618688268D5
:106A200001F09ABD1800002010B50C46B1F90E1007
:106A300000F06CF80028ABBF636DA3891B1823F42A
:106A40008053ACBF6365A38110BD2DE9F0411F46A3
:106A50008B89DB0505460C46164605D5B1F90E10A7
:106A60000223002200F040F8A389B4F90E1023F4A9
:106A70008053A38132463B462846BDE8F04100F0F2
:106A800057B810B50C46B1F90E1000F02DF8B4F956
:106A90000C30421C0BBF23F4805343F48053A3817A
:106AA000A38118BF606510BDB1F90E1000F00CB8DD
:106AB00002440346934200D1704703F8011BF9E7F3
:106AC000004870475801002038B5064D00230446A1
:106AD00008462B60FAF773FE431C02D12B6803B102
:106AE000236038BD580A002038B5074D04460846D3
:106AF000114600222A601A46FAF788FE431C02D18A
:106B00002B6803B1236038BD580A002038B5074D03
:106B100004460846114600222A601A46FAF732FE59
:106B2000431C02D12B6803B1236038BD580A0020F2
:106B300038B5074D04460846114600222A601A4619
:106B4000FAF728FD431C02D12B6803B1236038BD3E
:106B5000580A0020014B1868704700BF1800002039
:106B600070B50D4B0D4D5B1B9C100026A64209D144
:106B700001F006FF0A4D0B4B5B1B9C100026A64242
:106B800005D170BD55F8043B98470136EEE755F83E
:106B9000043B98470136F2E7648D0008648D0008D5
:106BA000648D0008688D00087047704770472DE9B4
:106BB000F74F03690C69A34207467EDB013C01F1F4
:106BC0001408A30000F11405009305EB840301935E
:106BD00058F8243055F8242001339A4208EB8409F0
:106BE000B2FBF3F62ED34FF0000AC446AE46D346AE
:106BF0005CF8043B98B206FB00A0020C1B0C06FBE1
:106C00000323DEF8002080B292B2121A5A44DEF852
:106C100000004FEA134A9BB2C3EB224303EB10433D
:106C200092B242EA0342E1454EF8042B4FEA234B6D
:106C3000DED2009BEB582BB9019B043B9D421A46C8
:106C40002FD33C61384601F093F9002825DB294613
:106C5000002058F8042BD1F800C01FFA82FE1FFA5A
:106C60008CF3A3EB0E030344120CC2EB234202EBA2
:106C70001C429BB243EA0243C14541F8043B4FEA40
:106C80002240E6D255F8242005EB840322B9043BC8
:106C90009D421A460BD33C610136304603B0BDE835
:106CA000F08F1268043B002ACBD1013CC6E7126882
:106CB000043B002AEFD1013CEAE70020EEE70000A8
:106CC0002DE9F04F99B08DED0E0B0C92C269229C0C
:106CD0000A9157EC106B8146139382B9102000F093
:106CE00015FE0246C9F81C0020B9AB4BEF21AB489A
:106CF00001F016FD0023C0E901330360C360116891
:106D000059B152684A60012393408B60484600F0B5
:106D1000F1FED9F81C3000221A60B7F10008B5BFA7
:106D200001230023236023609D4BBCBF28F0004853
:106D3000CDF83C8033EA08031AD1139AC8F313083C
:106D400042F20F7358EA0608136000F06885239B2F
:106D500053B9944B21E0944B00930833239A13606A
:106D6000009819B0BDE8F08F8E4B00930333F5E720
:106D70009DED0E7B002251EC170B00238DED067B61
:106D8000F9F7A2FE824650B1139A01231360239BA8
:106D900013B1239A854B1360854B0093E0E79DED7B
:106DA000060B16AA17A9484601F096F95FEA18548F
:106DB000169D019079D0079BCDF850A0C3F3130323
:106DC000DDE9060143F07F5343F44013A4F2FF349E
:106DD00019460022774BF9F757FA69A3D3E9002344
:106DE000F9F70AFC68A3D3E90023F9F74FFA06463E
:106DF00020460F46F9F796FB65A3D3E90023F9F780
:106E0000FBFB02460B4630463946F9F73FFA064689
:106E10000F46F9F7A1FE002280460023304639468E
:106E2000F9F75CFE48B14046F9F77CFB32463B4639
:106E3000F9F74AFE08B908F1FF38B8F1160F51D832
:106E40005D4B03EBC803D3E90023DDE90601F9F745
:106E500045FE002848D008F1FF38002312932D1B6F
:106E60006B1E089343BF0023C5F101070893002759
:106E7000B8F1000F3ADB089BCDF834804344089307
:106E8000002309930A9B092B62D8052BC4BF043B3E
:106E90000A930A9BA3F10203CCBF00240124032B15
:106EA00062D8DFE803F05153362B179C2C4404F2D0
:106EB0003243202BC1BFC3F1400308FA03F804F2A8
:106EC000124326FA03F3D6BFC3F1200348EA0300B6
:106ED00006FA03F0F9F716FB0122A1F1F873013C61
:106EE000149275E70123B9E71290B8E7C8F10003DF
:106EF00009930023A7EB08070D93C3E701230B9326
:106F00000C9B434405930133012B0493B8BF012329
:106F100006E001230B930C9B002B28DDCDE9043305
:106F2000D9F81C000021042202F114059D4223D946
:106F30004160484600F0A0FD0090002840D11F4B62
:106F4000024640F2AF11D2E60023E3E70023D6E782
:106F500001240023CDE90A344FF0FF33CDE9043397
:106F6000002212230C92DBE701230B93F4E70123A9
:106F7000CDE904331A46F5E701315200D4E700BFEA
:106F800061436F63A787D23FB3C8608B288AC63F2F
:106F9000FB799F501344D33F298A0008408A000898
:106FA0000000F07F258A00081C8A0008F989000883
:106FB000F88900080000F83F908B0008988A0008C4
:106FC000D9F81C30009A1A60049B0E2B00F2A180A5
:106FD000002C00F09E80B8F1000F36DD9E4B08F0CB
:106FE0000F0203EBC20318F4807FD3E900AB4FEA32
:106FF000281516D0994BDDE90601D3E90823F9F7E6
:1070000025FCCDE9020105F00F050324934E75B967
:10701000DDE9020152465B46F9F718FC82468B46D1
:107020002DE09DED067B02248DED027BEEE7E90766
:1070300008D550465946D6E90023F9F7DDFA013460
:1070400082468B466D100836E1E700F0AD80C8F14E
:107050000005814B814E05F00F0203EBC203D3E91B
:107060000023DDE90601F9F7C7FA2D1182468B46A8
:1070700000230224002D40F08C80002BCED1129BE7
:10708000002B00F09580764B002250465946F9F7C8
:1070900025FD002800F08C80049B002B00F08880E8
:1070A000059B002B35DD08F1FF330293504659460E
:1070B0006C4B0022F9F7A0FA059E82468B460134FC
:1070C0002046F9F72FFA52465B46F9F795FA664BD8
:1070D0000022F9F7DBF80446A1F15075CDE910451F
:1070E000002E69D1614B002250465946F9F7CCF881
:1070F00022462B4682468B46F9F70EFD002840F0CB
:107100009482224605F1004350465946F9F7E6FCC1
:1071100020BB179B002BC0F26081B8F10E0F00F36B
:107120005C814D4B03EBC803D3E900AB0C9B002BF8
:1071300080F2EE80049B002B00F3EA800ED14B4BD3
:10714000002250465946F9F757FA02460B46DDE948
:107150000601F9F7CDFC002800F06A8200252C46D4
:107160000C9B009EDB430293274600242946484699
:1071700000F0C0FC002F00F0C1802CB1BC4203D055
:107180002146484600F0B6FC3946484600F0B2FCBD
:10719000B4E0EA0705D5D6E90023F9F72DFA013462
:1071A00001236D10083665E7DDE906AB022466E7CA
:1071B000049ECDF8088083E7274B03EBC60353E911
:1071C00002010B9B002B55D002460B46002028499C
:1071D000F9F73CFBDDE91023F9F756F8009BCDE900
:1071E00010019D191E4659465046F9F7B5FC044654
:1071F000F9F798F902460B4650465946F9F744F814
:107200003034DDE9102306F8014B82468B46F9F74E
:1072100065FC002872D152465B4611490020F9F7FF
:1072200033F8DDE91023F9F759FC002840F0B68067
:10723000AE423FF46EAFDDE910010A4B0022F9F7D0
:10724000DBF9084BCDE91001002250465946F9F709
:10725000D3F982468B46C6E7908B0008688B0008FE
:107260000000F03F0000244000001C4000001440DB
:107270000000E03FDDE91023F9F7BEF9009B009D17
:10728000CDE910013344159359465046F9F764FC93
:107290000446F9F747F930340B4602465946504642
:1072A000F8F7F2FF05F8014B159B9D4282468B468D
:1072B00027D1009B0022DDE910011E44B34BF8F7F3
:1072C000E5FF02460B4650465946F9F725FC0028D3
:1072D00064D1DDE91023AD490020F8F7D5FF02465F
:1072E0000B4650465946F9F7F9FB00283FF411AF19
:1072F000334616F8012D302AFAD01E46DDF80880F4
:107300003AE0A34B0022F9F777F982468B46BBE7B8
:10731000009E52465B46DDE90601F9F797FAF9F758
:107320001BFC0746F9F7FEF852465B46F9F764F98D
:1073300002460B46DDE90601F8F7A6FF07F1300C1F
:10734000009C06F801CBA6EB040C049C64450246A5
:107350000B4633D1F8F79AFF52465B4604460D467A
:10736000F9F7DAFBC0B952465B4620462946F9F7E1
:10737000ABFB08B1FB070FD40199484600F0BAFBFC
:107380000023139A337008F101031360239B002B31
:107390003FF4E6AC1E60E3E4CDF8088033461E46B9
:1073A00013F8012D392A06D1009A9A42F7D1029A90
:1073B00001320292302201321A709FE7744B002290
:1073C000F9F71AF902460B46CDE9062300220023FD
:1073D000F9F77AFB00289CD0CEE70B9A002A00F040
:1073E000E3800A9A012A00F3C280149A002A00F06E
:1073F000BA8003F23343099D3E46089A01211A449C
:1074000048461F44089200F029FC044656B1089BE8
:10741000002B07DDB342089AA8BF3346FF1AF61ABD
:10742000D31A0893099B0BB30B9B002B00F0C3806E
:10743000002D00F0BD8021462A46484600F0CEFCD3
:10744000019A01460446484600F01EFC0199824616
:10745000484600F04FFB099B5B1B099300F0AE8090
:10746000099A5146484600F0B9FC0190012148466E
:1074700000F0F4FB0D9B0546002B00F0D7811A4667
:107480000146484600F0AAFC0A9B012B054600F382
:107490009D800E9B002B40F094800F9BC3F3130341
:1074A000002B40F08E800F9B23F000431B0D1B052B
:1074B000002B00F08980089B0133013708934FF0BF
:1074C000010A0D9B002B00F0B7812B6905EB8303AC
:1074D000186900F077FBC0F12000089B184410F0F9
:1074E0001F007ED0C0F12003042B72DD089BC0F189
:1074F0001C000344074406440893002F05DD01994E
:107500003A46484600F0C6FC0190089B002B05DD7A
:1075100029461A46484600F0BDFC0546129B002B42
:1075200061D00198294600F023FD00285BDA08F1BC
:10753000FF330293019900230A22484600F0FCFA27
:107540000B9B0190002B00F07981002321460A2239
:10755000484600F0F1FA059B002B044672DC0A9BBA
:10756000022B49DC6EE0169BC3F1360343E7049B14
:107570005D1E099BAB420DDB5D1B049B002BBFF620
:107580003BAF049BFE1A002337E700BF0000E03F3B
:1075900000002440099B0D9A0995EB1A1A440D929C
:1075A000049B3E46002528E7099D0B9C3E462DE79F
:1075B000DDF804A054E7099A019953E7CDF804A037
:1075C00054E74FF0000A7CE79A467AE74FF0000A4A
:1075D0007BE792D0089A1C331A441F441E44089239
:1075E0008BE70346F6E7049BCDF80880002B23DCED
:1075F00005930A9B022B21DD059B002B7FF4B0AD88
:1076000029460522484600F097FA014605460198AA
:1076100000F0AEFC00287FF7A3AD009E312306F8F2
:10762000013B029B013302939EE535462C46F4E76D
:10763000049DCDF80880F9E7049B05930B9B002B74
:1076400000F00081002E05DD21463246484600F05C
:1076500021FC0446BAF1000F5AD06168484600F098
:107660000BFA064628B9824B024640F2EF21FFF79B
:107670003EBB22690232920004F10C010C3001F091
:1076800041F801223146484600F004FC0746009BC1
:10769000009A03F1010B059B134406930E9B03F024
:1076A000010308930BF1FF33294601980493FFF778
:1076B0007EFA2146059000F1300A019800F058FC4E
:1076C0003A4680462946484600F06EFCC2680646A7
:1076D00002BB0146019800F04BFC02463146484689
:1076E000099200F007FADDE9092342EA0301089B49
:1076F00019435E4610D1BAF1390F2BD0B8F1000F03
:1077000002DD059B03F1310A049B83F800A02DE5FF
:107710002746BCE70122E1E7B8F1000F06DB0A9B30
:1077200048EA0308089B58EA030820D1002AEBDD49
:1077300001990122484600F0ADFB2946019000F076
:1077400017FC002803DCDFD11AF0010FDCD0BAF1FE
:10775000390FD6D1049A3923137033461E46013BA4
:1077600016F8012C392A52D001321A70FEE4002A90
:1077700007DDBAF1390FEDD0049A0AF10103137055
:10778000F4E4069B0BF801AC5B452AD00199002379
:107790000A22484600F0D0F9BC4201904FF00003A5
:1077A0004FF00A022146484606D100F0C5F90446CA
:1077B00007460BF1010B75E700F0BEF939460446A8
:1077C00000230A22484600F0B7F90746F1E7059B77
:1077D0005E1E002B009BD8BF00265A1C274616446D
:1077E000002401990122484600F054FB29460190EB
:1077F00000F0BEFB0028B0DC02D11AF0010FACD1C2
:1078000033461E4613F8012D302AFAD0AEE4009A12
:107810009A42A3D1029B013302933123AFE7239B0A
:10782000002B7FF498AA134BFFF7B7BA0A9B012BE2
:107830007FF72FAEDDF834A001204EE6059B002B2C
:107840007FF7D7AE009E01982946FFF7B0F900F107
:10785000300A009B06F801ABF21A059B9342B6DD95
:10786000019900230A22484600F066F90190EAE7F0
:10787000988A00081C8A000838B50546002941D0BE
:1078800051F8043C0C1F002BB8BFE41800F0E8F8D6
:107890001D4A136833B9636014602846BDE8384058
:1078A00000F0E4B8A34208D9206821188B4201BF38
:1078B00019685B6809182160EDE71A465B680BB12F
:1078C000A342FAD911685018A0420BD12068014494
:1078D000501883421160E0D118685B685360084417
:1078E0001060DAE702D90C232B60D6E72068211854
:1078F0008B4204BF19685B68636004BF091821608C
:107900005460CAE738BD00BF640A0020024B01463C
:10791000186800F025B800BF1800002070B50F4EA1
:107920000C463168054611B900F0DCFE3060214696
:10793000284600F0D7FE431C03D14FF0FF34204609
:1079400070BDC41C24F00304A042F8D0211A2846BC
:1079500000F0C8FE0130F2D1EFE700BF600A00205E
:107960002DE9F843CD1C25F0030508350C2D38BF53
:107970000C25002D064601DBA94204D90C233360F7
:107980000020BDE8F883DFF8D48000F069F8D8F86B
:1079900000301C4644BB29463046FFF7BFFF431C5E
:1079A000044658D1D8F800402746002F43D1002C78
:1079B0004BD023683946304604EB030900F092FEB1
:1079C000814542D121686D1A29463046FFF7A6FF4E
:1079D00001303AD023682B442360D8F800305A682D
:1079E00062BBC8F800700FE02268521B20D40B2A3B
:1079F00017D96119A342256018BF5960636808BF91
:107A0000C8F8001062514B60304600F02FF804F1C6
:107A10000B00231D20F00700C21A1CBF1B1AA35025
:107A2000AFE76268A3420CBFC8F800205A60EBE7DA
:107A300023466468AEE73C467F68B6E71A465B6853
:107A4000A342FBD100235360DEE70C2333603046B2
:107A500000F00CF894E70560D6E700BF640A002048
:107A60000148FFF7A2B800BF5C0A00200148FFF7F9
:107A70009DB800BF5C0A002070B5C46905460E467B
:107A800084B91020FFF742FF0446E86128B9024696
:107A9000164B17486B2100F043FE0023C0E9013369
:107AA0000360C360E36853B921220421284600F033
:107AB00055FEEB69E060DB680BB9002070BD53F840
:107AC000260030B1026843F826200023C0E90333C2
:107AD000F4E7012101FA06F4621D9200284600F045
:107AE0003DFE0028E9D0C0E90164EEE7298A0008DC
:107AF000A98A000870B5C66905460C4676B91020FB
:107B0000FFF704FF0246E86120B9094B09488F21BD
:107B100000F006FEC0E901660660C6603CB1EB6994
:107B20006268DB6853F82210216043F8224070BD80
:107B3000298A0008A98A00082DE9F0410D69074645
:107B40000C461E4601F1140C0020DCF8003099B2FE
:107B500002FB01611E0C0B0C02FB063389B20130E3
:107B600001EB034185424CF8041B4FEA1346ECDC61
:107B70000EB3A368AB4219DC616838460131FFF7E8
:107B80007BFF804628B902460C4B0D48BA2100F015
:107B9000C7FD2269023204F10C0192000C3000F0A2
:107BA000B1FD21463846FFF7A5FF444604EB8503A7
:107BB00001355E6125612046BDE8F081988A0008A4
:107BC000A98A0008B0F5803F034636BF03040020B1
:107BD0001020B3F1807F3CBF1B020830B3F1805FFF
:107BE0003CBF1B010430B3F1804F3CBF9B0002300F
:107BF000002B05DB13F0804F00F1010008BF2020AF
:107C000070470368024613F007000BD0D90721D450
:107C1000980749BF5B089B08012013605CBF136095
:107C20000220704799B209B91B0C1020D9B209B9CA
:107C300008301B0A190704BF1B090430990704BF49
:107C40009B080230D90703D45B0800F1010003D080
:107C500013607047002070472020704710B50C4615
:107C60000121FFF709FF024628B9054B054840F2FC
:107C7000451100F055FD01234461036110BD00BFB3
:107C8000988A0008A98A00082DE9F04FD1F81090D1
:107C9000D2F810A0D14585B08846144604DB53467F
:107CA0000C46CA4690469946A36861680AEB0906E5
:107CB000B342B8BF0131FFF7DFFE30B90246454B92
:107CC00045484FF4B17100F02BFD00F1140505EBB0
:107CD00086072B460022BB421FD304F1140C08F187
:107CE00014010CEB8A0301EB890202921A1B153A6C
:107CF00022F0030215349C4288BF00220192029AAE
:107D000003918A420CD8002E03DD57F8043D002B66
:107D10005DD0066105B0BDE8F08F43F8042BDAE7CB
:107D2000B1F800A0BAF1000F24D0E046A9464FF008
:107D3000000E58F8042BD9F800401FFA82FBA4B2B9
:107D40000AFB0B444FEA124BD9F8002074444FEA67
:107D5000124E0AFB0BE202EB1442A4B244EA0244C4
:107D6000434549F8044B4FEA124EE2D8019AAA184B
:107D7000C2F804E0039AB2F802800431B8F1000FAF
:107D800023D02A68E6469146AA464FF0000BBEF87B
:107D9000004008FB04B404EB194492B242EA0442E6
:107DA0004AF8042B5EF8042BDAF800904FEA124BE5
:107DB0001FFA89F208FB0B2202EB144273454FEACB
:107DC000124BE4D8019C2C196260043597E7013E00
:107DD00099E700BF988A0008A98A00082DE9F843AE
:107DE000174612F0030280460D4607D0264C013A92
:107DF000002354F82220FFF79FFE0546BF103FD016
:107E0000D8F81C4094B91020FFF780FD0446C8F84C
:107E10001C0030B902461D4B1D4840F2B31100F062
:107E20007FFC0023C0E901330360C360A66846B944
:107E300040F271214046FFF711FF0023A060064683
:107E400003602C464FF0000907F001037F1053B187
:107E5000294632464046FFF717FF21460546404671
:107E6000FFF748FE67B1306838B9324631464046C0
:107E7000FFF70AFF3060C0F8009006462C46E3E7A3
:107E80002846BDE8F88300BF5C8B0008298A0008FB
:107E9000A98A00082DE9F84F0C464968236903EBCD
:107EA0006218A368074615464FEA621A08F10109ED
:107EB0004B450BDB3846FFF7DFFD064648B9024667
:107EC000294B2A484FF4EF7100F02AFC01315B0086
:107ED000EEE7002300F1140C00F11002194653459F
:107EE00035DB22692AEAEA7A0CEB8A0C04F11403E6
:107EF00015F01F0E614603EB82022CD0CEF1200A52
:107F0000002518688B4600FA0EF02843CBF80000D5
:107F100053F8045B9A4201F1040125FA0AF5F0D8FE
:107F2000131B153B23F0030304F115018A4238BFEC
:107F300000239C44CCF8045005B9C1463846C6F825
:107F400010902146FFF7D6FD3046BDE8F88F42F885
:107F5000041F0133C3E753F8045B0D609A4201F13B
:107F60000401F8D8E9E700BF988A0008A98A000848
:107F70000A6903460069801A30B50ED114331431F2
:107F800003EB820401EB820154F8045D51F8042DE7
:107F9000954203D005D24FF0FF3030BDA342F3D35A
:107FA000FBE70120F9E700002DE9F74F8A46064676
:107FB000114650461446FFF7DBFF051E12D1294635
:107FC0003046FFF759FD024628B9414B40F23721B0
:107FD000404800F0A5FB0123C0E90435104603B07A
:107FE000BDE8F08FBCBF5346A2463046DAF8041015
:107FF000BABF1C4601250025FFF73EFD024618B911
:10800000334B40F24521E3E7DAF810702669C5608A
:108010000AF1140904F1140E00F114050AF1100319
:1080200009EB87080EEB86060193AB464FF0000C78
:10803000019B5EF8040B53F804AF01931FFA8AF317
:10804000194683B2CB1A000C6344C0EB1A4000EB14
:1080500023409BB243EA004376454BF8043B4FEA8A
:10806000204CE5D8331B153B153423F00303A642FF
:1080700038BF0023E8184B441C1D04302646A5EBEE
:108080000905464506EB050E0ED308F10301091B51
:1080900021F003010133984538BF0021014451F814
:1080A000043D9BB1176199E756F8041BE2464FEA7D
:1080B00011491CFA81FC514409EB2C4989B241EA6F
:1080C00009414FEA294CCEF80010DAE7013FE6E714
:1080D000988A0008A98A00082DE9F7430F46012174
:1080E00059EC108B1646FFF7C7FC044630B9024620
:1080F000234B244840F20F3100F012FBC9F30A551C
:10810000C9F313030DB143F480130193B8F10003D5
:1081100023D068460093FFF774FD0099D8B1019A07
:10812000C0F1200302FA03F30B43C24063610192E2
:10813000019BA361002B0CBF012202222261A5B189
:10814000A5F2334505443D60C0F13500306020465E
:1081500003B0BDE8F0836161EAE701A8FFF751FDD4
:10816000019B636120300122E8E704EB8203A0F267
:10817000324038601869FFF725FDC0EB4210E5E793
:10818000988A0008A98A00089368013B002B10B464
:10819000936008DA9469A34201DB0A2903D15DF8F0
:1081A000044B00F00DBA1368581C10601970084693
:1081B0005DF8044B7047F8B506460F461446D518CF
:1081C000AC4201D1002007E014F8011B3A463046CA
:1081D000FFF7DAFF431CF3D1F8BD00002DE9F047AB
:1081E0000D469CB014461F46064618B1036A0BB9EB
:1081F000FEF7CAFB6B6ED90705D4AB899A0502D48A
:10820000A86DFEF7D2FCAB891B0701D52B699BB982
:108210002946304600F012FA70B16B6EDC0704D5C7
:108220004FF0FF301CB0BDE8F087AB899805F7D45C
:10823000A86DFEF7BBFCF3E70023099320238DF81C
:108240002930039730236A4F8DF82A304FF0010808
:108250002346994613F8012B0AB1252AF9D1B9EB27
:10826000040A0BD05346224629463046FFF7A3FFA7
:10827000013000F0A480099A5244099299F8003024
:10828000002B00F09C8000234FF0FF32CDE9052346
:1082900009F10109049307938DF853301A934C4662
:1082A000534814F8011B0522F7F792FF049BD0B93D
:1082B000D90644BF20228DF853201A0744BF2B2231
:1082C0008DF8532099F800202A2A13D0079A4C469B
:1082D00000204FF00A0C214611F8013B303B092BDE
:1082E00049D968B913E0C01B08FA00F0184304909C
:1082F000A146D4E7039A111D12680391002A01DBFD
:10830000079204E0524243F0020307920493237859
:108310002E2B0AD163782A2B32D1039B1A1D1B689E
:10832000039243EAE37302340593DFF8D490217893
:1083300003224846F7F74CFF38B1049BA0EB090035
:108340004022824013430134049314F8011B29484E
:108350008DF828100622F7F73BFF00283ED026486C
:1083600018BB039B073323F0070308330393099BD0
:10837000034409936CE70CFB02320C460120AAE788
:1083800000230134059319464FF00A0C204610F8DB
:10839000012B303A092A03D9002BC6D00591C4E736
:1083A0000CFB012104460123F0E703AB00932A46AE
:1083B000124B04A93046FDF79DFE431CD7D16B6ECE
:1083C000D90705D4AB899A0502D4A86DFEF7EEFB58
:1083D000AB895B063FF524AF099823E703AB009315
:1083E0002A46064B04A93046FEF71AF9E5E700BF16
:1083F000028B00080C8B0008F5600008B7810008AC
:10840000088B0008B1F90C202DE9F041160705464C
:108410000C4651D44B68002B02DC0B6C002B49DD61
:10842000E66A002E46D0002312F480522F682B609B
:1084300031D0626DA389590705D56368D21A636B81
:108440000BB1236CD21A0023E66A216A2846B04792
:10845000421CB4F90C3006D129681D2946D8294A96
:10846000CA40D60742D500226260D9042269226040
:1084700004D5421C01D12B6803B96065616B2F6084
:10848000C1B104F14403994202D02846FFF7F4F940
:10849000002363630EE0216A01232846B0470246A9
:1084A000501CC7D12B68002BC4D01D2B01D0162B1C
:1084B0001AD12F6000201EE00F69002FFAD0930719
:1084C0000E6808BF4B690F6018BF0023A6EB0708B2
:1084D0008B60B8F1000FEDDD216AA66A43463A468B
:1084E0002846B047002808DCB4F90C3043F04003BC
:1084F000A3814FF0FF30BDE8F0810744A8EB0008EE
:10850000E7E700BF0100402038B50B6905460C467F
:1085100013B90025284638BD18B1036A0BB9FEF718
:1085200033FAB4F90C30002BF3D0626ED00704D4C8
:10853000990502D4A06DFEF738FB28462146FFF7C7
:1085400061FF636EDA070546E4D4A3899B05E1D495
:10855000A06DFEF72BFBDDE770B50D461446064611
:1085600018B1036A0BB9FEF70FFA636ED80705D48A
:10857000A389990502D4A06DFEF717FBA368013B00
:10858000002BA36005DAA269934212DBEBB20A2B3F
:108590000FD023685A1C22601D70EDB2636EDA079B
:1085A00005D4A3899B0502D4A06DFEF7FFFA2846E7
:1085B00070BD29462246304600F002F80546EDE738
:1085C000F8B50E461446054618B1036A0BB9FEF716
:1085D000DBF9A369A360A3891A0701D5236943B90D
:1085E0002146284600F02AF818B14FF0FF373846E8
:1085F000F8BD23682269981A6369F6B28342374648
:1086000005DC21462846FFF77FFF0028EDD1A3684F
:10861000013BA36023685A1C22601E706269431CE0
:108620009A4204D0A389DB07E1D50A2EDFD1214687
:108630002846FFF769FF0028D9D0D6E738B5284B80
:10864000054618680C4618B1036A0BB9FEF79CF989
:10865000B4F90C301A0721D4D80607D409222A60AD
:1086600043F04003A3814FF0FF3030E0590712D5AB
:10867000616B41B104F14403994202D02846FFF7EF
:10868000FBF8002363630022B4F90C3062602269B6
:10869000226023F0240343F00803A38122693AB93E
:1086A0009A0501D5180603D52146284600F0C0F8E2
:1086B000B4F90C3013F001020AD00022A260626902
:1086C0005242A261226942B913F08000C8D138BD7C
:1086D000990758BF6269A260F4E70020F7E700BF7E
:1086E0001800002038B5064D0023044608462B60CC
:1086F000F9F79AF8431C02D12B6803B1236038BD07
:10870000580A00200A44914200F1FF3300D170471B
:1087100010B511F8014B03F8014F9142F9D110BD8A
:108720001FB514461A46094B1B680546D8684CB15C
:10873000074B0091CDE9013406492B4600F042F881
:1087400000F0D2F8044B1C46F3E700BF18000020ED
:108750001D8B00082A8B0008588B000870B5A1FB00
:10876000025434B92946FFF7FBF8064628B93046CB
:1087700070BD0C2202600026F9E72A462146FEF76A
:1087800097F9F4E782B001B901A942B14BB113786E
:108790000B601278101E18BF012002B070471046FF
:1087A000FBE76FF00100F8E70346084641B1FF2AF6
:1087B00004D98A221A604FF0FF3070470A700120F6
:1087C000704700000EB403B5014603AB054853F8EB
:1087D000042B00680193FFF701FD02B05DF804EB84
:1087E00003B070471800002070B50C46B1F90E10A8
:1087F000002996B015461E460ADAA18911F08001BB
:1088000013D14FF48062002031602A6016B070BD31
:108810006A4600F047F80028EFDB019901F4704147
:10882000A1F5005359425941EBE700214022EAE704
:108830008B8973B59E0705460C4607D504F147039F
:10884000236023610123636102B070BD01AB6A46FE
:10885000FFF7CAFF009E28463146FFF781F8B4F9BA
:108860000C3038B99A05EFD423F0030343F0020328
:10887000A381E3E743F08003A381019B2060C4E967
:108880000406002BE0D0B4F90E10284600F01CF8C6
:108890000028D9D0A38923F0030343F00103A38167
:1088A000D2E7000038B5074D0023044608461146BC
:1088B0002B60F8F790FF431C02D12B6803B12360B3
:1088C00038BD00BF580A002038B5064D00230446C5
:1088D00008462B60F8F78FFF431C02D12B6803B1C9
:1088E000236038BD580A002008B5062000F02CF897
:1088F0000120F8F73CFF1F2938B505460C4604D97E
:10890000162303604FF0FF3038BDC26B12B152F82E
:1089100021304BB9284600F031F82246014628465E
:10892000BDE8384000F018B8012B0AD0591C03D11B
:10893000162303600120E7E7002142F824102046B7
:1089400098470020E0E70000024B01461868FFF757
:10895000D2BF00BF1800002038B5074D00230446E1
:10896000084611462B60F8F7F2FE431C02D12B6833
:1089700003B1236038BD00BF580A0020F8F7DFBEFE
:10898000F8B500BFF8BC08BC9E467047F8B500BFFC
:08899000F8BC08BC9E467047CC
:10899800252E3366200000000000000000000000C3
:1089A800010203040607080900000000010203048D
:1089B800A0860100400D0300801A060000350C0057
:1089C80040420F0080841E0000093D0000127A001A
:1089D8000024F40000366E010048E801006CDC0257
:1089E800494E4600696E66004E414E006E616E004B
:1089F8003000303132333435363738394142434428
:108A080045460030313233343536373839616263A0
:108A180064656600496E66696E697479004E614ED8
:108A2800005245454E54206D616C6C6F6320737520
:108A380063636565646564002F6275696C642F679C
:108A48006E752D746F6F6C732D666F722D73746DE8
:108A580033325F31342E332E72656C312E32303220
:108A680035313032372D303730302F7372632F6EF7
:108A780065776C69622F6E65776C69622F6C6962C5
:108A8800632F7374646C69622F64746F612E630062
:108A980042616C6C6F6320737563636565646564BC
:108AA800002F6275696C642F676E752D746F6F6C1B
:108AB800732D666F722D73746D33325F31342E33BC
:108AC8002E72656C312E32303235313032372D30DE
:108AD8003730302F7372632F6E65776C69622F6E33
:108AE80065776C69622F6C6962632F7374646C6953
:108AF800622F6D707265632E6300232D302B20006A
:108B0800686C4C00656667454647004300504F5304
:108B18004958002E002C2066756E6374696F6E3A92
:108B28002000617373657274696F6E202225732249
:108B3800206661696C65643A2066696C6520222547
:108B480073222C206C696E65202564257325730AB1
:108B58000000000005000000190000007D00000072
:108B68000080E03779C34143176E05B5B5B8934621
:108B7800F5F93FE9034F384D321D30F94877825AED
:108B88003CBF737FDD4F1575000000000000F03F0B
:108B980000000000000024400000000000005940D0
:108BA8000000000000408F40000000000088C34023
:108BB80000000000006AF8400000000080842E4198
:108BC80000000000D01263410000000084D79741E4
:108BD8000000000065CDCD41000000205FA00242EA
:108BE800000000E876483742000000A2941A6D425F
:108BF800000040E59C30A2420000901EC4BCD64252
:108C080000003426F56B0C430080E03779C34143FC
:108C180000A0D8855734764300C84E676DC1AB4372
:108C2800003D9160E458E143408CB5781DAF154490
:108C380050EFE2D6E41A4B4492D54D06CFF080446B
:108C4800F64AE1C7022DB544B49DD9794378EA4480
:108C58000020202020202020202028282828282004
:108C680020202020202020202020202020202020FC
:108C78002088101010101010101010101010101064
:108C88001004040404040404040404101010101054
:108C9800101041414141414101010101010101011E
:108CA8000101010101010101010101011010101070
:108CB80010104242424242420202020202020202F0
:108CC8000202020202020202020202021010101044
:108CD800200000000000000000000000000000006C
:108CE800000000000000000000000000000000007C
:108CF800000000000000000000000000000000006C
:108D0800000000000000000000000000000000005B
:108D1800000000000000000000000000000000004B
:108D2800000000000000000000000000000000003B
:108D3800000000000000000000000000000000002B
:108D4800000000000000000000000000000000001B
:048D58000000000017
:088D5C007474FF7F01000000A8
:048D6400B50100084D
:048D6800910100086D
:108D6C0000093D00100000000100000000000000A0
:108D7C00030000001C0900201C0000200000000063
:108D8C001C09002084090020EC09002000000000D0
:108D9C0000000000000000000000000000000000C7
:108DAC0000000000000000000000000000000000B7
:108DBC0000000000000000000000000000000000A7
:108DCC000000000000000000430000000000000054
:108DDC000000000000000000000000000000000087
:108DEC000000000000000000430000000000000034
:108DFC000000000000000000000000000000000067
:108E0C000000000000000000430000000000000013
:108E1C000000000000000000000000000000000046
:108E2C0000000000000000004300000000000000F3
:108E3C000000000000000000000000000000000026
:108E4C0000000000000000004300000000000000D3
:108E5C000000000000000000000000000000000006
:108E6C0000000000000000004300000000000000B3
:108E7C0000000000000000000000000000000000E6
:108E8C000000000000000000430000000000000093
:108E9C0000000000000000000000000000000000C6
:108EAC000000000000000000A9870008858700086A
:108EBC0000000000588C00081B8B0008588B000821
:108ECC00588B0008588B0008588B0008588B0008EA
:108EDC00588B0008588B0008588B0008588B0008DA
:108EEC00FFFFFFFFFFFFFFFFFFFFFFFFFFFF000084
:108EFC0001004153434949000000000000000000FC
:108F0C000000000000000000000000000000000055
:108F1C0000004153434949000000000000000000DC
:108F2C000000000000000000000000000000000035
:048F3C000000000031
:040000050800189542
:00000001FF
