// 4.26.1 0xb351b012 D2 R0 FRGB565 U565 N0 SExtFlashSection
// Generated by imageconverter. Please, do not edit!

#include <touchgfx/hal/Config.hpp>

LOCATION_PRAGMA("ExtFlashSection")
KEEP extern const unsigned char image_hackerlogo_small[] LOCATION_ATTRIBUTE("ExtFlashSection") = { // 141x59 RGB565 pixels.
    0xe4, 0x20, 0xe4, 0x20, 0x04, 0x21, 0xe4, 0x20, 0xe4, 0x20, 0x04, 0x21,
    0xe4, 0x20, 0xe4, 0x20, 0x04, 0x21, 0xe4, 0x20, 0xe4, 0x20, 0x04, 0x21,
    0xe4, 0x20, 0xe4, 0x20, 0x04, 0x21, 0xe4, 0x20, 0xe4, 0x20, 0x04, 0x21,
    0xe4, 0x20, 0xe4, 0x20, 0x04, 0x21, 0xe4, 0x20, 0xe4, 0x20, 0x04, 0x21,
    0xe4, 0x20, 0xe4, 0x20, 0x04, 0x21, 0xe4, 0x20, 0xe4, 0x20, 0x04, 0x21,
    0xe4, 0x20, 0xe4, 0x20, 0x04, 0x21, 0xe4, 0x20, 0xe4, 0x20, 0x04, 0x21,
    0xe4, 0x20, 0xe4, 0x20, 0x04, 0x21, 0xe4, 0x20, 0xe4, 0x20, 0x04, 0x21,
    0xe4, 0x20, 0xe4, 0x20, 0x04, 0x21, 0xe4, 0x20, 0xe4, 0x20, 0x04, 0x21,
    0xe4, 0x20, 0xe4, 0x20, 0x04, 0x21, 0xe4, 0x20, 0xe4, 0x20, 0x04, 0x21,
    0xe4, 0x20, 0xe4, 0x20, 0x04, 0x21, 0xe4, 0x20, 0xe4, 0x20, 0x04, 0x21,
    0xe4, 0x20, 0xe4, 0x20, 0x04, 0x21, 0xe4, 0x20, 0xe4, 0x20, 0x04, 0x21,
    0x04, 0x19, 0x04, 0x19, 0xc6, 0x29, 0xa5, 0x21, 0x24, 0x11, 0x04, 0x19,
    0xe4, 0x20, 0xe4, 0x20, 0x04, 0x19, 0x44, 0x11, 0x85, 0x21, 0x04, 0x19,
    0xe4, 0x20, 0xe4, 0x20, 0x04, 0x21, 0xe4, 0x20, 0xe4, 0x20, 0x04, 0x21,
    0xe4, 0x20, 0xe4, 0x20, 0x04, 0x21, 0xe4, 0x20, 0xe4, 0x20, 0x04, 0x21,
    0xe4, 0x20, 0xe4, 0x20, 0x04, 0x21, 0xe4, 0x20, 0xe4, 0x20, 0x04, 0x21,
    0xe4, 0x20, 0xe4, 0x20, 0x04, 0x21, 0xe4, 0x20, 0xe4, 0x20, 0x04, 0x21,
    0xe4, 0x20, 0xe4, 0x20, 0x04, 0x21, 0xe4, 0x20, 0xe4, 0x20, 0x04, 0x21,
    0xe4, 0x20, 0xe4, 0x20, 0x04, 0x21, 0xe4, 0x20, 0xe4, 0x20, 0x04, 0x21,
    0xe4, 0x20, 0xe4, 0x20, 0x04, 0x21, 0xe4, 0x20, 0xe4, 0x20, 0x04, 0x21,
    0xe4, 0x20, 0xe4, 0x20, 0x04, 0x21, 0xe4, 0x20, 0xe4, 0x20, 0x04, 0x21,
    0xe4, 0x20, 0xe4, 0x20, 0x04, 0x21, 0xe4, 0x20, 0xe4, 0x20, 0x04, 0x21,
    0xe4, 0x20, 0xe4, 0x20, 0x04, 0x21, 0xe4, 0x20, 0xe4, 0x20, 0x04, 0x21,
    0xe4, 0x20, 0xe4, 0x20, 0x04, 0x21, 0xe4, 0x20, 0x04, 0x21, 0x03, 0x19,
    0xe4, 0x20, 0x04, 0x21, 0xe3, 0x18, 0x04, 0x21, 0xe4, 0x20, 0x03, 0x19,
    0xe4, 0x20, 0x04, 0x21, 0x03, 0x19, 0xe4, 0x20, 0x04, 0x21, 0xe3, 0x18,
    0x04, 0x21, 0xe4, 0x20, 0x03, 0x19, 0xe4, 0x20, 0x04, 0x21, 0x03, 0x19,
    0xe4, 0x20, 0x04, 0x21, 0xe3, 0x18, 0x04, 0x21, 0xe4, 0x20, 0x03, 0x19,
    0xe4, 0x20, 0x04, 0x21, 0x03, 0x19, 0xe4, 0x20, 0x04, 0x21, 0xe3, 0x18,
    0x04, 0x21, 0xe4, 0x20, 0x03, 0x19, 0xe4, 0x20, 0x04, 0x21, 0x03, 0x19,
    0xe4, 0x20, 0x04, 0x21, 0xe3, 0x18, 0x04, 0x21, 0x04, 0x19, 0x03, 0x19,
    0x04, 0x21, 0xe4, 0x20, 0x03, 0x19, 0xe4, 0x20, 0x04, 0x21, 0x03, 0x19,
    0x04, 0x21, 0x04, 0x19, 0x03, 0x19, 0x04, 0x21, 0xe4, 0x20, 0x03, 0x19,
    0xe4, 0x20, 0x04, 0x21, 0x03, 0x19, 0xe4, 0x20, 0x04, 0x21, 0xe3, 0x18,
    0x04, 0x21, 0xe4, 0x20, 0xe3, 0x20, 0x04, 0x19, 0x44, 0x19, 0xa9, 0x42,
    0x89, 0x3a, 0x64, 0x19, 0x04, 0x19, 0x04, 0x21, 0x03, 0x21, 0x03, 0x19,
    0x84, 0x11, 0x6c, 0x53, 0x23, 0x19, 0x04, 0x21, 0x04, 0x21, 0xe3, 0x18,
    0x04, 0x21, 0xe4, 0x20, 0x03, 0x19, 0x04, 0x19, 0x04, 0x19, 0x24, 0x21,
    0x04, 0x19, 0x03, 0x21, 0xe4, 0x20, 0x04, 0x19, 0xe3, 0x20, 0x04, 0x21,
    0xe4, 0x18, 0x03, 0x21, 0x04, 0x21, 0xe4, 0x18, 0x03, 0x21, 0xe4, 0x20,
    0x04, 0x19, 0xe3, 0x20, 0x04, 0x21, 0xe4, 0x18, 0x03, 0x21, 0x04, 0x21,
    0xe4, 0x18, 0x03, 0x21, 0xe4, 0x20, 0x04, 0x19, 0xe3, 0x20, 0x04, 0x21,
    0xe4, 0x18, 0x03, 0x21, 0x04, 0x21, 0xe4, 0x18, 0x03, 0x21, 0xe4, 0x20,
    0x04, 0x19, 0xe3, 0x20, 0x04, 0x21, 0xe4, 0x18, 0x03, 0x21, 0x04, 0x21,
    0xe4, 0x18, 0x03, 0x21, 0xe4, 0x20, 0x04, 0x19, 0xe3, 0x20, 0x04, 0x21,
    0xe4, 0x18, 0x03, 0x21, 0x04, 0x21, 0xe4, 0x18, 0x03, 0x21, 0xe4, 0x20,
    0x04, 0x19, 0xe3, 0x20, 0x04, 0x21, 0xe4, 0x18, 0xe3, 0x20, 0x04, 0x21,
    0xe4, 0x20, 0x03, 0x19, 0xe4, 0x20, 0x04, 0x21, 0xe3, 0x18, 0x04, 0x21,
    0xe4, 0x20, 0x03, 0x19, 0xe4, 0x20, 0x04, 0x21, 0xe3, 0x18, 0xe4, 0x20,
    0x04, 0x21, 0xe3, 0x18, 0x04, 0x21, 0xe4, 0x20, 0x03, 0x19, 0xe4, 0x20,
    0x04, 0x21, 0xe3, 0x18, 0xe4, 0x20, 0x04, 0x21, 0xe3, 0x18, 0x04, 0x21,
    0xe4, 0x20, 0x03, 0x19, 0xe4, 0x20, 0x04, 0x21, 0xe3, 0x18, 0xe4, 0x20,
    0x04, 0x21, 0xe3, 0x18, 0x04, 0x21, 0xe4, 0x20, 0x03, 0x19, 0xe4, 0x20,
    0x04, 0x21, 0xe3, 0x18, 0xe4, 0x20, 0x04, 0x21, 0xe3, 0x18, 0x04, 0x21,
    0x04, 0x19, 0x03, 0x21, 0x24, 0x21, 0x04, 0x19, 0xe3, 0x20, 0x04, 0x21,
    0xe4, 0x20, 0xe3, 0x20, 0x04, 0x21, 0x03, 0x19, 0x03, 0x21, 0x04, 0x19,
    0x03, 0x19, 0x04, 0x21, 0xe4, 0x20, 0x03, 0x19, 0xe4, 0x20, 0xe4, 0x20,
    0x03, 0x19, 0xe4, 0x20, 0x04, 0x21, 0x03, 0x19, 0xe4, 0x20, 0x04, 0x21,
    0x03, 0x19, 0x44, 0x19, 0xca, 0x42, 0x88, 0x3a, 0x23, 0x11, 0x04, 0x19,
    0x04, 0x21, 0x04, 0x21, 0x24, 0x19, 0x43, 0x09, 0x4b, 0x43, 0x23, 0x19,
    0x04, 0x19, 0x04, 0x21, 0xe3, 0x20, 0x04, 0x19, 0x04, 0x21, 0xe3, 0x20,
    0x04, 0x19, 0x64, 0x19, 0xeb, 0x4a, 0x24, 0x19, 0x04, 0x21, 0xe3, 0x20,
    0x04, 0x19, 0x04, 0x21, 0xe3, 0x20, 0x04, 0x19, 0xe4, 0x20, 0xe3, 0x20,
    0x04, 0x19, 0xe4, 0x20, 0x03, 0x21, 0xe4, 0x18, 0x04, 0x21, 0xe3, 0x20,
    0x04, 0x19, 0xe4, 0x20, 0xe3, 0x20, 0x04, 0x19, 0xe4, 0x20, 0x03, 0x21,
    0xe4, 0x18, 0x04, 0x21, 0xe3, 0x20, 0x04, 0x19, 0xe4, 0x20, 0xe3, 0x20,
    0x04, 0x19, 0xe4, 0x20, 0x03, 0x21, 0xe4, 0x18, 0x04, 0x21, 0xe3, 0x20,
    0x04, 0x19, 0xe4, 0x20, 0xe3, 0x20, 0x04, 0x19, 0xe4, 0x20, 0x03, 0x21,
    0xe4, 0x18, 0x04, 0x21, 0xe3, 0x20, 0x04, 0x19, 0xe4, 0x20, 0xe3, 0x20,
    0x04, 0x19, 0xe4, 0x20, 0x03, 0x21, 0xe4, 0x18, 0x04, 0x21, 0x03, 0x21,
    0x04, 0x19, 0xe4, 0x20, 0xe4, 0x20, 0x04, 0x21, 0xe4, 0x20, 0xe4, 0x20,
    0x04, 0x21, 0x04, 0x21, 0xe4, 0x20, 0x04, 0x21, 0xe4, 0x20, 0x04, 0x21,
    0x04, 0x21, 0xe4, 0x20, 0x04, 0x21, 0xe4, 0x20, 0x04, 0x21, 0xe4, 0x20,
    0x04, 0x21, 0xe4, 0x20, 0x04, 0x21, 0x04, 0x21, 0xe4, 0x20, 0x04, 0x21,
    0xe4, 0x20, 0x04, 0x21, 0xe4, 0x20, 0x04, 0x21, 0xe4, 0x20, 0x04, 0x21,
    0x04, 0x21, 0xe4, 0x20, 0x04, 0x21, 0xe4, 0x20, 0x04, 0x21, 0xe4, 0x20,
    0x04, 0x21, 0xe4, 0x20, 0x04, 0x21, 0x04, 0x21, 0xe4, 0x20, 0x04, 0x21,
    0x04, 0x21, 0xe4, 0x20, 0x04, 0x19, 0x04, 0x19, 0x07, 0x3a, 0x85, 0x29,
    0x04, 0x19, 0xe4, 0x20, 0x04, 0x21, 0x04, 0x19, 0xe4, 0x20, 0x04, 0x19,
    0x04, 0x19, 0x03, 0x19, 0x65, 0x29, 0x24, 0x21, 0x04, 0x21, 0xe4, 0x20,
    0x04, 0x21, 0xe4, 0x20, 0x04, 0x21, 0x04, 0x21, 0xe4, 0x20, 0xe4, 0x20,
    0x04, 0x21, 0xe4, 0x20, 0x04, 0x21, 0x04, 0x19, 0x23, 0x11, 0x07, 0x2a,
    0x07, 0x32, 0x23, 0x11, 0x24, 0x19, 0x04, 0x19, 0x04, 0x19, 0x23, 0x11,
    0xc5, 0x11, 0x87, 0x2a, 0x44, 0x19, 0x04, 0x19, 0x03, 0x19, 0x04, 0x19,
    0x04, 0x19, 0x04, 0x21, 0x04, 0x21, 0x04, 0x19, 0x43, 0x11, 0xea, 0x42,
    0x24, 0x19, 0x04, 0x21, 0xe4, 0x20, 0xe4, 0x20, 0x04, 0x21, 0xe4, 0x20,
    0x04, 0x21, 0xe4, 0x20, 0x04, 0x21, 0xe4, 0x20, 0x04, 0x21, 0xe4, 0x20,
    0x04, 0x21, 0xe4, 0x20, 0x04, 0x21, 0x04, 0x21, 0xe4, 0x20, 0x04, 0x21,
    0xe4, 0x20, 0x04, 0x21, 0xe4, 0x20, 0x04, 0x21, 0xe4, 0x20, 0x04, 0x21,
    0x04, 0x21, 0xe4, 0x20, 0x04, 0x21, 0xe4, 0x20, 0x04, 0x21, 0xe4, 0x20,
    0x04, 0x21, 0xe4, 0x20, 0x04, 0x21, 0x04, 0x21, 0xe4, 0x20, 0x04, 0x21,
    0xe4, 0x20, 0x04, 0x21, 0xe4, 0x20, 0x04, 0x21, 0xe4, 0x20, 0x04, 0x21,
    0x04, 0x21, 0xe4, 0x20, 0x04, 0x21, 0xe4, 0x20, 0x04, 0x21, 0xe4, 0x20,
    0x04, 0x21, 0xe4, 0x20, 0xe4, 0x20, 0x03, 0x21, 0x04, 0x19, 0xe4, 0x20,
    0xe4, 0x20, 0x03, 0x19, 0xe4, 0x20, 0xe3, 0x18, 0x04, 0x21, 0xe3, 0x18,
    0xe3, 0x18, 0x04, 0x21, 0xe3, 0x18, 0xe4, 0x20, 0x03, 0x19, 0x03, 0x19,
    0xe4, 0x20, 0x03, 0x19, 0x04, 0x21, 0xe3, 0x18, 0xe4, 0x20, 0x03, 0x19,
    0xe3, 0x18, 0x04, 0x21, 0xe3, 0x18, 0x04, 0x21, 0xe3, 0x18, 0x03, 0x19,
    0xe4, 0x20, 0x03, 0x19, 0xe4, 0x20, 0xe3, 0x18, 0x04, 0x21, 0x03, 0x19,
    0xe3, 0x18, 0x04, 0x21, 0x03, 0x19, 0xe4, 0x20, 0xe3, 0x18, 0x03, 0x19,
    0xe4, 0x20, 0xe3, 0x18, 0x04, 0x21, 0xe3, 0x20, 0xe4, 0x20, 0x03, 0x21,
    0x03, 0x19, 0xe6, 0x29, 0xa5, 0x21, 0x04, 0x19, 0x04, 0x21, 0xe3, 0x20,
    0x04, 0x21, 0x04, 0x19, 0x03, 0x21, 0x04, 0x19, 0x04, 0x19, 0x07, 0x3a,
    0x44, 0x21, 0x03, 0x19, 0xe4, 0x18, 0x03, 0x21, 0xe4, 0x18, 0xe3, 0x20,
    0x04, 0x19, 0xe3, 0x20, 0x03, 0x19, 0xe4, 0x20, 0x03, 0x21, 0x04, 0x19,
    0x04, 0x19, 0x23, 0x19, 0xe6, 0x29, 0x07, 0x32, 0x24, 0x11, 0x04, 0x19,
    0x04, 0x19, 0x03, 0x19, 0x23, 0x11, 0xed, 0x53, 0x87, 0x22, 0xc5, 0x21,
    0x03, 0x19, 0x04, 0x19, 0x23, 0x19, 0x24, 0x19, 0x23, 0x19, 0x04, 0x19,
    0x04, 0x19, 0x23, 0x11, 0x27, 0x32, 0x04, 0x19, 0x04, 0x21, 0xe3, 0x20,
    0x04, 0x19, 0xe3, 0x20, 0x04, 0x19, 0xe3, 0x20, 0x03, 0x19, 0x04, 0x19,
    0xe3, 0x20, 0x04, 0x19, 0x03, 0x21, 0xe3, 0x18, 0xe4, 0x18, 0x03, 0x21,
    0xe4, 0x18, 0x03, 0x21, 0xe4, 0x18, 0x03, 0x21, 0xe3, 0x18, 0x04, 0x19,
    0xe3, 0x20, 0x04, 0x19, 0xe3, 0x20, 0xe3, 0x18, 0x04, 0x19, 0x03, 0x21,
    0xe4, 0x18, 0x03, 0x21, 0x04, 0x19, 0xe3, 0x20, 0xe3, 0x18, 0x04, 0x19,
    0xe3, 0x20, 0x04, 0x19, 0xe3, 0x20, 0x03, 0x19, 0xe4, 0x18, 0x03, 0x21,
    0xe4, 0x18, 0x03, 0x21, 0xe4, 0x18, 0xe3, 0x20, 0x03, 0x19, 0x04, 0x19,
    0xe3, 0x20, 0x04, 0x19, 0xe3, 0x20, 0x03, 0x19, 0xe4, 0x18, 0xe4, 0x20,
    0x04, 0x21, 0xe3, 0x20, 0x04, 0x21, 0xe4, 0x20, 0x04, 0x21, 0x04, 0x21,
    0xe4, 0x20, 0x04, 0x21, 0x04, 0x21, 0xe4, 0x20, 0x04, 0x21, 0x04, 0x21,
    0xe4, 0x20, 0xe4, 0x20, 0x04, 0x21, 0xe4, 0x20, 0xe4, 0x20, 0x03, 0x19,
    0xe4, 0x20, 0x04, 0x21, 0xe4, 0x20, 0xe4, 0x20, 0x04, 0x21, 0x04, 0x21,
    0xe4, 0x20, 0x04, 0x21, 0xe4, 0x20, 0x04, 0x21, 0x04, 0x21, 0xe3, 0x18,
    0xe4, 0x20, 0x04, 0x21, 0xe4, 0x20, 0xe4, 0x20, 0x04, 0x21, 0xe4, 0x20,
    0x04, 0x21, 0x04, 0x21, 0xe4, 0x20, 0x04, 0x21, 0x04, 0x19, 0xe3, 0x20,
    0x04, 0x19, 0x04, 0x21, 0x04, 0x21, 0x04, 0x19, 0xc6, 0x29, 0xa5, 0x21,
    0x04, 0x19, 0x04, 0x21, 0xe3, 0x20, 0xe4, 0x20, 0x04, 0x19, 0x03, 0x21,
    0x04, 0x19, 0x23, 0x19, 0xe6, 0x29, 0x44, 0x19, 0x04, 0x19, 0x04, 0x21,
    0xe4, 0x20, 0x03, 0x21, 0x04, 0x19, 0xe4, 0x20, 0x04, 0x21, 0xe4, 0x18,
    0x04, 0x21, 0xe4, 0x20, 0x03, 0x19, 0x04, 0x19, 0x24, 0x19, 0xc6, 0x29,
    0xe7, 0x31, 0x24, 0x11, 0x44, 0x19, 0x65, 0x21, 0x24, 0x19, 0x44, 0x11,
    0x6b, 0x43, 0xe9, 0x32, 0xa5, 0x19, 0x24, 0x11, 0x44, 0x11, 0x48, 0x3a,
    0x68, 0x32, 0x64, 0x19, 0x04, 0x19, 0x04, 0x19, 0x44, 0x19, 0x68, 0x3a,
    0x24, 0x19, 0xe4, 0x20, 0x04, 0x21, 0xe4, 0x20, 0x04, 0x19, 0x04, 0x21,
    0x04, 0x19, 0x24, 0x21, 0x04, 0x19, 0x04, 0x21, 0x04, 0x21, 0xe4, 0x20,
    0x04, 0x21, 0x04, 0x21, 0xe4, 0x20, 0xe3, 0x20, 0x04, 0x19, 0x04, 0x21,
    0xe4, 0x20, 0x04, 0x21, 0xe4, 0x20, 0x04, 0x21, 0x04, 0x21, 0xe4, 0x20,
    0xe4, 0x20, 0x04, 0x21, 0xe4, 0x20, 0xe3, 0x20, 0x04, 0x19, 0xe4, 0x20,
    0x04, 0x21, 0x04, 0x21, 0xe4, 0x20, 0xe4, 0x20, 0x04, 0x21, 0x04, 0x21,
    0xe4, 0x20, 0x04, 0x21, 0xe4, 0x20, 0x03, 0x21, 0x04, 0x19, 0xe4, 0x20,
    0xe4, 0x20, 0x04, 0x21, 0xe4, 0x20, 0xe4, 0x20, 0x04, 0x21, 0x04, 0x21,
    0xe4, 0x20, 0x03, 0x21, 0x04, 0x19, 0xe4, 0x20, 0xe4, 0x20, 0x04, 0x19,
    0xe4, 0x20, 0x03, 0x19, 0xe4, 0x20, 0x04, 0x21, 0xe3, 0x18, 0x04, 0x21,
    0xe4, 0x20, 0xe3, 0x18, 0x04, 0x21, 0x04, 0x21, 0xe3, 0x18, 0x04, 0x21,
    0xe4, 0x20, 0x04, 0x21, 0xe4, 0x20, 0x04, 0x21, 0x04, 0x21, 0xe3, 0x18,
    0x04, 0x21, 0xe4, 0x20, 0xe3, 0x18, 0x04, 0x21, 0xe4, 0x20, 0xe3, 0x18,
    0x04, 0x21, 0xe4, 0x20, 0x04, 0x21, 0x04, 0x21, 0xe4, 0x20, 0x04, 0x21,
    0x03, 0x19, 0xe4, 0x20, 0xe4, 0x20, 0x03, 0x19, 0xe4, 0x20, 0xe4, 0x20,
    0x04, 0x21, 0xe4, 0x20, 0xe4, 0x20, 0x04, 0x21, 0x04, 0x19, 0x04, 0x19,
    0x03, 0x19, 0x64, 0x19, 0x43, 0x11, 0x04, 0x19, 0xe4, 0x20, 0x04, 0x21,
    0xe4, 0x20, 0x04, 0x19, 0x04, 0x19, 0x03, 0x19, 0x23, 0x19, 0xa5, 0x21,
    0x64, 0x19, 0x04, 0x19, 0x04, 0x21, 0xe4, 0x20, 0x04, 0x21, 0xe4, 0x20,
    0x04, 0x21, 0xe4, 0x20, 0x03, 0x21, 0xe4, 0x20, 0xe4, 0x20, 0x04, 0x19,
    0x04, 0x19, 0x24, 0x11, 0xc6, 0x29, 0x07, 0x32, 0x24, 0x11, 0x47, 0x2a,
    0xc8, 0x3a, 0x47, 0x32, 0x43, 0x11, 0x84, 0x09, 0x06, 0x1a, 0x23, 0x19,
    0x23, 0x19, 0x64, 0x11, 0x8c, 0x4b, 0x47, 0x2a, 0xc6, 0x21, 0x04, 0x19,
    0x04, 0x19, 0x44, 0x11, 0x2b, 0x4b, 0x24, 0x19, 0x04, 0x21, 0xe4, 0x20,
    0xe3, 0x20, 0x04, 0x21, 0x04, 0x19, 0x64, 0x21, 0x4c, 0x5b, 0x24, 0x19,
    0x03, 0x19, 0x04, 0x21, 0xe4, 0x20, 0xe3, 0x18, 0x04, 0x21, 0xe4, 0x20,
    0x04, 0x21, 0xe4, 0x20, 0xe4, 0x20, 0x04, 0x21, 0xe3, 0x18, 0xe4, 0x20,
    0x04, 0x21, 0xe3, 0x18, 0x04, 0x21, 0x04, 0x21, 0xe4, 0x18, 0x04, 0x21,
    0x04, 0x21, 0xe4, 0x20, 0xe4, 0x20, 0x03, 0x21, 0xe4, 0x20, 0x04, 0x19,
    0xe3, 0x20, 0xe4, 0x20, 0x04, 0x19, 0xe3, 0x20, 0xe4, 0x20, 0x04, 0x21,
    0xe4, 0x20, 0x04, 0x21, 0x04, 0x21, 0xe4, 0x20, 0x03, 0x19, 0x04, 0x21,
    0xe4, 0x20, 0xe3, 0x18, 0x04, 0x21, 0xe4, 0x20, 0x04, 0x21, 0x03, 0x21,
    0xe4, 0x18, 0x04, 0x21, 0xe3, 0x20, 0x04, 0x21, 0xe4, 0x20, 0x03, 0x19,
    0xe4, 0x20, 0xe4, 0x20, 0x03, 0x19, 0x04, 0x21, 0xe4, 0x20, 0xe3, 0x18,
    0x04, 0x21, 0xe4, 0x20, 0x03, 0x19, 0x04, 0x21, 0xe3, 0x18, 0x04, 0x21,
    0xe4, 0x20, 0xe3, 0x18, 0x04, 0x21, 0x04, 0x21, 0xe3, 0x18, 0x04, 0x21,
    0x04, 0x21, 0xe3, 0x18, 0x04, 0x21, 0xe4, 0x20, 0xe3, 0x18, 0x04, 0x21,
    0xe3, 0x18, 0xe4, 0x20, 0x04, 0x21, 0xe3, 0x18, 0x04, 0x21, 0x04, 0x21,
    0xe3, 0x18, 0x04, 0x21, 0x03, 0x21, 0xe3, 0x18, 0x04, 0x21, 0xe4, 0x20,
    0xe3, 0x20, 0x04, 0x19, 0x04, 0x19, 0x03, 0x19, 0x68, 0x3a, 0xa5, 0x21,
    0x04, 0x19, 0x03, 0x21, 0x04, 0x19, 0x03, 0x19, 0x04, 0x21, 0x04, 0x19,
    0x23, 0x19, 0xc6, 0x29, 0x0b, 0x4b, 0x68, 0x3a, 0x03, 0x19, 0xe4, 0x20,
    0x03, 0x21, 0x04, 0x19, 0x03, 0x19, 0x04, 0x19, 0x04, 0x19, 0x03, 0x21,
    0x04, 0x21, 0x04, 0x21, 0x03, 0x21, 0x04, 0x19, 0x23, 0x19, 0xc6, 0x29,
    0x07, 0x32, 0x24, 0x11, 0x26, 0x2a, 0x67, 0x32, 0x48, 0x32, 0x43, 0x11,
    0x84, 0x09, 0x8c, 0x53, 0x23, 0x19, 0x24, 0x11, 0x07, 0x22, 0x2a, 0x3b,
    0x88, 0x32, 0x64, 0x11, 0x03, 0x19, 0x23, 0x19, 0x44, 0x09, 0x88, 0x32,
    0x24, 0x19, 0x04, 0x21, 0x03, 0x21, 0x04, 0x19, 0x04, 0x21, 0x03, 0x19,
    0x24, 0x11, 0x0b, 0x4b, 0x24, 0x19, 0x03, 0x19, 0x04, 0x19, 0xe4, 0x20,
    0x03, 0x21, 0xe4, 0x18, 0x04, 0x21, 0x03, 0x19, 0x24, 0x21, 0x04, 0x19,
    0x03, 0x19, 0x04, 0x21, 0x04, 0x21, 0xe3, 0x18, 0xe4, 0x20, 0x04, 0x21,
    0xe3, 0x18, 0xe3, 0x20, 0x04, 0x21, 0xe4, 0x18, 0x03, 0x21, 0x04, 0x19,
    0xe4, 0x20, 0xe3, 0x20, 0x04, 0x19, 0x04, 0x21, 0xe3, 0x20, 0x04, 0x19,
    0x04, 0x21, 0xe3, 0x18, 0x04, 0x19, 0xe4, 0x20, 0xe3, 0x20, 0x04, 0x19,
    0xe3, 0x20, 0xe4, 0x20, 0x04, 0x19, 0x03, 0x21, 0xe4, 0x20, 0xe4, 0x18,
    0x04, 0x21, 0xe4, 0x20, 0xe4, 0x20, 0x03, 0x21, 0xe4, 0x20, 0x04, 0x21,
    0xe4, 0x20, 0x04, 0x21, 0xe4, 0x20, 0x04, 0x21, 0x04, 0x21, 0xe4, 0x20,
    0x04, 0x21, 0x04, 0x21, 0xe4, 0x20, 0xe4, 0x20, 0x04, 0x21, 0xe4, 0x20,
    0xe4, 0x20, 0x03, 0x19, 0xe4, 0x20, 0x04, 0x21, 0xe4, 0x20, 0x04, 0x21,
    0xe4, 0x20, 0xe4, 0x20, 0x04, 0x21, 0xe4, 0x20, 0x04, 0x21, 0x04, 0x21,
    0xe4, 0x20, 0x04, 0x21, 0x04, 0x21, 0xe3, 0x18, 0x04, 0x21, 0xe4, 0x20,
    0xe4, 0x20, 0x04, 0x21, 0xe4, 0x20, 0xe4, 0x20, 0x04, 0x21, 0xe4, 0x18,
    0x04, 0x21, 0x04, 0x19, 0x03, 0x19, 0x04, 0x21, 0x04, 0x21, 0x04, 0x21,
    0x04, 0x19, 0x06, 0x2a, 0xc5, 0x21, 0x04, 0x19, 0x04, 0x21, 0x03, 0x19,
    0x04, 0x19, 0x24, 0x19, 0x23, 0x19, 0x24, 0x19, 0x85, 0x21, 0x0a, 0x4b,
    0x27, 0x32, 0x04, 0x19, 0x04, 0x21, 0x04, 0x19, 0x04, 0x19, 0x23, 0x19,
    0x28, 0x3a, 0x04, 0x19, 0x04, 0x19, 0x04, 0x19, 0x03, 0x21, 0x04, 0x21,
    0x04, 0x19, 0x24, 0x19, 0xc6, 0x29, 0xe7, 0x31, 0x24, 0x11, 0x64, 0x19,
    0x06, 0x2a, 0x64, 0x19, 0x43, 0x11, 0x83, 0x01, 0xac, 0x4b, 0x23, 0x11,
    0xe7, 0x29, 0xa9, 0x3a, 0x64, 0x11, 0x24, 0x11, 0x24, 0x19, 0x04, 0x21,
    0x24, 0x19, 0xc5, 0x19, 0x88, 0x32, 0x44, 0x19, 0x04, 0x19, 0x04, 0x19,
    0x04, 0x21, 0x04, 0x19, 0x04, 0x19, 0x23, 0x11, 0x48, 0x3a, 0x23, 0x19,
    0x04, 0x19, 0x04, 0x19, 0x04, 0x21, 0x04, 0x21, 0x04, 0x19, 0x04, 0x19,
    0xa6, 0x31, 0xa9, 0x3a, 0xa5, 0x19, 0x24, 0x19, 0x04, 0x19, 0x04, 0x21,
    0xe4, 0x20, 0x04, 0x19, 0x04, 0x21, 0x04, 0x19, 0x04, 0x21, 0xe3, 0x20,
    0xe4, 0x20, 0x04, 0x19, 0x04, 0x19, 0xe4, 0x20, 0x04, 0x21, 0x04, 0x21,
    0xe4, 0x20, 0xe4, 0x20, 0x04, 0x21, 0xe4, 0x20, 0x04, 0x21, 0x03, 0x21,
    0xe4, 0x20, 0x04, 0x19, 0xe4, 0x20, 0x04, 0x21, 0xe4, 0x20, 0xe4, 0x20,
    0x04, 0x21, 0x03, 0x21, 0xe4, 0x18, 0x03, 0x21, 0xe4, 0x18, 0x04, 0x19,
    0xe4, 0x20, 0x04, 0x21, 0xe4, 0x18, 0xe4, 0x20, 0x03, 0x19, 0xe4, 0x20,
    0xe3, 0x18, 0x03, 0x19, 0xe4, 0x20, 0xe3, 0x18, 0x04, 0x21, 0x03, 0x19,
    0xe4, 0x20, 0x03, 0x19, 0x04, 0x21, 0xe4, 0x20, 0x04, 0x21, 0x03, 0x19,
    0xe4, 0x20, 0x03, 0x19, 0xe4, 0x20, 0x03, 0x19, 0x04, 0x21, 0xe3, 0x18,
    0xe4, 0x20, 0x03, 0x19, 0xe4, 0x20, 0xe3, 0x18, 0x04, 0x21, 0xe4, 0x20,
    0x04, 0x21, 0x03, 0x19, 0xe4, 0x20, 0x03, 0x19, 0x04, 0x21, 0x03, 0x19,
    0xe4, 0x20, 0x04, 0x21, 0x03, 0x21, 0x04, 0x19, 0x04, 0x21, 0x04, 0x19,
    0x03, 0x21, 0x04, 0x19, 0x03, 0x19, 0x24, 0x19, 0x64, 0x11, 0x84, 0x19,
    0x24, 0x19, 0x04, 0x19, 0x04, 0x19, 0xa5, 0x21, 0xca, 0x42, 0xe6, 0x21,
    0x24, 0x19, 0x24, 0x19, 0x43, 0x11, 0x23, 0x11, 0x04, 0x19, 0x04, 0x21,
    0x03, 0x21, 0x04, 0x19, 0x44, 0x19, 0xa9, 0x42, 0x04, 0x19, 0x03, 0x19,
    0x04, 0x19, 0xe4, 0x20, 0x04, 0x21, 0x04, 0x19, 0x23, 0x11, 0xc6, 0x29,
    0xe7, 0x31, 0x24, 0x11, 0x64, 0x19, 0x89, 0x3a, 0x44, 0x11, 0x44, 0x11,
    0x84, 0x01, 0x26, 0x1a, 0x44, 0x09, 0x2b, 0x53, 0x84, 0x19, 0x24, 0x11,
    0x03, 0x19, 0x04, 0x21, 0x04, 0x21, 0x44, 0x19, 0x2b, 0x43, 0x06, 0x1a,
    0xe7, 0x29, 0x03, 0x19, 0x04, 0x19, 0x03, 0x19, 0x04, 0x21, 0x04, 0x19,
    0xe6, 0x29, 0xa9, 0x42, 0x44, 0x19, 0x04, 0x19, 0x04, 0x21, 0x03, 0x21,
    0x04, 0x19, 0x04, 0x21, 0x03, 0x21, 0x07, 0x32, 0x48, 0x2a, 0x89, 0x32,
    0x24, 0x19, 0x03, 0x19, 0x04, 0x21, 0xe3, 0x20, 0x04, 0x21, 0x03, 0x19,
    0x04, 0x19, 0x04, 0x19, 0x04, 0x21, 0xe3, 0x20, 0x04, 0x21, 0x03, 0x21,
    0xe4, 0x20, 0x03, 0x19, 0xe4, 0x20, 0xe3, 0x18, 0x04, 0x21, 0xe3, 0x20,
    0xe4, 0x18, 0x04, 0x21, 0xe4, 0x20, 0x03, 0x21, 0xe4, 0x20, 0x04, 0x19,
    0x03, 0x21, 0x03, 0x19, 0xe4, 0x20, 0xe4, 0x20, 0x04, 0x19, 0x04, 0x21,
    0xe3, 0x20, 0x04, 0x21, 0xe4, 0x20, 0x03, 0x21, 0xe4, 0x18, 0x04, 0x21,
    0x04, 0x21, 0xe4, 0x20, 0x04, 0x21, 0x04, 0x21, 0xe4, 0x20, 0x04, 0x21,
    0xe4, 0x20, 0xe3, 0x18, 0x04, 0x21, 0xe4, 0x20, 0xe4, 0x20, 0x03, 0x19,
    0xe4, 0x20, 0xe4, 0x20, 0x04, 0x21, 0xe4, 0x20, 0x04, 0x21, 0xe3, 0x18,
    0xe4, 0x20, 0x04, 0x21, 0x04, 0x21, 0xe3, 0x18, 0x04, 0x21, 0x04, 0x21,
    0xe4, 0x20, 0x03, 0x19, 0xe4, 0x20, 0xe4, 0x20, 0x04, 0x21, 0x04, 0x19,
    0x04, 0x21, 0x03, 0x19, 0x04, 0x19, 0x04, 0x21, 0x03, 0x21, 0xe4, 0x18,
    0x04, 0x19, 0x03, 0x21, 0x04, 0x21, 0xe4, 0x18, 0x04, 0x19, 0x04, 0x19,
    0x85, 0x19, 0x68, 0x2a, 0xa9, 0x32, 0x44, 0x19, 0x04, 0x19, 0x24, 0x11,
    0xa9, 0x3a, 0x27, 0x22, 0x0a, 0x3b, 0x44, 0x11, 0x24, 0x19, 0xe6, 0x29,
    0x64, 0x19, 0x04, 0x19, 0x04, 0x21, 0xe3, 0x20, 0x04, 0x19, 0x44, 0x19,
    0x68, 0x3a, 0x24, 0x19, 0x04, 0x19, 0x03, 0x19, 0x04, 0x21, 0x04, 0x21,
    0x04, 0x19, 0x24, 0x19, 0xc6, 0x29, 0xe7, 0x31, 0x24, 0x19, 0x44, 0x19,
    0x69, 0x3a, 0x44, 0x19, 0x44, 0x11, 0xe9, 0x32, 0x88, 0x2a, 0xa5, 0x11,
    0x4b, 0x53, 0x64, 0x19, 0x24, 0x19, 0x03, 0x19, 0x03, 0x21, 0x24, 0x19,
    0x44, 0x19, 0xc9, 0x32, 0xc9, 0x32, 0xc6, 0x21, 0x24, 0x19, 0x04, 0x19,
    0x03, 0x19, 0x04, 0x19, 0x24, 0x19, 0x4c, 0x4b, 0x27, 0x22, 0x48, 0x3a,
    0x24, 0x19, 0x04, 0x19, 0x03, 0x21, 0xe4, 0x20, 0x04, 0x21, 0x04, 0x21,
    0x65, 0x21, 0x6c, 0x53, 0x85, 0x11, 0x24, 0x19, 0x04, 0x19, 0xe4, 0x20,
    0xe4, 0x20, 0x03, 0x21, 0x04, 0x21, 0x04, 0x19, 0x03, 0x19, 0x04, 0x21,
    0xe4, 0x20, 0x04, 0x19, 0xe4, 0x20, 0x03, 0x21, 0xe4, 0x20, 0x04, 0x19,
    0x04, 0x21, 0x03, 0x21, 0xe4, 0x18, 0x04, 0x21, 0xe3, 0x20, 0xe4, 0x18,
    0x04, 0x21, 0xe3, 0x20, 0xe4, 0x20, 0x04, 0x21, 0xe4, 0x18, 0x04, 0x21,
    0xe3, 0x20, 0xe4, 0x20, 0x04, 0x21, 0xe4, 0x20, 0x04, 0x21, 0x03, 0x21,
    0xe4, 0x18, 0xe3, 0x20, 0x04, 0x21, 0xe4, 0x20, 0xe3, 0x18, 0x04, 0x21,
    0xe4, 0x20, 0x03, 0x19, 0x04, 0x21, 0xe4, 0x20, 0x04, 0x21, 0x04, 0x21,
    0xe4, 0x20, 0x04, 0x21, 0x03, 0x19, 0xe4, 0x20, 0x04, 0x21, 0xe3, 0x18,
    0x04, 0x21, 0xe4, 0x20, 0x04, 0x21, 0xe4, 0x20, 0x04, 0x21, 0xe4, 0x20,
    0xe4, 0x20, 0x04, 0x21, 0xe4, 0x20, 0x04, 0x21, 0x03, 0x19, 0xe4, 0x20,
    0xe4, 0x20, 0x03, 0x21, 0x04, 0x19, 0xe4, 0x20, 0x04, 0x21, 0x04, 0x19,
    0x04, 0x21, 0xe4, 0x18, 0x04, 0x19, 0x04, 0x19, 0x03, 0x19, 0x04, 0x19,
    0x04, 0x21, 0x03, 0x19, 0x24, 0x19, 0xc6, 0x21, 0xa9, 0x32, 0x8c, 0x53,
    0x64, 0x19, 0x04, 0x19, 0x24, 0x11, 0xc5, 0x19, 0xcd, 0x4b, 0x06, 0x12,
    0x44, 0x19, 0x24, 0x19, 0x28, 0x32, 0x85, 0x21, 0x04, 0x19, 0x04, 0x21,
    0xe4, 0x20, 0x04, 0x19, 0x64, 0x19, 0x07, 0x2a, 0x44, 0x19, 0x04, 0x19,
    0x04, 0x19, 0x03, 0x19, 0x04, 0x21, 0x04, 0x19, 0x24, 0x19, 0xc6, 0x29,
    0xe7, 0x31, 0x24, 0x11, 0x44, 0x19, 0xe6, 0x29, 0x44, 0x19, 0x64, 0x11,
    0x0e, 0x5c, 0x46, 0x1a, 0xc6, 0x19, 0x2b, 0x53, 0x64, 0x19, 0x24, 0x19,
    0x04, 0x19, 0x24, 0x21, 0x24, 0x19, 0x44, 0x11, 0xa4, 0x11, 0x26, 0x22,
    0x44, 0x11, 0x24, 0x19, 0x85, 0x21, 0x85, 0x21, 0x24, 0x19, 0x24, 0x11,
    0x68, 0x32, 0x4b, 0x4b, 0xa6, 0x21, 0x04, 0x19, 0x04, 0x19, 0x04, 0x21,
    0x03, 0x19, 0xe4, 0x18, 0x04, 0x21, 0x24, 0x19, 0xca, 0x42, 0x44, 0x11,
    0x03, 0x19, 0x04, 0x21, 0x04, 0x21, 0xe4, 0x18, 0xe4, 0x20, 0x04, 0x21,
    0x04, 0x19, 0x04, 0x19, 0x03, 0x21, 0x04, 0x21, 0xe4, 0x18, 0x04, 0x21,
    0xe4, 0x20, 0xe4, 0x20, 0x04, 0x21, 0xe4, 0x20, 0xe4, 0x20, 0x04, 0x21,
    0x04, 0x21, 0xe3, 0x18, 0x04, 0x21, 0x04, 0x21, 0xe4, 0x18, 0x04, 0x21,
    0xe4, 0x20, 0xe4, 0x20, 0x03, 0x19, 0x04, 0x21, 0xe4, 0x20, 0x03, 0x19,
    0xe4, 0x18, 0xe4, 0x20, 0x04, 0x21, 0xe4, 0x20, 0x04, 0x21, 0xe4, 0x20,
    0xe4, 0x20, 0x04, 0x21, 0xe3, 0x18, 0xe4, 0x20, 0x04, 0x21, 0xe3, 0x18,
    0xe4, 0x20, 0x04, 0x21, 0xe3, 0x18, 0xe4, 0x20, 0x04, 0x21, 0xe4, 0x20,
    0x04, 0x21, 0xe3, 0x18, 0x04, 0x21, 0xe4, 0x20, 0x03, 0x19, 0x04, 0x21,
    0xe3, 0x18, 0x03, 0x19, 0xe4, 0x20, 0x04, 0x21, 0xe3, 0x18, 0xe4, 0x20,
    0x04, 0x21, 0xe4, 0x20, 0x04, 0x19, 0x03, 0x21, 0xe4, 0x20, 0x04, 0x19,
    0x03, 0x21, 0xe4, 0x20, 0x03, 0x21, 0xe4, 0x20, 0x44, 0x21, 0x27, 0x2a,
    0x07, 0x2a, 0x24, 0x11, 0x04, 0x19, 0x04, 0x19, 0x03, 0x19, 0x24, 0x19,
    0x44, 0x11, 0x89, 0x32, 0x27, 0x22, 0x24, 0x11, 0x24, 0x19, 0x24, 0x19,
    0x44, 0x11, 0xcd, 0x53, 0x84, 0x09, 0x24, 0x19, 0x24, 0x19, 0xc6, 0x21,
    0x65, 0x19, 0x04, 0x19, 0x03, 0x21, 0x04, 0x21, 0x24, 0x19, 0x89, 0x32,
    0xa9, 0x32, 0x48, 0x2a, 0x24, 0x19, 0x04, 0x19, 0x04, 0x21, 0x03, 0x21,
    0x04, 0x19, 0x24, 0x19, 0xc6, 0x29, 0xe7, 0x31, 0x24, 0x11, 0xa5, 0x19,
    0x27, 0x2a, 0xa5, 0x21, 0x44, 0x11, 0x26, 0x1a, 0xa8, 0x2a, 0x64, 0x11,
    0x4c, 0x53, 0x64, 0x19, 0x23, 0x19, 0x04, 0x19, 0x03, 0x19, 0x24, 0x19,
    0x64, 0x19, 0x84, 0x09, 0x4b, 0x43, 0x44, 0x11, 0x64, 0x19, 0x6c, 0x4b,
    0xea, 0x42, 0x44, 0x19, 0x04, 0x19, 0x24, 0x11, 0xe7, 0x29, 0x24, 0x19,
    0x04, 0x19, 0x04, 0x19, 0x04, 0x21, 0x04, 0x19, 0x03, 0x19, 0x04, 0x21,
    0x24, 0x19, 0xaa, 0x42, 0x44, 0x11, 0x04, 0x19, 0x03, 0x21, 0x04, 0x19,
    0x03, 0x19, 0x04, 0x21, 0x03, 0x19, 0x04, 0x19, 0x04, 0x21, 0x04, 0x19,
    0x03, 0x19, 0xe4, 0x20, 0x03, 0x21, 0x04, 0x21, 0xe3, 0x18, 0x03, 0x21,
    0xe4, 0x18, 0xe4, 0x20, 0x03, 0x21, 0xe4, 0x18, 0x04, 0x21, 0xe4, 0x20,
    0xe3, 0x20, 0x04, 0x19, 0x03, 0x21, 0xe4, 0x20, 0x04, 0x21, 0x03, 0x21,
    0xe4, 0x18, 0x04, 0x21, 0x03, 0x21, 0xe4, 0x20, 0x04, 0x19, 0xe3, 0x20,
    0x04, 0x21, 0x04, 0x19, 0xe3, 0x20, 0x04, 0x21, 0x04, 0x21, 0xe4, 0x20,
    0x04, 0x21, 0x04, 0x21, 0xe4, 0x20, 0x03, 0x19, 0x04, 0x21, 0xe4, 0x20,
    0x03, 0x19, 0xe4, 0x20, 0x04, 0x21, 0xe3, 0x18, 0x04, 0x21, 0xe4, 0x20,
    0xe4, 0x20, 0x04, 0x21, 0xe4, 0x20, 0xe4, 0x20, 0x04, 0x21, 0x04, 0x21,
    0xe3, 0x18, 0x04, 0x21, 0x03, 0x19, 0xe4, 0x20, 0xe4, 0x20, 0x03, 0x21,
    0xe4, 0x20, 0x04, 0x21, 0x04, 0x19, 0x04, 0x19, 0x04, 0x21, 0x04, 0x19,
    0xe3, 0x18, 0x65, 0x21, 0x0b, 0x43, 0x4b, 0x4b, 0x64, 0x19, 0x24, 0x19,
    0x04, 0x19, 0x04, 0x19, 0x24, 0x19, 0x65, 0x19, 0x27, 0x2a, 0x68, 0x32,
    0x48, 0x32, 0x48, 0x3a, 0x27, 0x32, 0x44, 0x11, 0x0a, 0x3b, 0x27, 0x22,
    0x44, 0x19, 0x24, 0x19, 0x48, 0x32, 0xa5, 0x19, 0x04, 0x19, 0x04, 0x19,
    0x03, 0x19, 0x04, 0x19, 0x88, 0x32, 0xa9, 0x32, 0x27, 0x2a, 0x44, 0x11,
    0x24, 0x19, 0x04, 0x21, 0x04, 0x21, 0x03, 0x19, 0x24, 0x19, 0xc6, 0x29,
    0xe7, 0x31, 0x24, 0x11, 0x27, 0x2a, 0x68, 0x32, 0x89, 0x3a, 0x44, 0x11,
    0xc5, 0x19, 0x06, 0x1a, 0x44, 0x09, 0x2b, 0x53, 0x64, 0x19, 0x24, 0x11,
    0x23, 0x19, 0x24, 0x19, 0xc6, 0x29, 0x89, 0x3a, 0x64, 0x09, 0x2b, 0x43,
    0x44, 0x11, 0x06, 0x22, 0x6c, 0x4b, 0x68, 0x2a, 0x44, 0x19, 0x24, 0x19,
    0x24, 0x19, 0x2b, 0x53, 0x24, 0x19, 0x04, 0x19, 0x03, 0x19, 0x04, 0x19,
    0x04, 0x21, 0x04, 0x19, 0x04, 0x21, 0x24, 0x19, 0xca, 0x42, 0x44, 0x11,
    0x04, 0x19, 0x04, 0x19, 0x24, 0x19, 0x24, 0x19, 0x04, 0x19, 0x04, 0x19,
    0x85, 0x29, 0x69, 0x42, 0xc6, 0x29, 0x04, 0x19, 0x04, 0x21, 0xe4, 0x20,
    0x04, 0x21, 0x04, 0x21, 0x04, 0x19, 0x04, 0x21, 0x03, 0x21, 0xe4, 0x18,
    0x04, 0x21, 0x04, 0x21, 0xe4, 0x20, 0x04, 0x19, 0xe4, 0x20, 0xe3, 0x20,
    0x04, 0x19, 0xe4, 0x20, 0xe4, 0x20, 0xe4, 0x20, 0x04, 0x21, 0xe4, 0x20,
    0x04, 0x21, 0xe3, 0x20, 0x04, 0x19, 0xe4, 0x20, 0xe3, 0x20, 0x04, 0x19,
    0xe4, 0x20, 0xe3, 0x18, 0x04, 0x21, 0xe3, 0x18, 0xe4, 0x20, 0x04, 0x21,
    0xe4, 0x20, 0xe4, 0x20, 0x04, 0x21, 0x03, 0x19, 0xe4, 0x20, 0xe4, 0x20,
    0x04, 0x21, 0x04, 0x21, 0xe3, 0x18, 0x04, 0x21, 0x04, 0x21, 0xe3, 0x18,
    0x04, 0x21, 0xe4, 0x20, 0xe4, 0x20, 0x04, 0x21, 0xe4, 0x20, 0x04, 0x21,
    0xe3, 0x18, 0x04, 0x21, 0xe4, 0x18, 0xe4, 0x20, 0x03, 0x21, 0x03, 0x19,
    0x04, 0x21, 0x03, 0x19, 0x03, 0x19, 0xe4, 0x18, 0x03, 0x19, 0x68, 0x32,
    0x0a, 0x43, 0x44, 0x11, 0x24, 0x19, 0x03, 0x19, 0x23, 0x19, 0x44, 0x11,
    0x88, 0x3a, 0x68, 0x32, 0xa5, 0x19, 0xa5, 0x11, 0xa5, 0x11, 0xa5, 0x19,
    0x64, 0x11, 0xa5, 0x11, 0xa9, 0x32, 0xc6, 0x19, 0x44, 0x11, 0x68, 0x32,
    0xc6, 0x21, 0x24, 0x19, 0x03, 0x19, 0x04, 0x21, 0x04, 0x19, 0x64, 0x11,
    0xa5, 0x11, 0x64, 0x11, 0x24, 0x19, 0x04, 0x19, 0x04, 0x21, 0x04, 0x19,
    0x04, 0x19, 0x24, 0x11, 0xc6, 0x29, 0xe7, 0x31, 0x24, 0x11, 0x27, 0x32,
    0x2b, 0x53, 0xe7, 0x29, 0x44, 0x11, 0xe5, 0x19, 0x88, 0x2a, 0x44, 0x09,
    0x2b, 0x53, 0x65, 0x19, 0x24, 0x11, 0x43, 0x11, 0xc5, 0x21, 0x8d, 0x5b,
    0x84, 0x11, 0x64, 0x11, 0x64, 0x11, 0xc6, 0x21, 0xca, 0x42, 0x64, 0x11,
    0x23, 0x11, 0x23, 0x19, 0x03, 0x19, 0x23, 0x19, 0x0b, 0x53, 0x24, 0x19,
    0x23, 0x19, 0x03, 0x21, 0x03, 0x21, 0x04, 0x19, 0x03, 0x19, 0x03, 0x19,
    0x24, 0x19, 0xc9, 0x42, 0x44, 0x11, 0x04, 0x19, 0x24, 0x19, 0x89, 0x3a,
    0xa9, 0x3a, 0x44, 0x19, 0x24, 0x11, 0xa9, 0x3a, 0xe6, 0x21, 0xa9, 0x3a,
    0x24, 0x11, 0x04, 0x19, 0x03, 0x19, 0x03, 0x21, 0x04, 0x19, 0x03, 0x21,
    0x04, 0x21, 0x03, 0x19, 0x04, 0x21, 0xe4, 0x20, 0xe3, 0x20, 0x03, 0x19,
    0x04, 0x21, 0xe4, 0x20, 0x04, 0x21, 0x03, 0x19, 0xe4, 0x20, 0x04, 0x21,
    0x03, 0x19, 0xe4, 0x18, 0xe4, 0x20, 0x03, 0x21, 0xe4, 0x18, 0x04, 0x21,
    0xe4, 0x20, 0x04, 0x21, 0xe4, 0x20, 0xe4, 0x20, 0x04, 0x21, 0x03, 0x19,
    0xe4, 0x20, 0x04, 0x21, 0x03, 0x19, 0xe4, 0x20, 0xe4, 0x20, 0x03, 0x19,
    0xe4, 0x20, 0x04, 0x21, 0xe3, 0x18, 0x04, 0x21, 0xe4, 0x20, 0xe3, 0x18,
    0x04, 0x21, 0xe4, 0x20, 0x03, 0x19, 0x04, 0x21, 0xe3, 0x18, 0x03, 0x19,
    0xe4, 0x20, 0x04, 0x19, 0x04, 0x19, 0x24, 0x19, 0x23, 0x11, 0x24, 0x11,
    0x24, 0x11, 0x24, 0x19, 0x44, 0x19, 0x24, 0x19, 0x23, 0x19, 0x04, 0x19,
    0x03, 0x21, 0x24, 0x19, 0x64, 0x11, 0x88, 0x32, 0x68, 0x2a, 0x64, 0x09,
    0x23, 0x11, 0x44, 0x19, 0x89, 0x3a, 0x89, 0x32, 0x64, 0x11, 0x64, 0x11,
    0xa5, 0x11, 0x88, 0x2a, 0x88, 0x2a, 0x88, 0x2a, 0x88, 0x22, 0x26, 0x1a,
    0xc9, 0x32, 0xc6, 0x19, 0x27, 0x22, 0xa5, 0x19, 0x23, 0x19, 0x03, 0x19,
    0x04, 0x21, 0x23, 0x19, 0xa5, 0x19, 0x88, 0x32, 0x44, 0x11, 0x44, 0x11,
    0x43, 0x11, 0x64, 0x11, 0x64, 0x19, 0x44, 0x11, 0x43, 0x09, 0xe6, 0x21,
    0xe7, 0x29, 0x23, 0x11, 0x44, 0x19, 0x85, 0x19, 0x43, 0x11, 0x64, 0x09,
    0xe5, 0x11, 0x67, 0x22, 0x64, 0x09, 0x4b, 0x53, 0x85, 0x19, 0x43, 0x11,
    0xa5, 0x19, 0xea, 0x3a, 0xa5, 0x11, 0x84, 0x09, 0x64, 0x09, 0x27, 0x2a,
    0xa9, 0x3a, 0x84, 0x11, 0x43, 0x09, 0x44, 0x11, 0x44, 0x11, 0x44, 0x11,
    0x64, 0x11, 0x27, 0x2a, 0x64, 0x11, 0x23, 0x11, 0x44, 0x11, 0x24, 0x11,
    0x23, 0x11, 0x44, 0x19, 0x44, 0x19, 0x44, 0x19, 0xc9, 0x3a, 0x64, 0x11,
    0x44, 0x11, 0x64, 0x11, 0x4a, 0x3b, 0x6b, 0x3b, 0x84, 0x11, 0x84, 0x09,
    0x27, 0x1a, 0xa8, 0x2a, 0x68, 0x2a, 0x64, 0x11, 0x03, 0x19, 0x03, 0x19,
    0x04, 0x19, 0x03, 0x19, 0x03, 0x21, 0x04, 0x19, 0x03, 0x21, 0x03, 0x19,
    0x04, 0x21, 0xe4, 0x20, 0x04, 0x21, 0xe4, 0x20, 0xe3, 0x20, 0x04, 0x19,
    0xe4, 0x20, 0x04, 0x21, 0xe3, 0x20, 0x04, 0x21, 0xe4, 0x20, 0x03, 0x19,
    0x04, 0x21, 0xe4, 0x20, 0xe3, 0x20, 0x04, 0x19, 0x04, 0x21, 0xe3, 0x20,
    0xe4, 0x20, 0x04, 0x21, 0xe4, 0x20, 0xe4, 0x20, 0x04, 0x21, 0x03, 0x19,
    0xe4, 0x20, 0x04, 0x21, 0x03, 0x19, 0xe4, 0x20, 0x04, 0x21, 0x03, 0x19,
    0xe4, 0x20, 0x04, 0x21, 0x04, 0x21, 0xe4, 0x20, 0xe4, 0x20, 0x04, 0x21,
    0xe4, 0x20, 0x04, 0x21, 0x04, 0x21, 0xe3, 0x20, 0x04, 0x19, 0x44, 0x19,
    0x89, 0x32, 0x67, 0x22, 0xa4, 0x09, 0x6b, 0x3b, 0xd1, 0x6c, 0xd1, 0x6c,
    0xb0, 0x6c, 0x48, 0x2a, 0x24, 0x19, 0x03, 0x19, 0x24, 0x19, 0x89, 0x32,
    0xd0, 0x6c, 0x72, 0x75, 0x11, 0x6d, 0xb0, 0x64, 0xea, 0x3a, 0x47, 0x2a,
    0x64, 0x11, 0x64, 0x11, 0x84, 0x11, 0xc9, 0x3a, 0x46, 0x1a, 0x0d, 0x54,
    0xf0, 0x64, 0xf0, 0x64, 0xd0, 0x64, 0xed, 0x4b, 0x2a, 0x33, 0xc5, 0x19,
    0x44, 0x11, 0x04, 0x19, 0x03, 0x19, 0x03, 0x19, 0x24, 0x19, 0x64, 0x11,
    0xe9, 0x3a, 0x06, 0x1a, 0x0d, 0x54, 0x31, 0x6d, 0x51, 0x6d, 0x72, 0x6d,
    0x52, 0x6d, 0xf0, 0x6c, 0xe9, 0x32, 0xa5, 0x19, 0x23, 0x11, 0x44, 0x19,
    0x27, 0x32, 0xac, 0x53, 0xf1, 0x6c, 0x11, 0x65, 0x11, 0x6d, 0xa9, 0x2a,
    0x6c, 0x53, 0xa4, 0x11, 0xa4, 0x11, 0x6b, 0x43, 0x6b, 0x43, 0xf0, 0x64,
    0x11, 0x65, 0x11, 0x65, 0xb4, 0x85, 0x0a, 0x3b, 0x43, 0x09, 0x09, 0x3b,
    0xb0, 0x6c, 0xd0, 0x6c, 0xf0, 0x64, 0xf0, 0x64, 0xf0, 0x64, 0xd0, 0x64,
    0xd1, 0x64, 0xd0, 0x64, 0xd0, 0x64, 0xd0, 0x64, 0xd1, 0x6c, 0x6f, 0x6c,
    0xa5, 0x19, 0x47, 0x22, 0xb0, 0x6c, 0xd0, 0x64, 0x11, 0x65, 0x92, 0x65,
    0xb3, 0x6d, 0x11, 0x65, 0xf1, 0x64, 0x11, 0x65, 0x11, 0x65, 0xed, 0x43,
    0x26, 0x22, 0x64, 0x19, 0x24, 0x19, 0x04, 0x19, 0x04, 0x21, 0x03, 0x19,
    0x04, 0x19, 0x04, 0x21, 0x04, 0x21, 0x04, 0x19, 0xe4, 0x20, 0x04, 0x19,
    0xe3, 0x20, 0x04, 0x21, 0xe4, 0x20, 0x04, 0x21, 0xe3, 0x18, 0x04, 0x21,
    0xe4, 0x20, 0x04, 0x21, 0xe4, 0x20, 0x04, 0x19, 0x04, 0x21, 0xe3, 0x20,
    0x04, 0x19, 0xe4, 0x20, 0x04, 0x21, 0x04, 0x21, 0xe3, 0x18, 0x04, 0x21,
    0xe4, 0x20, 0xe3, 0x18, 0x04, 0x21, 0xe4, 0x20, 0xe4, 0x20, 0x04, 0x21,
    0xe4, 0x20, 0xe4, 0x20, 0x04, 0x21, 0xe4, 0x20, 0xe3, 0x18, 0x04, 0x21,
    0x03, 0x19, 0xe4, 0x20, 0xe4, 0x20, 0x03, 0x19, 0xe4, 0x20, 0xe4, 0x20,
    0x04, 0x21, 0x03, 0x19, 0xc5, 0x21, 0x0a, 0x43, 0x6b, 0x3b, 0x4a, 0x33,
    0x10, 0x5d, 0xaf, 0x4c, 0x8e, 0x44, 0xf0, 0x54, 0x8c, 0x4b, 0x43, 0x11,
    0x03, 0x19, 0x24, 0x19, 0xcd, 0x53, 0xf0, 0x64, 0xae, 0x44, 0xae, 0x44,
    0xd4, 0x75, 0x2a, 0x33, 0x43, 0x09, 0x64, 0x11, 0x64, 0x11, 0xca, 0x3a,
    0x27, 0x22, 0x87, 0x22, 0x35, 0x86, 0xef, 0x4c, 0xce, 0x44, 0xce, 0x44,
    0xb2, 0x6d, 0x66, 0x0a, 0x0a, 0x3b, 0x85, 0x19, 0x23, 0x19, 0x04, 0x19,
    0x24, 0x19, 0x23, 0x11, 0xe5, 0x11, 0x2d, 0x4c, 0xb2, 0x75, 0xcf, 0x4c,
    0x4c, 0x2c, 0x4c, 0x2c, 0xee, 0x3c, 0x6c, 0x2c, 0x8d, 0x3c, 0x72, 0x65,
    0xf1, 0x6c, 0x27, 0x22, 0x64, 0x19, 0x88, 0x32, 0xf1, 0x6c, 0xaf, 0x4c,
    0xae, 0x3c, 0x10, 0x55, 0xcd, 0x4b, 0x8c, 0x4b, 0x26, 0x12, 0x6b, 0x3b,
    0x49, 0x2b, 0x51, 0x65, 0x8d, 0x44, 0x6d, 0x3c, 0x8e, 0x44, 0x72, 0x75,
    0x4b, 0x43, 0x84, 0x09, 0xec, 0x43, 0x6e, 0x4c, 0xad, 0x3c, 0xad, 0x3c,
    0xad, 0x3c, 0xef, 0x44, 0x8d, 0x3c, 0xae, 0x44, 0xae, 0x3c, 0xae, 0x44,
    0xae, 0x44, 0x6e, 0x44, 0x72, 0x7d, 0x46, 0x1a, 0x2a, 0x33, 0xf0, 0x64,
    0x8e, 0x44, 0xad, 0x34, 0xce, 0x34, 0xee, 0x3c, 0xae, 0x3c, 0xad, 0x34,
    0x8d, 0x34, 0x8d, 0x3c, 0xef, 0x4c, 0xf4, 0x75, 0xd0, 0x6c, 0x26, 0x22,
    0x23, 0x19, 0x04, 0x19, 0x03, 0x19, 0x03, 0x19, 0x04, 0x21, 0xe3, 0x20,
    0x03, 0x19, 0x04, 0x21, 0x04, 0x19, 0x04, 0x19, 0x04, 0x19, 0xe3, 0x20,
    0x04, 0x21, 0xe4, 0x18, 0xe4, 0x20, 0x03, 0x19, 0xe4, 0x20, 0xe3, 0x20,
    0x04, 0x21, 0xe4, 0x20, 0x04, 0x21, 0xe3, 0x20, 0xe4, 0x20, 0x04, 0x19,
    0xe4, 0x20, 0x04, 0x21, 0x03, 0x19, 0xe4, 0x20, 0x04, 0x21, 0x04, 0x21,
    0xe3, 0x18, 0x04, 0x21, 0x04, 0x21, 0xe3, 0x18, 0x04, 0x21, 0xe4, 0x20,
    0x03, 0x19, 0xe4, 0x20, 0xe4, 0x20, 0x03, 0x19, 0x04, 0x21, 0xe4, 0x20,
    0x03, 0x19, 0xe4, 0x20, 0x04, 0x21, 0xe4, 0x18, 0x04, 0x19, 0x44, 0x11,
    0x88, 0x32, 0x47, 0x22, 0x67, 0x12, 0xef, 0x4c, 0x4f, 0x45, 0x0d, 0x2d,
    0x4f, 0x4d, 0xab, 0x3b, 0x44, 0x09, 0x03, 0x19, 0x44, 0x19, 0xcd, 0x4b,
    0x10, 0x55, 0x2e, 0x35, 0x2e, 0x35, 0xf3, 0x6d, 0x87, 0x1a, 0x43, 0x09,
    0x64, 0x19, 0x88, 0x32, 0x07, 0x22, 0x84, 0x11, 0x2e, 0x54, 0xef, 0x44,
    0x2e, 0x35, 0x4e, 0x2d, 0x4e, 0x2d, 0x70, 0x4d, 0x2c, 0x3c, 0x46, 0x12,
    0xa8, 0x32, 0x23, 0x11, 0x24, 0x19, 0x23, 0x19, 0x06, 0x22, 0xaf, 0x54,
    0x70, 0x4d, 0x0d, 0x2d, 0x0d, 0x25, 0x6e, 0x35, 0x6e, 0x2d, 0xaf, 0x35,
    0x2d, 0x2d, 0x4e, 0x2d, 0x2e, 0x35, 0x0e, 0x3d, 0x10, 0x5d, 0xe9, 0x32,
    0x26, 0x1a, 0x10, 0x5d, 0x0f, 0x45, 0x2d, 0x2d, 0x90, 0x45, 0x0c, 0x3c,
    0xcb, 0x43, 0x6a, 0x33, 0xaa, 0x2b, 0x70, 0x55, 0x2e, 0x3d, 0x2e, 0x35,
    0x0e, 0x35, 0xd2, 0x65, 0x4e, 0x4c, 0xe5, 0x19, 0x63, 0x09, 0x2d, 0x44,
    0x0e, 0x45, 0x2d, 0x2d, 0xf0, 0x3d, 0x4e, 0x2d, 0xf1, 0x45, 0x0e, 0x2d,
    0xb0, 0x3d, 0x4e, 0x2d, 0xf1, 0x45, 0xf1, 0x45, 0x0e, 0x3d, 0xb3, 0x75,
    0x66, 0x12, 0x2a, 0x2b, 0x30, 0x5d, 0x0e, 0x35, 0x2d, 0x2d, 0x6e, 0x2d,
    0x8e, 0x35, 0x0d, 0x25, 0x6e, 0x35, 0x2d, 0x2d, 0x2e, 0x2d, 0x2e, 0x2d,
    0x4f, 0x35, 0x2f, 0x45, 0xef, 0x5c, 0xe6, 0x19, 0x04, 0x19, 0x03, 0x19,
    0x04, 0x19, 0x03, 0x21, 0x03, 0x19, 0x04, 0x19, 0x03, 0x19, 0x03, 0x19,
    0x04, 0x19, 0x03, 0x21, 0x03, 0x19, 0xe4, 0x20, 0x04, 0x21, 0x04, 0x21,
    0x04, 0x21, 0xe3, 0x18, 0x04, 0x21, 0xe4, 0x18, 0xe3, 0x20, 0x04, 0x19,
    0x04, 0x21, 0xe3, 0x20, 0xe4, 0x20, 0xe4, 0x20, 0xe4, 0x20, 0x04, 0x21,
    0xe3, 0x18, 0x04, 0x21, 0xe4, 0x20, 0xe3, 0x18, 0x04, 0x21, 0xe4, 0x20,
    0x03, 0x19, 0xe4, 0x20, 0x04, 0x21, 0x04, 0x21, 0xe4, 0x20, 0x04, 0x21,
    0xe4, 0x20, 0xe4, 0x20, 0x04, 0x21, 0xe4, 0x20, 0x03, 0x19, 0x04, 0x21,
    0x04, 0x21, 0x04, 0x19, 0x24, 0x11, 0x44, 0x11, 0x43, 0x11, 0xc4, 0x09,
    0xce, 0x44, 0x2e, 0x35, 0x4d, 0x25, 0x6f, 0x45, 0xcc, 0x3b, 0x44, 0x09,
    0x23, 0x19, 0x43, 0x11, 0xed, 0x4b, 0x30, 0x55, 0x2d, 0x2d, 0x2d, 0x25,
    0x13, 0x6e, 0x66, 0x12, 0x64, 0x09, 0x48, 0x32, 0x48, 0x2a, 0x84, 0x09,
    0x26, 0x1a, 0x10, 0x65, 0xed, 0x2c, 0x4d, 0x25, 0x6d, 0x1d, 0x6d, 0x25,
    0x2e, 0x2d, 0x33, 0x6e, 0x24, 0x02, 0x09, 0x33, 0x44, 0x19, 0x24, 0x19,
    0x64, 0x19, 0x4e, 0x5c, 0x0f, 0x45, 0xed, 0x24, 0x4d, 0x25, 0x6e, 0x1d,
    0x6e, 0x2d, 0xb0, 0x3d, 0xf1, 0x45, 0xaf, 0x3d, 0x6e, 0x2d, 0x2e, 0x2d,
    0x0d, 0x2d, 0xcd, 0x3c, 0xd0, 0x6c, 0x47, 0x1a, 0x30, 0x55, 0x2e, 0x35,
    0x2d, 0x25, 0x8f, 0x35, 0x2c, 0x34, 0x08, 0x23, 0xca, 0x2b, 0x91, 0x5d,
    0x2d, 0x35, 0x4e, 0x35, 0x6e, 0x35, 0xf1, 0x55, 0x8e, 0x44, 0x25, 0x0a,
    0x63, 0x09, 0x63, 0x09, 0x2d, 0x3c, 0x4e, 0x3d, 0x6d, 0x25, 0x8e, 0x1d,
    0x8f, 0x2d, 0xd0, 0x3d, 0x8f, 0x35, 0x8f, 0x3d, 0x8f, 0x3d, 0xb0, 0x3d,
    0xb0, 0x45, 0x70, 0x4d, 0x14, 0x7e, 0x66, 0x12, 0x4a, 0x2b, 0x50, 0x55,
    0x4d, 0x2d, 0x6d, 0x1d, 0x4d, 0x25, 0xae, 0x35, 0x8f, 0x35, 0xaf, 0x3d,
    0x8f, 0x3d, 0x6e, 0x2d, 0x6e, 0x25, 0x4e, 0x25, 0x2d, 0x25, 0x2f, 0x45,
    0xd0, 0x6c, 0x64, 0x19, 0x24, 0x19, 0x24, 0x19, 0x03, 0x19, 0x04, 0x19,
    0x04, 0x19, 0x24, 0x19, 0x07, 0x32, 0xa5, 0x29, 0x04, 0x19, 0x04, 0x21,
    0x04, 0x21, 0xe3, 0x20, 0xe4, 0x18, 0x04, 0x21, 0x04, 0x21, 0xe4, 0x20,
    0x04, 0x21, 0x04, 0x19, 0xe4, 0x20, 0x04, 0x21, 0x04, 0x19, 0xe4, 0x20,
    0x04, 0x21, 0xe3, 0x18, 0x04, 0x21, 0xe4, 0x20, 0xe4, 0x20, 0x04, 0x21,
    0x04, 0x21, 0xe4, 0x20, 0xe4, 0x20, 0x04, 0x21, 0xe3, 0x18, 0xe4, 0x20,
    0x04, 0x21, 0x03, 0x19, 0xe4, 0x20, 0x03, 0x19, 0x04, 0x21, 0xe4, 0x20,
    0x03, 0x19, 0x04, 0x19, 0x04, 0x19, 0x03, 0x21, 0x03, 0x21, 0x04, 0x19,
    0x04, 0x19, 0x23, 0x11, 0xa4, 0x09, 0xce, 0x44, 0xd0, 0x4d, 0xd0, 0x35,
    0x8f, 0x3d, 0xcb, 0x3b, 0x44, 0x09, 0x23, 0x19, 0x23, 0x11, 0xed, 0x4b,
    0x2f, 0x55, 0xaf, 0x35, 0x8f, 0x2d, 0x13, 0x6e, 0x87, 0x12, 0x67, 0x22,
    0xa9, 0x3a, 0x84, 0x09, 0x67, 0x22, 0xec, 0x43, 0x0f, 0x4d, 0x2d, 0x25,
    0x6d, 0x1d, 0xae, 0x2d, 0x8e, 0x2d, 0xf0, 0x3d, 0x4e, 0x3d, 0xea, 0x2b,
    0x4a, 0x33, 0x44, 0x19, 0x24, 0x11, 0x09, 0x33, 0xb2, 0x65, 0x0d, 0x2d,
    0xaf, 0x2d, 0xaf, 0x35, 0xf1, 0x45, 0xd2, 0x5d, 0x50, 0x4d, 0xef, 0x4c,
    0x91, 0x55, 0x90, 0x55, 0x70, 0x4d, 0x2f, 0x45, 0x91, 0x5d, 0x2e, 0x54,
    0x05, 0x12, 0x30, 0x55, 0x4f, 0x3d, 0x4d, 0x25, 0xaf, 0x35, 0x4c, 0x34,
    0xe7, 0x12, 0x70, 0x55, 0x4e, 0x3d, 0xcf, 0x35, 0x6e, 0x2d, 0xd1, 0x4d,
    0x0f, 0x4d, 0x66, 0x0a, 0xe5, 0x11, 0xa5, 0x11, 0xe5, 0x09, 0x6d, 0x3c,
    0x4e, 0x3d, 0x4d, 0x1d, 0xcf, 0x2d, 0x73, 0x5e, 0xb1, 0x55, 0x71, 0x5d,
    0x71, 0x5d, 0x51, 0x5d, 0x51, 0x5d, 0x71, 0x5d, 0x30, 0x65, 0xf1, 0x6c,
    0xe5, 0x11, 0x29, 0x2b, 0x50, 0x55, 0xaf, 0x35, 0xae, 0x25, 0x11, 0x46,
    0x93, 0x66, 0x90, 0x55, 0x71, 0x5d, 0x91, 0x5d, 0xd2, 0x5d, 0xb0, 0x4d,
    0xf0, 0x3d, 0xaf, 0x2d, 0x6f, 0x35, 0x34, 0x7e, 0xc9, 0x32, 0x27, 0x2a,
    0x07, 0x32, 0x07, 0x32, 0x07, 0x32, 0x07, 0x32, 0xca, 0x4a, 0xa8, 0x3a,
    0x68, 0x32, 0x24, 0x19, 0x03, 0x19, 0x04, 0x21, 0xe4, 0x20, 0x03, 0x19,
    0x04, 0x19, 0xe4, 0x20, 0xe3, 0x20, 0x04, 0x21, 0xe3, 0x20, 0xe4, 0x20,
    0xe3, 0x20, 0x04, 0x21, 0x04, 0x19, 0xe4, 0x20, 0x04, 0x21, 0x03, 0x19,
    0xe4, 0x20, 0x04, 0x21, 0x03, 0x19, 0xe4, 0x20, 0x03, 0x19, 0x04, 0x21,
    0xe4, 0x20, 0x03, 0x19, 0xe4, 0x20, 0xe4, 0x20, 0x03, 0x19, 0xe4, 0x20,
    0xe4, 0x20, 0x03, 0x19, 0xe4, 0x20, 0x04, 0x19, 0x64, 0x19, 0x44, 0x19,
    0x24, 0x11, 0x24, 0x11, 0x04, 0x19, 0x23, 0x19, 0x23, 0x11, 0xa4, 0x09,
    0xee, 0x44, 0xf1, 0x4d, 0xf0, 0x3d, 0x8f, 0x3d, 0x4c, 0x34, 0x25, 0x12,
    0xe6, 0x19, 0x05, 0x12, 0x4d, 0x44, 0x50, 0x4d, 0xcf, 0x35, 0x6e, 0x2d,
    0x14, 0x6e, 0x09, 0x2b, 0x88, 0x2a, 0x64, 0x09, 0x47, 0x22, 0x2a, 0x33,
    0x0f, 0x55, 0x2f, 0x3d, 0x4d, 0x25, 0xae, 0x2d, 0x35, 0x67, 0xaf, 0x35,
    0x10, 0x3e, 0x2d, 0x2d, 0x0f, 0x45, 0x6a, 0x3b, 0x44, 0x11, 0x85, 0x19,
    0x14, 0x86, 0xee, 0x3c, 0x4d, 0x25, 0xcf, 0x35, 0x32, 0x56, 0xee, 0x44,
    0xe8, 0x1a, 0x46, 0x12, 0x45, 0x0a, 0x66, 0x12, 0xe7, 0x1a, 0x10, 0x55,
    0xf3, 0x6d, 0x0c, 0x44, 0x06, 0x1a, 0xc4, 0x11, 0x30, 0x5d, 0x4f, 0x3d,
    0x4d, 0x25, 0xaf, 0x35, 0x70, 0x55, 0x91, 0x55, 0x2e, 0x35, 0x8e, 0x2d,
    0xcf, 0x35, 0x11, 0x4e, 0x50, 0x55, 0x86, 0x12, 0xc9, 0x2a, 0x88, 0x2a,
    0x26, 0x22, 0x87, 0x22, 0xae, 0x44, 0x4f, 0x3d, 0x4d, 0x25, 0xf0, 0x35,
    0xed, 0x34, 0xe6, 0x0a, 0xa7, 0x0a, 0x87, 0x12, 0x86, 0x0a, 0x86, 0x0a,
    0x86, 0x0a, 0x46, 0x12, 0xc5, 0x11, 0x83, 0x09, 0x09, 0x2b, 0x50, 0x55,
    0xcf, 0x35, 0xae, 0x25, 0xf1, 0x45, 0xee, 0x3c, 0x65, 0x0a, 0x25, 0x12,
    0x46, 0x12, 0xa6, 0x12, 0x2f, 0x4d, 0x11, 0x56, 0xcf, 0x35, 0xaf, 0x35,
    0x71, 0x55, 0xe9, 0x2a, 0xa4, 0x11, 0x64, 0x19, 0x64, 0x19, 0x64, 0x19,
    0x64, 0x19, 0xe6, 0x29, 0x68, 0x32, 0x06, 0x2a, 0x23, 0x19, 0x04, 0x19,
    0x04, 0x21, 0xe4, 0x20, 0x04, 0x21, 0x03, 0x21, 0x04, 0x19, 0x04, 0x21,
    0xe3, 0x18, 0x04, 0x21, 0x04, 0x19, 0xe4, 0x20, 0xe3, 0x20, 0xe4, 0x20,
    0xe4, 0x20, 0x04, 0x21, 0xe4, 0x20, 0xe3, 0x18, 0x04, 0x21, 0xe4, 0x20,
    0xe3, 0x18, 0x04, 0x21, 0xe4, 0x20, 0x04, 0x21, 0x04, 0x21, 0xe4, 0x20,
    0x04, 0x21, 0x04, 0x21, 0xe4, 0x20, 0x04, 0x21, 0x04, 0x21, 0xe4, 0x20,
    0x44, 0x19, 0x4b, 0x43, 0x6b, 0x3b, 0xe5, 0x09, 0xc5, 0x11, 0xc5, 0x11,
    0xc5, 0x11, 0xe5, 0x11, 0x46, 0x12, 0x0f, 0x45, 0x6f, 0x35, 0x4d, 0x25,
    0x8e, 0x2d, 0x94, 0x5e, 0x33, 0x66, 0x33, 0x6e, 0x33, 0x6e, 0x53, 0x66,
    0x4e, 0x2d, 0x6d, 0x25, 0x4e, 0x25, 0x33, 0x6e, 0x87, 0x12, 0x43, 0x09,
    0xa5, 0x19, 0xc9, 0x3a, 0x87, 0x1a, 0x91, 0x5d, 0x2d, 0x2d, 0x0d, 0x25,
    0x72, 0x4e, 0x31, 0x4e, 0xf0, 0x3d, 0x4c, 0x1d, 0x0d, 0x25, 0x90, 0x55,
    0x2d, 0x44, 0x43, 0x09, 0x27, 0x2a, 0xf3, 0x6d, 0x0d, 0x35, 0x4d, 0x25,
    0x6e, 0x2d, 0x2f, 0x45, 0x87, 0x12, 0xa4, 0x09, 0x84, 0x11, 0xe9, 0x32,
    0xa4, 0x01, 0x84, 0x09, 0x47, 0x22, 0xc8, 0x2a, 0xe5, 0x11, 0x44, 0x11,
    0x84, 0x11, 0x10, 0x5d, 0x0e, 0x35, 0x2d, 0x1d, 0xcf, 0x35, 0xb3, 0x66,
    0xed, 0x2c, 0x2d, 0x25, 0x4d, 0x25, 0xaf, 0x3d, 0x70, 0x55, 0x86, 0x12,
    0x67, 0x22, 0xa9, 0x3a, 0x44, 0x11, 0x44, 0x11, 0x83, 0x09, 0x4c, 0x3c,
    0x0e, 0x35, 0x4d, 0x1d, 0xae, 0x2d, 0x12, 0x56, 0x4f, 0x4d, 0x30, 0x55,
    0x0f, 0x55, 0x10, 0x55, 0x0f, 0x55, 0xef, 0x54, 0x4d, 0x54, 0x85, 0x19,
    0x44, 0x11, 0x09, 0x33, 0x50, 0x55, 0x4e, 0x2d, 0x6d, 0x25, 0x6f, 0x3d,
    0x8d, 0x3c, 0xa4, 0x09, 0x64, 0x11, 0x43, 0x11, 0x84, 0x09, 0x2c, 0x44,
    0x70, 0x4d, 0x4d, 0x25, 0x4e, 0x25, 0x50, 0x4d, 0xe9, 0x22, 0x64, 0x09,
    0x24, 0x11, 0x24, 0x19, 0x23, 0x19, 0x24, 0x19, 0x23, 0x11, 0x24, 0x19,
    0x04, 0x19, 0x04, 0x19, 0x04, 0x21, 0x03, 0x21, 0xe4, 0x20, 0xe4, 0x20,
    0x04, 0x19, 0x04, 0x19, 0x04, 0x19, 0x04, 0x21, 0xe4, 0x20, 0x04, 0x21,
    0x04, 0x19, 0xe4, 0x20, 0x04, 0x21, 0xe4, 0x20, 0x04, 0x21, 0xe4, 0x20,
    0x04, 0x21, 0x04, 0x21, 0xe4, 0x20, 0x04, 0x21, 0xe4, 0x20, 0xe3, 0x18,
    0x04, 0x21, 0xe3, 0x18, 0xe4, 0x20, 0x03, 0x19, 0xe4, 0x20, 0xe3, 0x18,
    0x04, 0x21, 0xe4, 0x20, 0x04, 0x21, 0x85, 0x21, 0x2b, 0x3b, 0x8c, 0x3b,
    0xa8, 0x22, 0x88, 0x2a, 0x88, 0x2a, 0x68, 0x2a, 0x88, 0x2a, 0x09, 0x2b,
    0x50, 0x4d, 0xaf, 0x3d, 0x6d, 0x25, 0x8e, 0x25, 0xcf, 0x35, 0x2d, 0x25,
    0x0d, 0x25, 0x2d, 0x2d, 0xd0, 0x35, 0x6e, 0x25, 0x8e, 0x25, 0x6e, 0x2d,
    0x34, 0x6e, 0x87, 0x12, 0xe6, 0x19, 0xc9, 0x42, 0x26, 0x22, 0x6e, 0x54,
    0x4f, 0x3d, 0x4e, 0x2d, 0x4d, 0x2d, 0x10, 0x46, 0x2d, 0x2d, 0x92, 0x56,
    0x4d, 0x1d, 0x4d, 0x25, 0xf1, 0x55, 0x8d, 0x44, 0x83, 0x09, 0xa8, 0x32,
    0xce, 0x44, 0x8f, 0x35, 0x6d, 0x25, 0x6e, 0x35, 0x6d, 0x44, 0xa4, 0x09,
    0x23, 0x11, 0x44, 0x19, 0x8c, 0x4b, 0xa4, 0x09, 0x23, 0x11, 0x64, 0x19,
    0x88, 0x32, 0x64, 0x11, 0x23, 0x19, 0x84, 0x11, 0x10, 0x5d, 0x4f, 0x3d,
    0x4d, 0x25, 0xef, 0x2d, 0x6e, 0x2d, 0x2d, 0x25, 0x8e, 0x25, 0x4d, 0x25,
    0x12, 0x56, 0xaa, 0x23, 0x67, 0x1a, 0xa9, 0x32, 0x64, 0x19, 0x44, 0x19,
    0x44, 0x11, 0x63, 0x09, 0x4c, 0x3c, 0x2e, 0x35, 0x4d, 0x1d, 0xae, 0x2d,
    0x8f, 0x35, 0x8f, 0x45, 0x4f, 0x45, 0x50, 0x4d, 0x90, 0x4d, 0x91, 0x55,
    0x91, 0x5d, 0x51, 0x6d, 0x06, 0x2a, 0x44, 0x19, 0x09, 0x33, 0x70, 0x55,
    0xd0, 0x3d, 0x8e, 0x25, 0x8f, 0x3d, 0x8d, 0x34, 0xc4, 0x09, 0x64, 0x11,
    0x64, 0x11, 0xe5, 0x11, 0xae, 0x54, 0x90, 0x55, 0x6e, 0x2d, 0x8f, 0x35,
    0x13, 0x6e, 0xe9, 0x2a, 0xc5, 0x19, 0x85, 0x21, 0x85, 0x21, 0xe6, 0x29,
    0x68, 0x3a, 0x85, 0x21, 0x04, 0x19, 0x04, 0x19, 0x04, 0x21, 0x04, 0x21,
    0xe3, 0x18, 0x04, 0x21, 0x04, 0x21, 0x03, 0x19, 0xe3, 0x20, 0x04, 0x21,
    0x04, 0x21, 0xe3, 0x20, 0xe3, 0x20, 0x04, 0x21, 0x04, 0x19, 0xe3, 0x20,
    0x03, 0x19, 0xe4, 0x20, 0x03, 0x19, 0xe4, 0x20, 0xe3, 0x18, 0x04, 0x21,
    0x04, 0x21, 0xe3, 0x18, 0x04, 0x21, 0x04, 0x21, 0xe4, 0x20, 0x03, 0x19,
    0x04, 0x21, 0xe4, 0x20, 0x04, 0x21, 0xe3, 0x18, 0xe4, 0x20, 0x04, 0x21,
    0x04, 0x19, 0x85, 0x19, 0x85, 0x11, 0x24, 0x11, 0x24, 0x11, 0x24, 0x19,
    0x24, 0x19, 0x24, 0x11, 0xc4, 0x11, 0xce, 0x4c, 0x6f, 0x3d, 0x6d, 0x25,
    0xce, 0x25, 0x10, 0x3e, 0x6e, 0x2d, 0x4e, 0x25, 0x6e, 0x25, 0x10, 0x3e,
    0x6e, 0x25, 0xae, 0x1d, 0x8f, 0x2d, 0x14, 0x6e, 0x6b, 0x33, 0x6c, 0x4b,
    0xc5, 0x19, 0x26, 0x12, 0x13, 0x76, 0x2d, 0x2d, 0x6e, 0x25, 0xaf, 0x35,
    0x31, 0x4e, 0x0c, 0x2d, 0x10, 0x46, 0xcf, 0x35, 0x4e, 0x2d, 0x8f, 0x3d,
    0xd1, 0x5d, 0xe5, 0x11, 0x09, 0x33, 0xed, 0x3c, 0xaf, 0x35, 0x6d, 0x25,
    0x6e, 0x35, 0x0c, 0x44, 0x43, 0x09, 0x24, 0x11, 0x24, 0x11, 0xc9, 0x32,
    0x63, 0x09, 0x23, 0x11, 0x44, 0x19, 0x89, 0x3a, 0x84, 0x19, 0x23, 0x19,
    0x84, 0x11, 0x10, 0x5d, 0x4f, 0x45, 0x4d, 0x25, 0x2f, 0x2e, 0x8d, 0x1d,
    0x6d, 0x1d, 0xae, 0x1d, 0x4d, 0x1d, 0x8f, 0x35, 0x50, 0x4d, 0xe9, 0x22,
    0x84, 0x11, 0x44, 0x19, 0x44, 0x19, 0x64, 0x11, 0xa4, 0x01, 0x4c, 0x34,
    0x2e, 0x35, 0x2d, 0x1d, 0xce, 0x25, 0x6e, 0x25, 0x8f, 0x35, 0x2d, 0x2d,
    0xaf, 0x3d, 0x8f, 0x35, 0xb0, 0x3d, 0xb0, 0x45, 0x51, 0x5d, 0x26, 0x22,
    0x44, 0x11, 0x09, 0x2b, 0x50, 0x5d, 0x10, 0x3e, 0x8d, 0x25, 0x8e, 0x35,
    0x12, 0x56, 0xae, 0x4c, 0x6e, 0x54, 0xcf, 0x5c, 0xf3, 0x75, 0x90, 0x4d,
    0xaf, 0x3d, 0x4e, 0x2d, 0xaf, 0x3d, 0x55, 0x7e, 0x4a, 0x33, 0xa9, 0x32,
    0x88, 0x32, 0x88, 0x32, 0x6c, 0x4b, 0x0a, 0x43, 0x47, 0x2a, 0x23, 0x19,
    0x04, 0x21, 0x03, 0x19, 0xe4, 0x20, 0xe4, 0x20, 0x04, 0x19, 0xe4, 0x20,
    0x04, 0x21, 0x04, 0x19, 0x04, 0x19, 0x03, 0x19, 0xe4, 0x20, 0xe4, 0x20,
    0x04, 0x19, 0xe3, 0x20, 0xe4, 0x20, 0xe4, 0x20, 0x04, 0x21, 0xe4, 0x20,
    0x03, 0x19, 0xe4, 0x20, 0x04, 0x21, 0xe3, 0x18, 0xe4, 0x20, 0x04, 0x21,
    0xe4, 0x20, 0xe4, 0x20, 0x04, 0x21, 0xe4, 0x20, 0x04, 0x21, 0x04, 0x21,
    0x03, 0x19, 0x04, 0x19, 0x03, 0x19, 0x04, 0x19, 0x24, 0x19, 0x24, 0x19,
    0x04, 0x19, 0x04, 0x19, 0x04, 0x21, 0x04, 0x19, 0x23, 0x19, 0xa4, 0x19,
    0xce, 0x4c, 0x4f, 0x3d, 0x4d, 0x25, 0x6d, 0x1d, 0xb0, 0x35, 0xb0, 0x3d,
    0xb0, 0x3d, 0xb0, 0x3d, 0xaf, 0x35, 0x6e, 0x25, 0x8e, 0x1d, 0x4d, 0x25,
    0x13, 0x6e, 0x87, 0x1a, 0x64, 0x09, 0x63, 0x09, 0xcb, 0x3b, 0x0f, 0x4d,
    0x4e, 0x2d, 0x8d, 0x1d, 0x31, 0x46, 0x31, 0x46, 0xaf, 0x35, 0x10, 0x46,
    0xf0, 0x3d, 0x4d, 0x25, 0x6d, 0x25, 0xd0, 0x4d, 0x8b, 0x3b, 0x08, 0x2b,
    0xee, 0x3c, 0x4d, 0x2d, 0x6d, 0x25, 0x6e, 0x35, 0x0c, 0x3c, 0x83, 0x09,
    0x23, 0x11, 0x64, 0x19, 0x26, 0x1a, 0xa4, 0x09, 0x43, 0x11, 0x23, 0x19,
    0x27, 0x2a, 0x64, 0x11, 0x04, 0x19, 0x84, 0x19, 0x10, 0x5d, 0x2e, 0x3d,
    0x4d, 0x1d, 0x8d, 0x1d, 0x6d, 0x1d, 0xcf, 0x2d, 0x8e, 0x25, 0x4d, 0x25,
    0x6e, 0x2d, 0xf1, 0x55, 0xab, 0x33, 0xa4, 0x01, 0x64, 0x11, 0x47, 0x32,
    0xcd, 0x5b, 0x0d, 0x4c, 0x30, 0x55, 0x2e, 0x35, 0x4d, 0x1d, 0x6d, 0x1d,
    0xaf, 0x35, 0x8f, 0x35, 0x6e, 0x35, 0x8f, 0x3d, 0x6f, 0x35, 0x6f, 0x3d,
    0x70, 0x45, 0x71, 0x65, 0x06, 0x22, 0x64, 0x11, 0x09, 0x33, 0x50, 0x55,
    0x6d, 0x2d, 0x8d, 0x1d, 0x4d, 0x25, 0x2d, 0x2d, 0x0e, 0x35, 0xee, 0x3c,
    0xee, 0x3c, 0x0e, 0x3d, 0x0d, 0x2d, 0x6e, 0x2d, 0x4e, 0x35, 0xf2, 0x5d,
    0x49, 0x2b, 0x64, 0x09, 0x43, 0x09, 0x23, 0x09, 0x64, 0x09, 0x64, 0x09,
    0x06, 0x22, 0x64, 0x11, 0x04, 0x19, 0x04, 0x19, 0x04, 0x21, 0x03, 0x21,
    0xe4, 0x20, 0xe3, 0x20, 0x04, 0x21, 0x04, 0x19, 0xe3, 0x20, 0x04, 0x19,
    0x04, 0x21, 0xe4, 0x20, 0x04, 0x21, 0x04, 0x21, 0xe4, 0x20, 0x04, 0x21,
    0xe4, 0x20, 0x04, 0x21, 0x04, 0x21, 0xe4, 0x20, 0x04, 0x21, 0xe4, 0x20,
    0x04, 0x21, 0x04, 0x21, 0xe3, 0x18, 0x03, 0x19, 0x04, 0x21, 0xe4, 0x20,
    0xe3, 0x18, 0xe4, 0x20, 0x04, 0x19, 0x04, 0x19, 0x04, 0x19, 0x24, 0x19,
    0x24, 0x19, 0x23, 0x19, 0x04, 0x19, 0x04, 0x19, 0x03, 0x21, 0x04, 0x19,
    0x04, 0x19, 0x03, 0x19, 0xa4, 0x11, 0xcf, 0x4c, 0x90, 0x45, 0xef, 0x35,
    0xaf, 0x2d, 0x12, 0x56, 0x0f, 0x4d, 0x10, 0x4d, 0x0f, 0x4d, 0x12, 0x66,
    0x8f, 0x3d, 0xcf, 0x2d, 0x6e, 0x2d, 0x14, 0x6e, 0x67, 0x1a, 0x43, 0x11,
    0xa4, 0x11, 0xcf, 0x54, 0x2e, 0x3d, 0x8e, 0x25, 0xef, 0x25, 0xcf, 0x2d,
    0x51, 0x46, 0x71, 0x46, 0x30, 0x3e, 0xef, 0x2d, 0x6d, 0x1d, 0xce, 0x2d,
    0x4e, 0x35, 0x30, 0x5d, 0xe8, 0x1a, 0x13, 0x6e, 0xd0, 0x45, 0x8e, 0x25,
    0x4e, 0x2d, 0xee, 0x4c, 0x05, 0x0a, 0x43, 0x09, 0x27, 0x22, 0x29, 0x2b,
    0xe8, 0x2a, 0x43, 0x11, 0x64, 0x19, 0x68, 0x32, 0x64, 0x19, 0x03, 0x11,
    0x84, 0x11, 0x10, 0x5d, 0x6f, 0x45, 0x8e, 0x25, 0xae, 0x25, 0x72, 0x46,
    0x11, 0x46, 0xf0, 0x45, 0x4e, 0x2d, 0xcf, 0x35, 0x2d, 0x25, 0xd2, 0x5d,
    0x8a, 0x2b, 0xc8, 0x2a, 0xc9, 0x3a, 0x64, 0x11, 0x63, 0x01, 0x4c, 0x3c,
    0x4e, 0x3d, 0x4d, 0x1d, 0xcf, 0x2d, 0x11, 0x4e, 0xee, 0x44, 0xce, 0x44,
    0xce, 0x4c, 0xce, 0x4c, 0xce, 0x4c, 0xae, 0x4c, 0xec, 0x4b, 0x85, 0x21,
    0x23, 0x11, 0x08, 0x33, 0x70, 0x5d, 0x10, 0x3e, 0xae, 0x25, 0x8d, 0x1d,
    0x8e, 0x25, 0x2d, 0x25, 0x8e, 0x2d, 0x6e, 0x2d, 0x8e, 0x2d, 0x6d, 0x25,
    0x52, 0x4e, 0x12, 0x5e, 0xec, 0x3b, 0xa5, 0x11, 0x44, 0x11, 0x24, 0x11,
    0x44, 0x11, 0x64, 0x11, 0x44, 0x11, 0x43, 0x11, 0x23, 0x19, 0x04, 0x19,
    0x04, 0x19, 0x04, 0x19, 0x04, 0x19, 0x04, 0x21, 0xe3, 0x20, 0x04, 0x19,
    0x04, 0x21, 0x03, 0x21, 0xe4, 0x20, 0x04, 0x21, 0xe3, 0x18, 0x03, 0x21,
    0xe4, 0x18, 0x04, 0x21, 0xe3, 0x20, 0xe4, 0x20, 0xe3, 0x18, 0x03, 0x19,
    0xe4, 0x20, 0xe3, 0x18, 0x04, 0x21, 0xe4, 0x20, 0x04, 0x21, 0xe4, 0x20,
    0xe4, 0x20, 0x04, 0x21, 0x03, 0x19, 0xe4, 0x20, 0x03, 0x21, 0x04, 0x21,
    0x04, 0x19, 0xc6, 0x29, 0x2b, 0x4b, 0xa9, 0x3a, 0x44, 0x19, 0x44, 0x19,
    0x44, 0x19, 0x44, 0x21, 0x45, 0x19, 0x44, 0x19, 0x64, 0x19, 0xc5, 0x11,
    0xce, 0x4c, 0xb0, 0x45, 0xf0, 0x3d, 0xaf, 0x35, 0x8d, 0x3c, 0x66, 0x0a,
    0x46, 0x0a, 0x46, 0x0a, 0x8e, 0x44, 0x70, 0x45, 0x8f, 0x2d, 0x6e, 0x2d,
    0x34, 0x76, 0x46, 0x1a, 0x44, 0x09, 0x88, 0x2a, 0x4f, 0x4d, 0xd0, 0x3d,
    0x8e, 0x25, 0xef, 0x2d, 0x6d, 0x25, 0x8d, 0x2d, 0x8e, 0x2d, 0x4d, 0x25,
    0x6d, 0x1d, 0x6d, 0x1d, 0xee, 0x2d, 0x2d, 0x25, 0x50, 0x55, 0x89, 0x23,
    0x95, 0x7e, 0xb0, 0x4d, 0x8e, 0x2d, 0x4e, 0x25, 0x90, 0x4d, 0x0b, 0x34,
    0xc4, 0x01, 0x25, 0x12, 0xec, 0x43, 0x87, 0x12, 0x84, 0x09, 0xac, 0x4b,
    0x93, 0x85, 0xed, 0x53, 0x64, 0x11, 0x84, 0x11, 0xf0, 0x5c, 0x6f, 0x45,
    0x8e, 0x25, 0xaf, 0x2d, 0xf1, 0x4d, 0x68, 0x0b, 0x2e, 0x45, 0xb0, 0x45,
    0x8e, 0x2d, 0x4d, 0x25, 0x4e, 0x3d, 0x13, 0x66, 0x4a, 0x2b, 0x84, 0x09,
    0x64, 0x11, 0x63, 0x09, 0x2c, 0x3c, 0x0e, 0x35, 0x4d, 0x1d, 0xae, 0x2d,
    0xcd, 0x34, 0x64, 0x02, 0x45, 0x02, 0x25, 0x02, 0x25, 0x02, 0x25, 0x0a,
    0x05, 0x0a, 0xc4, 0x09, 0x44, 0x11, 0x23, 0x11, 0x09, 0x33, 0x50, 0x55,
    0xd0, 0x3d, 0xad, 0x1d, 0x6d, 0x25, 0x8e, 0x2d, 0x6e, 0x2d, 0x8f, 0x2d,
    0x8e, 0x2d, 0xf0, 0x2d, 0x4d, 0x1d, 0x11, 0x46, 0x2f, 0x45, 0x66, 0x12,
    0xa4, 0x11, 0x64, 0x19, 0x64, 0x19, 0x27, 0x2a, 0x4b, 0x4b, 0x27, 0x2a,
    0x44, 0x19, 0x04, 0x19, 0x03, 0x19, 0x03, 0x19, 0x04, 0x19, 0x04, 0x21,
    0x04, 0x19, 0xe4, 0x20, 0x04, 0x19, 0x04, 0x21, 0x04, 0x19, 0x04, 0x21,
    0xe4, 0x20, 0x04, 0x21, 0xe4, 0x18, 0xe4, 0x20, 0x03, 0x21, 0xe4, 0x18,
    0x04, 0x21, 0xe4, 0x20, 0x04, 0x21, 0x04, 0x21, 0xe4, 0x20, 0x03, 0x19,
    0xe3, 0x18, 0xe4, 0x20, 0x04, 0x21, 0xe4, 0x20, 0x03, 0x19, 0xe4, 0x20,
    0x04, 0x21, 0xe4, 0x20, 0x03, 0x21, 0x24, 0x19, 0xe6, 0x21, 0xca, 0x3a,
    0x6c, 0x4b, 0xa9, 0x32, 0xa9, 0x3a, 0xa9, 0x32, 0xa9, 0x32, 0xa9, 0x32,
    0xa9, 0x32, 0xa9, 0x32, 0x09, 0x2b, 0x30, 0x4d, 0x4e, 0x35, 0x6e, 0x25,
    0x8f, 0x3d, 0x0c, 0x34, 0xa4, 0x01, 0x84, 0x09, 0x26, 0x1a, 0x0c, 0x44,
    0x2f, 0x4d, 0x6e, 0x2d, 0x2e, 0x2d, 0x14, 0x76, 0x46, 0x12, 0x64, 0x09,
    0xec, 0x43, 0x6f, 0x45, 0x6e, 0x25, 0x8d, 0x25, 0xaf, 0x35, 0xaf, 0x3d,
    0x8f, 0x3d, 0x8f, 0x3d, 0xaf, 0x3d, 0xaf, 0x3d, 0xaf, 0x3d, 0x8d, 0x25,
    0x2d, 0x25, 0x90, 0x45, 0x4c, 0x2c, 0x68, 0x1b, 0xd1, 0x55, 0x4d, 0x25,
    0x6d, 0x25, 0x4e, 0x2d, 0xf1, 0x4d, 0xce, 0x4c, 0x8a, 0x33, 0x49, 0x2b,
    0x8a, 0x33, 0xae, 0x4c, 0x50, 0x5d, 0xcd, 0x34, 0xb1, 0x5d, 0xed, 0x4b,
    0x06, 0x12, 0x30, 0x5d, 0x4f, 0x3d, 0x4d, 0x25, 0xaf, 0x35, 0x6d, 0x3c,
    0x04, 0x02, 0x86, 0x12, 0x50, 0x5d, 0x8f, 0x3d, 0x2d, 0x25, 0x8e, 0x2d,
    0x4f, 0x3d, 0xcf, 0x54, 0xa4, 0x11, 0x44, 0x11, 0x64, 0x09, 0x2c, 0x44,
    0x0e, 0x35, 0x4e, 0x25, 0xcf, 0x2d, 0xf1, 0x4d, 0x8d, 0x3c, 0x6d, 0x44,
    0x6d, 0x44, 0x4d, 0x44, 0x4d, 0x44, 0x4d, 0x44, 0x2d, 0x4c, 0x0d, 0x5c,
    0x06, 0x1a, 0x29, 0x2b, 0x50, 0x55, 0x6e, 0x2d, 0x6d, 0x1d, 0xaf, 0x35,
    0x32, 0x5e, 0xce, 0x3c, 0x0f, 0x45, 0xf1, 0x55, 0x4e, 0x2d, 0x4d, 0x25,
    0x2d, 0x25, 0xd1, 0x55, 0x2c, 0x3c, 0xc8, 0x2a, 0xa9, 0x3a, 0xc9, 0x32,
    0xea, 0x3a, 0x0a, 0x33, 0xe9, 0x3a, 0x44, 0x19, 0x04, 0x19, 0x04, 0x19,
    0x04, 0x19, 0x03, 0x19, 0x04, 0x21, 0x03, 0x21, 0xe4, 0x20, 0x03, 0x21,
    0x04, 0x19, 0xe3, 0x20, 0x04, 0x19, 0xe3, 0x20, 0x04, 0x21, 0x04, 0x21,
    0xe4, 0x20, 0x04, 0x21, 0x04, 0x21, 0xe4, 0x20, 0x04, 0x21, 0xe4, 0x20,
    0x04, 0x21, 0x04, 0x21, 0xe4, 0x20, 0x04, 0x21, 0x03, 0x19, 0xe4, 0x20,
    0x04, 0x21, 0xe3, 0x18, 0x04, 0x21, 0xe4, 0x20, 0xe4, 0x20, 0x04, 0x19,
    0x04, 0x19, 0x44, 0x11, 0xc6, 0x19, 0xa5, 0x11, 0x44, 0x11, 0x44, 0x09,
    0x64, 0x09, 0x64, 0x09, 0x84, 0x09, 0x64, 0x01, 0x64, 0x01, 0xe5, 0x01,
    0xee, 0x44, 0x8f, 0x3d, 0x8e, 0x2d, 0x90, 0x3d, 0xcc, 0x33, 0x84, 0x09,
    0x68, 0x2a, 0x67, 0x2a, 0xed, 0x43, 0x30, 0x55, 0x6f, 0x35, 0x6f, 0x2d,
    0xf3, 0x6d, 0x46, 0x12, 0xe5, 0x11, 0x92, 0x75, 0x0e, 0x35, 0x8e, 0x2d,
    0xf0, 0x45, 0x4e, 0x3d, 0x6b, 0x2c, 0x4c, 0x34, 0x4c, 0x34, 0x4b, 0x34,
    0x6c, 0x34, 0x4f, 0x45, 0xcf, 0x3d, 0x4d, 0x25, 0x6f, 0x35, 0xb0, 0x4d,
    0x45, 0x02, 0xef, 0x4c, 0x8f, 0x45, 0x4e, 0x2d, 0x8e, 0x25, 0xaf, 0x35,
    0x6f, 0x4d, 0x4f, 0x4d, 0x50, 0x5d, 0x2f, 0x55, 0x4f, 0x4d, 0x2e, 0x35,
    0x4e, 0x35, 0x0e, 0x3d, 0x52, 0x75, 0x09, 0x2b, 0x50, 0x5d, 0x6f, 0x45,
    0x6e, 0x2d, 0xb0, 0x3d, 0x0c, 0x3c, 0x83, 0x09, 0x83, 0x09, 0xc7, 0x22,
    0xb1, 0x5d, 0x4f, 0x3d, 0xcf, 0x3d, 0x0d, 0x2d, 0x2f, 0x55, 0x0d, 0x4c,
    0x64, 0x11, 0x64, 0x09, 0x2c, 0x3c, 0xee, 0x3c, 0x8e, 0x2d, 0xaf, 0x2d,
    0x6f, 0x35, 0x4f, 0x45, 0x50, 0x4d, 0x70, 0x55, 0x50, 0x55, 0x91, 0x5d,
    0x91, 0x5d, 0x0f, 0x55, 0x72, 0x75, 0x4a, 0x33, 0x29, 0x2b, 0x50, 0x5d,
    0x6e, 0x35, 0x6e, 0x25, 0x8f, 0x3d, 0xad, 0x3c, 0x45, 0x0a, 0x65, 0x12,
    0x6d, 0x3c, 0xb1, 0x55, 0x4d, 0x2d, 0xaf, 0x35, 0x4e, 0x3d, 0xee, 0x44,
    0xe5, 0x01, 0x84, 0x09, 0x84, 0x09, 0xa4, 0x09, 0x26, 0x1a, 0xa4, 0x09,
    0x24, 0x11, 0x24, 0x19, 0x04, 0x19, 0x04, 0x19, 0x04, 0x21, 0x04, 0x19,
    0x04, 0x21, 0xe3, 0x20, 0x04, 0x19, 0x04, 0x21, 0x04, 0x19, 0x03, 0x21,
    0x04, 0x21, 0xe4, 0x18, 0xe3, 0x20, 0x03, 0x19, 0xe4, 0x20, 0xe4, 0x20,
    0xe4, 0x20, 0x03, 0x19, 0xe3, 0x18, 0xe4, 0x20, 0x03, 0x19, 0xe4, 0x20,
    0x04, 0x21, 0xe4, 0x20, 0x03, 0x19, 0xe4, 0x20, 0x04, 0x21, 0xe4, 0x20,
    0x03, 0x21, 0xe4, 0x20, 0x04, 0x21, 0x03, 0x19, 0x04, 0x19, 0x24, 0x19,
    0x24, 0x19, 0x24, 0x19, 0x24, 0x19, 0x24, 0x11, 0x44, 0x11, 0xc6, 0x19,
    0xc5, 0x11, 0xa5, 0x11, 0xe5, 0x09, 0xce, 0x44, 0x6f, 0x45, 0x4e, 0x2d,
    0x6f, 0x3d, 0xec, 0x3b, 0x67, 0x22, 0x88, 0x32, 0x84, 0x11, 0xed, 0x4b,
    0x0f, 0x55, 0x4e, 0x2d, 0x4e, 0x35, 0xf3, 0x6d, 0x66, 0x12, 0xab, 0x3b,
    0x92, 0x65, 0x2e, 0x2d, 0x32, 0x4e, 0xb1, 0x55, 0x69, 0x1b, 0x25, 0x0a,
    0x25, 0x0a, 0x25, 0x12, 0x25, 0x12, 0x25, 0x0a, 0x29, 0x23, 0x32, 0x5e,
    0x2e, 0x2d, 0x4e, 0x2d, 0xf1, 0x55, 0xc7, 0x12, 0xa7, 0x12, 0xb1, 0x65,
    0x4f, 0x45, 0x2e, 0x2d, 0x8e, 0x35, 0xd0, 0x3d, 0x4e, 0x2d, 0xd0, 0x45,
    0x2e, 0x2d, 0x8f, 0x35, 0x6e, 0x35, 0x6f, 0x3d, 0xb1, 0x5d, 0xaf, 0x64,
    0x26, 0x12, 0x30, 0x55, 0x90, 0x4d, 0x6e, 0x2d, 0xb0, 0x45, 0xec, 0x3b,
    0x63, 0x09, 0x43, 0x11, 0x84, 0x11, 0x49, 0x33, 0xb1, 0x65, 0x4f, 0x3d,
    0x2e, 0x2d, 0x0e, 0x35, 0xd3, 0x6d, 0x2a, 0x33, 0x84, 0x09, 0x2c, 0x3c,
    0xee, 0x3c, 0x4d, 0x25, 0xf0, 0x35, 0x4e, 0x25, 0x4e, 0x2d, 0x4e, 0x2d,
    0x4e, 0x2d, 0x8f, 0x35, 0xd0, 0x3d, 0xf1, 0x45, 0x0e, 0x35, 0x71, 0x5d,
    0x8a, 0x2b, 0x49, 0x2b, 0x31, 0x5d, 0x4f, 0x35, 0x2e, 0x2d, 0x2f, 0x3d,
    0x2c, 0x3c, 0x83, 0x01, 0x43, 0x09, 0x05, 0x12, 0x71, 0x65, 0x4f, 0x3d,
    0xaf, 0x3d, 0x0d, 0x2d, 0xb1, 0x55, 0x09, 0x2b, 0x64, 0x11, 0x43, 0x09,
    0x44, 0x09, 0x63, 0x01, 0xc5, 0x11, 0xa5, 0x19, 0x64, 0x19, 0x23, 0x19,
    0x04, 0x19, 0x04, 0x21, 0x03, 0x21, 0xe4, 0x20, 0xe4, 0x20, 0xe4, 0x20,
    0x04, 0x19, 0x04, 0x19, 0xe4, 0x20, 0x04, 0x21, 0xe4, 0x20, 0x04, 0x19,
    0x04, 0x21, 0xe4, 0x20, 0xe3, 0x18, 0x04, 0x21, 0xe4, 0x20, 0x04, 0x21,
    0xe4, 0x20, 0xe3, 0x18, 0x04, 0x21, 0xe4, 0x20, 0x04, 0x21, 0xe4, 0x20,
    0x03, 0x19, 0xe4, 0x20, 0x04, 0x21, 0x04, 0x19, 0xe3, 0x20, 0x04, 0x21,
    0x04, 0x21, 0x04, 0x21, 0x03, 0x19, 0x04, 0x19, 0x04, 0x21, 0x04, 0x19,
    0x04, 0x19, 0x85, 0x21, 0xea, 0x42, 0xea, 0x3a, 0xa9, 0x3a, 0x88, 0x2a,
    0x10, 0x5d, 0xb1, 0x5d, 0xb0, 0x4d, 0xd2, 0x5d, 0xcc, 0x3b, 0x88, 0x2a,
    0x84, 0x19, 0x64, 0x11, 0xcd, 0x4b, 0x71, 0x6d, 0x91, 0x55, 0x91, 0x4d,
    0x35, 0x86, 0x87, 0x1a, 0x52, 0x75, 0x51, 0x65, 0xb1, 0x55, 0xb1, 0x55,
    0x10, 0x5d, 0x05, 0x0a, 0xc4, 0x11, 0x06, 0x22, 0x43, 0x09, 0xa5, 0x19,
    0xe5, 0x19, 0x05, 0x0a, 0x0f, 0x55, 0xb1, 0x55, 0xb1, 0x4d, 0xb1, 0x5d,
    0xf4, 0x85, 0xc4, 0x09, 0xa7, 0x1a, 0xef, 0x54, 0xb1, 0x5d, 0xd1, 0x4d,
    0x4e, 0x35, 0x2e, 0x2d, 0x6f, 0x35, 0x4e, 0x2d, 0xb0, 0x45, 0xd1, 0x55,
    0x70, 0x4d, 0xcb, 0x33, 0x06, 0x12, 0xa4, 0x09, 0x11, 0x65, 0x71, 0x5d,
    0xb1, 0x55, 0xd2, 0x65, 0xcc, 0x4b, 0x44, 0x11, 0x23, 0x19, 0x23, 0x19,
    0xc5, 0x19, 0x0c, 0x44, 0xd2, 0x65, 0x91, 0x4d, 0x91, 0x4d, 0x71, 0x5d,
    0x32, 0x75, 0x06, 0x1a, 0x4e, 0x4c, 0x91, 0x5d, 0x90, 0x4d, 0xd0, 0x45,
    0xb0, 0x45, 0xd1, 0x4d, 0xd1, 0x45, 0xd1, 0x45, 0xd1, 0x45, 0xd0, 0x45,
    0x11, 0x4e, 0xb1, 0x4d, 0xf3, 0x75, 0x69, 0x2b, 0x09, 0x2b, 0x93, 0x75,
    0x91, 0x55, 0x90, 0x4d, 0xb2, 0x65, 0xec, 0x43, 0x63, 0x11, 0x23, 0x11,
    0x44, 0x11, 0x87, 0x22, 0x91, 0x65, 0x91, 0x55, 0x90, 0x4d, 0x91, 0x5d,
    0x15, 0x96, 0xca, 0x42, 0x48, 0x32, 0x48, 0x32, 0x88, 0x32, 0xcd, 0x5b,
    0x68, 0x32, 0xe6, 0x29, 0x04, 0x19, 0x04, 0x21, 0x03, 0x21, 0xe4, 0x20,
    0x04, 0x19, 0x04, 0x21, 0xe3, 0x20, 0x03, 0x21, 0x04, 0x19, 0x04, 0x19,
    0x03, 0x21, 0xe4, 0x20, 0x04, 0x21, 0xe4, 0x20, 0x04, 0x21, 0x04, 0x21,
    0xe4, 0x20, 0x04, 0x21, 0x04, 0x21, 0xe4, 0x20, 0x04, 0x21, 0x03, 0x19,
    0xe4, 0x20, 0xe4, 0x20, 0x04, 0x21, 0xe4, 0x20, 0xe3, 0x18, 0x04, 0x21,
    0xe4, 0x20, 0xe4, 0x18, 0x03, 0x21, 0x04, 0x19, 0xe4, 0x20, 0x04, 0x21,
    0x03, 0x21, 0xe4, 0x18, 0x03, 0x21, 0x04, 0x19, 0x44, 0x19, 0x68, 0x3a,
    0x48, 0x32, 0x65, 0x19, 0x64, 0x11, 0x6b, 0x4b, 0xaf, 0x64, 0xcf, 0x5c,
    0xaf, 0x64, 0x88, 0x32, 0x24, 0x11, 0x23, 0x19, 0x24, 0x11, 0xa9, 0x3a,
    0x8f, 0x64, 0xf0, 0x64, 0xaf, 0x5c, 0x4e, 0x5c, 0x06, 0x1a, 0x0e, 0x5c,
    0xb0, 0x64, 0xaf, 0x64, 0xaf, 0x64, 0xc9, 0x32, 0x64, 0x11, 0xe5, 0x19,
    0x89, 0x32, 0x44, 0x11, 0xc6, 0x21, 0x06, 0x22, 0x84, 0x09, 0x2a, 0x33,
    0xaf, 0x5c, 0xd0, 0x5c, 0xd0, 0x64, 0x8f, 0x6c, 0x84, 0x11, 0x43, 0x09,
    0xc5, 0x19, 0xe9, 0x2a, 0x6e, 0x4c, 0x30, 0x5d, 0x92, 0x65, 0x92, 0x65,
    0x51, 0x5d, 0xf0, 0x5c, 0x4a, 0x2b, 0x47, 0x1a, 0xa4, 0x11, 0x44, 0x11,
    0x64, 0x19, 0x4b, 0x43, 0xb0, 0x64, 0xcf, 0x5c, 0x8f, 0x5c, 0x89, 0x3a,
    0x24, 0x19, 0x04, 0x19, 0x03, 0x19, 0x44, 0x19, 0xc5, 0x21, 0xac, 0x4b,
    0xd0, 0x64, 0xd0, 0x64, 0xd0, 0x64, 0x0e, 0x5c, 0xe6, 0x19, 0x4b, 0x3b,
    0x8f, 0x64, 0xaf, 0x5c, 0xf0, 0x5c, 0xcf, 0x5c, 0xef, 0x5c, 0xf0, 0x5c,
    0xef, 0x5c, 0xd0, 0x5c, 0xef, 0x5c, 0xf0, 0x5c, 0xcf, 0x5c, 0xb0, 0x6c,
    0x46, 0x22, 0x27, 0x22, 0xb0, 0x6c, 0xcf, 0x64, 0xaf, 0x64, 0x8f, 0x64,
    0xa8, 0x3a, 0x23, 0x19, 0x03, 0x19, 0x23, 0x11, 0x64, 0x11, 0x4a, 0x3b,
    0xaf, 0x5c, 0xd0, 0x5c, 0xaf, 0x64, 0x70, 0x6c, 0x28, 0x32, 0x85, 0x21,
    0x85, 0x21, 0xa5, 0x21, 0x48, 0x32, 0x89, 0x42, 0x65, 0x29, 0x04, 0x19,
    0x04, 0x21, 0x04, 0x21, 0xe3, 0x18, 0xe4, 0x20, 0x04, 0x21, 0xe4, 0x20,
    0x04, 0x21, 0x04, 0x21, 0x03, 0x21, 0x04, 0x21, 0xe3, 0x18, 0xe3, 0x20,
    0x04, 0x19, 0xe3, 0x20, 0xe4, 0x20, 0xe4, 0x20, 0xe3, 0x18, 0x03, 0x19,
    0xe4, 0x20, 0x04, 0x21, 0xe4, 0x20, 0x03, 0x19, 0x03, 0x19, 0xe4, 0x20,
    0x04, 0x21, 0x04, 0x21, 0xe3, 0x20, 0x04, 0x21, 0xe4, 0x20, 0xe4, 0x20,
    0x03, 0x19, 0x04, 0x19, 0x04, 0x21, 0x04, 0x21, 0x04, 0x19, 0x04, 0x21,
    0x04, 0x21, 0x04, 0x19, 0x24, 0x11, 0x23, 0x11, 0x04, 0x19, 0x04, 0x19,
    0x64, 0x19, 0xc5, 0x19, 0xc5, 0x19, 0xa5, 0x19, 0x44, 0x19, 0x24, 0x19,
    0x03, 0x19, 0x24, 0x19, 0x44, 0x19, 0xa5, 0x19, 0xc5, 0x19, 0xc5, 0x19,
    0x85, 0x19, 0x64, 0x11, 0x84, 0x19, 0xa5, 0x19, 0xa5, 0x19, 0xa5, 0x19,
    0x44, 0x19, 0x44, 0x19, 0x85, 0x19, 0x68, 0x3a, 0x44, 0x19, 0xa6, 0x21,
    0xe6, 0x21, 0x64, 0x11, 0x84, 0x11, 0xa5, 0x19, 0xc5, 0x19, 0xc5, 0x19,
    0x65, 0x19, 0x44, 0x19, 0x23, 0x19, 0x23, 0x19, 0x65, 0x19, 0xa5, 0x19,
    0x06, 0x1a, 0x06, 0x12, 0x26, 0x1a, 0x06, 0x12, 0xe6, 0x19, 0x85, 0x11,
    0x44, 0x11, 0x24, 0x19, 0x23, 0x19, 0x23, 0x19, 0x64, 0x19, 0xc5, 0x19,
    0xc5, 0x19, 0xa5, 0x19, 0x44, 0x19, 0x04, 0x19, 0x04, 0x21, 0x04, 0x21,
    0x03, 0x19, 0x03, 0x19, 0x64, 0x19, 0xa5, 0x19, 0xc5, 0x19, 0xa5, 0x19,
    0x84, 0x19, 0x64, 0x11, 0x65, 0x11, 0xa5, 0x19, 0xe6, 0x19, 0xe6, 0x19,
    0xe6, 0x19, 0xc5, 0x11, 0xc5, 0x19, 0xc5, 0x19, 0xc5, 0x11, 0xe5, 0x19,
    0xe5, 0x19, 0xc6, 0x19, 0xa5, 0x19, 0x64, 0x19, 0x64, 0x19, 0xa5, 0x19,
    0xa5, 0x19, 0xa5, 0x19, 0x85, 0x19, 0x44, 0x19, 0x23, 0x19, 0x03, 0x19,
    0x24, 0x19, 0x44, 0x19, 0x65, 0x19, 0xa5, 0x21, 0xc6, 0x19, 0xc6, 0x19,
    0x85, 0x19, 0x24, 0x19, 0x23, 0x19, 0x24, 0x19, 0x24, 0x11, 0x24, 0x19,
    0x04, 0x19, 0x03, 0x21, 0x04, 0x21, 0x04, 0x19, 0xe4, 0x20, 0xe4, 0x20,
    0x03, 0x19, 0xe4, 0x20, 0xe4, 0x18, 0xe4, 0x20, 0x03, 0x19, 0xe4, 0x20,
    0xe4, 0x20, 0x04, 0x21, 0x04, 0x19, 0xe4, 0x20, 0x04, 0x21, 0xe3, 0x18,
    0x04, 0x21, 0xe4, 0x20, 0xe4, 0x20, 0x03, 0x19, 0xe4, 0x20, 0xe4, 0x20,
    0x04, 0x21, 0xe4, 0x20, 0xe3, 0x18, 0x04, 0x21, 0xe4, 0x18, 0x04, 0x21,
    0x03, 0x19, 0xe4, 0x20, 0x04, 0x21, 0xe4, 0x20, 0xe3, 0x20, 0xe4, 0x20,
    0xe4, 0x20, 0xe3, 0x20, 0x04, 0x21, 0x04, 0x21, 0x03, 0x19, 0x04, 0x19,
    0x04, 0x19, 0x04, 0x21, 0x04, 0x19, 0x07, 0x3a, 0xcb, 0x52, 0xea, 0x52,
    0xeb, 0x52, 0xeb, 0x52, 0xca, 0x52, 0xca, 0x52, 0x69, 0x4a, 0x24, 0x21,
    0x24, 0x19, 0xa6, 0x29, 0xca, 0x4a, 0xca, 0x52, 0xe7, 0x31, 0x24, 0x19,
    0x24, 0x19, 0x24, 0x19, 0x24, 0x19, 0x44, 0x21, 0x89, 0x4a, 0x2b, 0x53,
    0xaa, 0x4a, 0x44, 0x19, 0x44, 0x21, 0xe6, 0x29, 0xea, 0x4a, 0xea, 0x52,
    0xca, 0x52, 0xeb, 0x4a, 0xaa, 0x4a, 0x48, 0x42, 0x86, 0x29, 0x24, 0x19,
    0x03, 0x19, 0x23, 0x19, 0x23, 0x19, 0x48, 0x3a, 0xea, 0x4a, 0x0b, 0x4b,
    0xeb, 0x4a, 0x0b, 0x53, 0xca, 0x4a, 0xca, 0x52, 0xaa, 0x4a, 0x24, 0x19,
    0x04, 0x19, 0x28, 0x3a, 0xeb, 0x52, 0xeb, 0x52, 0xeb, 0x52, 0xcb, 0x52,
    0x8a, 0x4a, 0xc6, 0x31, 0x24, 0x21, 0x03, 0x19, 0x24, 0x21, 0x24, 0x19,
    0x24, 0x19, 0xc6, 0x29, 0xca, 0x52, 0xca, 0x52, 0xeb, 0x52, 0xeb, 0x52,
    0xaa, 0x4a, 0x07, 0x32, 0x85, 0x21, 0x44, 0x19, 0x44, 0x19, 0x24, 0x19,
    0x24, 0x19, 0xa6, 0x29, 0xca, 0x4a, 0xeb, 0x52, 0xeb, 0x52, 0xea, 0x52,
    0xcb, 0x52, 0xcb, 0x52, 0xca, 0x52, 0xc6, 0x29, 0x24, 0x19, 0xa6, 0x29,
    0xca, 0x52, 0xcb, 0x52, 0xcb, 0x5a, 0xca, 0x52, 0xaa, 0x52, 0x08, 0x3a,
    0x65, 0x21, 0x24, 0x19, 0x04, 0x19, 0x24, 0x19, 0x04, 0x19, 0x04, 0x21,
    0x04, 0x21, 0x04, 0x19, 0x03, 0x19, 0x04, 0x21, 0x04, 0x21, 0x03, 0x21,
    0xe4, 0x20, 0x03, 0x21, 0x04, 0x21, 0x04, 0x21, 0x03, 0x21, 0x04, 0x21,
    0xe4, 0x18, 0x03, 0x21, 0xe4, 0x20, 0xe4, 0x18, 0x04, 0x21, 0xe4, 0x20,
    0x04, 0x21, 0x04, 0x21, 0xe4, 0x20, 0x04, 0x21, 0x04, 0x21, 0xe4, 0x20,
    0x04, 0x21, 0x03, 0x19, 0xe4, 0x20, 0x04, 0x21, 0x04, 0x21, 0xe4, 0x20,
    0x03, 0x21, 0xe4, 0x20, 0xe4, 0x18, 0x04, 0x21, 0x03, 0x21, 0xe4, 0x18,
    0x04, 0x21, 0x04, 0x21, 0xe3, 0x18, 0x04, 0x21, 0xe4, 0x18, 0xe3, 0x20,
    0xe4, 0x20, 0xe4, 0x20, 0x03, 0x21, 0xe4, 0x20, 0x04, 0x21, 0x04, 0x21,
    0x71, 0x8c, 0x7d, 0xef, 0x7e, 0xef, 0x9d, 0xef, 0x9e, 0xf7, 0x9d, 0xef,
    0x9e, 0xef, 0x38, 0xc6, 0x85, 0x29, 0x04, 0x21, 0x0b, 0x5b, 0x3c, 0xe7,
    0x9d, 0xef, 0x96, 0xb5, 0x86, 0x31, 0x24, 0x21, 0x24, 0x21, 0x24, 0x21,
    0xcb, 0x5a, 0xda, 0xd6, 0x9d, 0xef, 0xd6, 0xb5, 0x65, 0x29, 0x24, 0x19,
    0x2c, 0x5b, 0x7d, 0xe7, 0x9e, 0xef, 0x7d, 0xef, 0x9e, 0xef, 0x7d, 0xef,
    0x7d, 0xef, 0x1c, 0xdf, 0x2c, 0x63, 0x04, 0x21, 0x04, 0x19, 0x44, 0x21,
    0x75, 0xad, 0x7d, 0xef, 0x7d, 0xef, 0x9e, 0xf7, 0x9e, 0xef, 0x9e, 0xef,
    0x9e, 0xf7, 0xfb, 0xde, 0x85, 0x29, 0x24, 0x21, 0xf3, 0x9c, 0x9e, 0xef,
    0x9d, 0xef, 0x9d, 0xef, 0x9e, 0xef, 0x9e, 0xf7, 0x7d, 0xef, 0x9a, 0xd6,
    0x48, 0x42, 0x24, 0x21, 0x04, 0x21, 0x24, 0x21, 0xae, 0x73, 0x7d, 0xef,
    0x7d, 0xef, 0x9e, 0xef, 0x5d, 0xef, 0x7d, 0xef, 0x7d, 0xef, 0x9a, 0xce,
    0xaa, 0x52, 0x24, 0x19, 0x24, 0x21, 0x24, 0x21, 0x0c, 0x63, 0x1c, 0xdf,
    0x7d, 0xef, 0x9d, 0xef, 0x7d, 0xef, 0x7d, 0xef, 0x9d, 0xef, 0x5d, 0xef,
    0x2c, 0x63, 0x24, 0x19, 0x6d, 0x6b, 0x3c, 0xe7, 0x9d, 0xef, 0x7d, 0xef,
    0x7d, 0xef, 0x7d, 0xef, 0x7d, 0xef, 0xfb, 0xde, 0x8e, 0x73, 0x45, 0x29,
    0x03, 0x19, 0x04, 0x21, 0x03, 0x21, 0x04, 0x21, 0x04, 0x19, 0x03, 0x19,
    0x04, 0x21, 0xe4, 0x20, 0xe4, 0x18, 0x04, 0x19, 0xe4, 0x20, 0xe4, 0x18,
    0xe4, 0x20, 0x03, 0x21, 0xe4, 0x20, 0x04, 0x21, 0x04, 0x21, 0x04, 0x21,
    0xe3, 0x18, 0x03, 0x21, 0xe4, 0x20, 0xe3, 0x18, 0x04, 0x21, 0xe4, 0x20,
    0xe4, 0x20, 0xe3, 0x18, 0x04, 0x21, 0xe4, 0x20, 0x04, 0x21, 0xe3, 0x18,
    0xe4, 0x20, 0x04, 0x19, 0x04, 0x21, 0xe4, 0x20, 0x03, 0x21, 0xe4, 0x20,
    0xe4, 0x20, 0x04, 0x21, 0xe3, 0x18, 0xe4, 0x20, 0x04, 0x21, 0x04, 0x21,
    0xe4, 0x18, 0x04, 0x21, 0x03, 0x21, 0x04, 0x19, 0xe4, 0x20, 0x04, 0x21,
    0xe3, 0x20, 0xe4, 0x20, 0x04, 0x21, 0x71, 0x8c, 0x7d, 0xef, 0xfb, 0xde,
    0xb6, 0xb5, 0xb6, 0xb5, 0xb6, 0xb5, 0xb6, 0xb5, 0xb2, 0x94, 0x45, 0x29,
    0x04, 0x21, 0x0c, 0x63, 0x3c, 0xe7, 0x9e, 0xef, 0x5c, 0xe7, 0xae, 0x73,
    0x04, 0x21, 0x24, 0x21, 0x44, 0x29, 0x55, 0xad, 0x9d, 0xef, 0x7d, 0xef,
    0xd7, 0xb5, 0x65, 0x29, 0x24, 0x21, 0x2c, 0x5b, 0x5d, 0xe7, 0x1b, 0xdf,
    0xd7, 0xbd, 0xd7, 0xb5, 0xd7, 0xbd, 0xf8, 0xbd, 0x7d, 0xef, 0xba, 0xd6,
    0x85, 0x29, 0x04, 0x21, 0x24, 0x29, 0x75, 0xad, 0x7d, 0xef, 0xdb, 0xde,
    0xb6, 0xb5, 0xb6, 0xb5, 0xb6, 0xb5, 0xb6, 0xb5, 0x34, 0xa5, 0x45, 0x29,
    0x44, 0x21, 0xf3, 0x9c, 0x9d, 0xef, 0xfb, 0xde, 0xd6, 0xbd, 0xb6, 0xb5,
    0xd7, 0xbd, 0xba, 0xd6, 0x7d, 0xef, 0xdb, 0xd6, 0x2c, 0x63, 0x24, 0x21,
    0x04, 0x21, 0x8e, 0x73, 0x7d, 0xef, 0x1b, 0xe7, 0xd7, 0xbd, 0xb6, 0xb5,
    0xd7, 0xb5, 0x59, 0xc6, 0x5d, 0xef, 0xfb, 0xde, 0x6d, 0x6b, 0x24, 0x21,
    0x24, 0x21, 0x2c, 0x63, 0x3c, 0xe7, 0x7d, 0xe7, 0xf7, 0xbd, 0xb6, 0xb5,
    0xb6, 0xb5, 0xb6, 0xb5, 0x96, 0xad, 0xaa, 0x4a, 0x03, 0x19, 0x4d, 0x63,
    0x5c, 0xe7, 0x7d, 0xef, 0xd7, 0xbd, 0xb6, 0xb5, 0xd7, 0xbd, 0x79, 0xce,
    0x5d, 0xe7, 0x1c, 0xdf, 0x30, 0x84, 0x24, 0x21, 0x04, 0x21, 0x04, 0x19,
    0x03, 0x19, 0x04, 0x21, 0x04, 0x21, 0xe4, 0x20, 0xe3, 0x20, 0x04, 0x21,
    0x04, 0x21, 0xe3, 0x20, 0xe4, 0x20, 0x04, 0x19, 0xe4, 0x18, 0xe3, 0x20,
    0xe4, 0x18, 0x04, 0x21, 0xe4, 0x20, 0x04, 0x21, 0x04, 0x21, 0xe4, 0x20,
    0x03, 0x19, 0xe4, 0x20, 0x04, 0x21, 0xe4, 0x20, 0x04, 0x21, 0xe3, 0x18,
    0x04, 0x21, 0xe4, 0x20, 0x04, 0x21, 0xe3, 0x20, 0xe3, 0x20, 0x04, 0x19,
    0xe4, 0x20, 0x04, 0x19, 0x03, 0x21, 0xe4, 0x20, 0x04, 0x19, 0x04, 0x21,
    0xe3, 0x20, 0xe4, 0x20, 0x03, 0x21, 0xe4, 0x20, 0xe4, 0x20, 0x04, 0x21,
    0xe4, 0x20, 0x04, 0x19, 0x04, 0x21, 0xe4, 0x20, 0x04, 0x19, 0x04, 0x21,
    0x51, 0x8c, 0x3d, 0xef, 0xd7, 0xbd, 0x08, 0x42, 0xe7, 0x39, 0xe7, 0x39,
    0xc7, 0x39, 0xa6, 0x31, 0x04, 0x21, 0x04, 0x21, 0x2c, 0x6b, 0x3c, 0xe7,
    0x9d, 0xf7, 0x9d, 0xef, 0x9a, 0xd6, 0xe7, 0x39, 0x24, 0x21, 0x8e, 0x73,
    0x3c, 0xe7, 0x7d, 0xef, 0x7d, 0xef, 0xb6, 0xb5, 0x65, 0x29, 0x24, 0x21,
    0x0c, 0x63, 0x5c, 0xe7, 0xd6, 0xb5, 0x48, 0x42, 0xe7, 0x39, 0xe7, 0x39,
    0x69, 0x4a, 0x1c, 0xdf, 0x1c, 0xdf, 0x07, 0x3a, 0x04, 0x21, 0x25, 0x21,
    0x55, 0xad, 0x5d, 0xef, 0x55, 0xad, 0xe8, 0x39, 0xe7, 0x39, 0xe7, 0x39,
    0xe7, 0x31, 0xa7, 0x31, 0x04, 0x21, 0x24, 0x21, 0x14, 0xa5, 0x7d, 0xef,
    0xb7, 0xbd, 0x08, 0x42, 0xc7, 0x39, 0xe8, 0x41, 0xcb, 0x52, 0xf7, 0xbd,
    0x5d, 0xef, 0x17, 0xbe, 0x65, 0x29, 0x04, 0x21, 0x8e, 0x73, 0x5c, 0xef,
    0xd7, 0xbd, 0x49, 0x4a, 0x07, 0x3a, 0xe8, 0x39, 0x49, 0x4a, 0x34, 0xad,
    0x3c, 0xef, 0x99, 0xce, 0x28, 0x42, 0x04, 0x21, 0x0b, 0x5b, 0x1b, 0xdf,
    0xda, 0xd6, 0xaa, 0x52, 0xe7, 0x39, 0xe7, 0x39, 0xe7, 0x39, 0xe7, 0x39,
    0x65, 0x29, 0x03, 0x19, 0x6d, 0x6b, 0x3c, 0xe7, 0x1c, 0xe7, 0x69, 0x4a,
    0xe7, 0x39, 0xe7, 0x39, 0x69, 0x4a, 0x14, 0xa5, 0x3c, 0xe7, 0xba, 0xd6,
    0x29, 0x42, 0x04, 0x21, 0x04, 0x19, 0x04, 0x19, 0xe4, 0x20, 0xe4, 0x20,
    0x03, 0x19, 0xe4, 0x20, 0x04, 0x21, 0xe3, 0x18, 0x04, 0x21, 0x03, 0x21,
    0x04, 0x21, 0x04, 0x21, 0xe4, 0x20, 0x03, 0x21, 0xe4, 0x18, 0xe3, 0x20,
    0x04, 0x19, 0xe4, 0x20, 0x04, 0x21, 0xe4, 0x20, 0x03, 0x19, 0xe4, 0x20,
    0x04, 0x21, 0xe4, 0x20, 0x03, 0x19, 0xe4, 0x20, 0x04, 0x21, 0x04, 0x19,
    0xe4, 0x20, 0x04, 0x21, 0xe3, 0x20, 0xe4, 0x18, 0x04, 0x21, 0xe4, 0x20,
    0xe3, 0x18, 0x04, 0x21, 0x04, 0x21, 0xe4, 0x18, 0x04, 0x19, 0x03, 0x21,
    0xe4, 0x20, 0x04, 0x19, 0xe3, 0x20, 0xe3, 0x20, 0x04, 0x21, 0xe3, 0x18,
    0x04, 0x21, 0x04, 0x21, 0x04, 0x21, 0x51, 0x84, 0x3c, 0xe7, 0xf7, 0xbd,
    0x8a, 0x52, 0x49, 0x4a, 0x49, 0x4a, 0x49, 0x4a, 0xa6, 0x39, 0xe4, 0x20,
    0xe3, 0x18, 0xec, 0x62, 0x1c, 0xe7, 0x1c, 0xe7, 0x38, 0xc6, 0x3c, 0xe7,
    0xd3, 0x9c, 0x49, 0x4a, 0x9a, 0xd6, 0xdb, 0xde, 0x55, 0xad, 0x5d, 0xef,
    0x96, 0xb5, 0x45, 0x29, 0x04, 0x21, 0x0c, 0x63, 0x1c, 0xe7, 0xd7, 0xbd,
    0xcb, 0x5a, 0x49, 0x4a, 0x6a, 0x4a, 0xef, 0x7b, 0x3c, 0xe7, 0x38, 0xc6,
    0x86, 0x29, 0x04, 0x21, 0x45, 0x29, 0x75, 0xad, 0x3d, 0xef, 0x75, 0xad,
    0x69, 0x4a, 0x6a, 0x4a, 0x69, 0x4a, 0x49, 0x4a, 0x45, 0x29, 0x04, 0x19,
    0x25, 0x29, 0xd3, 0x9c, 0x3d, 0xef, 0x96, 0xb5, 0x04, 0x21, 0x04, 0x21,
    0x04, 0x21, 0x45, 0x29, 0x6a, 0x4a, 0xfb, 0xde, 0x1c, 0xe7, 0x28, 0x4a,
    0x04, 0x21, 0x8e, 0x73, 0x1c, 0xe7, 0x96, 0xb5, 0x86, 0x31, 0x04, 0x21,
    0x04, 0x21, 0x25, 0x29, 0x8a, 0x52, 0xba, 0xd6, 0x3c, 0xe7, 0xaf, 0x73,
    0x04, 0x21, 0xec, 0x5a, 0xfb, 0xde, 0xdb, 0xde, 0x2c, 0x63, 0x49, 0x4a,
    0x49, 0x42, 0x49, 0x42, 0x08, 0x42, 0x04, 0x21, 0x04, 0x19, 0x4d, 0x63,
    0xfb, 0xde, 0xfb, 0xde, 0xe7, 0x39, 0x24, 0x21, 0x24, 0x21, 0x24, 0x21,
    0xa7, 0x31, 0x18, 0xc6, 0x1c, 0xe7, 0x92, 0x94, 0x04, 0x21, 0x04, 0x21,
    0x03, 0x21, 0xe4, 0x20, 0x04, 0x21, 0x04, 0x19, 0xe4, 0x20, 0xe4, 0x20,
    0x04, 0x19, 0xe4, 0x20, 0xe4, 0x20, 0xe3, 0x18, 0x04, 0x21, 0x04, 0x21,
    0xe4, 0x20, 0x04, 0x21, 0x03, 0x21, 0xe4, 0x18, 0xe3, 0x20, 0x04, 0x21,
    0xe4, 0x18, 0x04, 0x21, 0xe4, 0x20, 0xe4, 0x20, 0x04, 0x21, 0xe4, 0x20,
    0xe3, 0x20, 0x04, 0x19, 0xe3, 0x20, 0x04, 0x21, 0x04, 0x19, 0xe4, 0x20,
    0x03, 0x21, 0x04, 0x21, 0xe4, 0x20, 0x04, 0x21, 0xe3, 0x20, 0xe4, 0x20,
    0x04, 0x21, 0xe4, 0x20, 0xe4, 0x20, 0x04, 0x19, 0x04, 0x21, 0xe4, 0x18,
    0x04, 0x21, 0xe4, 0x20, 0xe3, 0x20, 0xe4, 0x18, 0xe3, 0x20, 0x04, 0x21,
    0x51, 0x8c, 0x3c, 0xe7, 0xfb, 0xde, 0xdb, 0xde, 0xbb, 0xde, 0xbb, 0xde,
    0xbb, 0xde, 0x31, 0x8c, 0x04, 0x21, 0xe3, 0x20, 0x0c, 0x63, 0xfb, 0xde,
    0xbb, 0xde, 0xcf, 0x7b, 0xbb, 0xd6, 0xba, 0xd6, 0xf8, 0xc5, 0x1c, 0xe7,
    0x55, 0xad, 0xf0, 0x83, 0x5d, 0xef, 0x96, 0xb5, 0x45, 0x29, 0x04, 0x21,
    0xeb, 0x5a, 0x1c, 0xe7, 0xfc, 0xde, 0xdb, 0xde, 0xdb, 0xd6, 0xdb, 0xde,
    0xfc, 0xe6, 0x9a, 0xd6, 0x8e, 0x73, 0x24, 0x21, 0x04, 0x21, 0x24, 0x21,
    0x55, 0xad, 0x3c, 0xe7, 0xfc, 0xde, 0xbb, 0xde, 0xdb, 0xde, 0xfb, 0xde,
    0x9a, 0xd6, 0x08, 0x42, 0xe4, 0x20, 0x24, 0x21, 0xd3, 0x9c, 0x3c, 0xe7,
    0x76, 0xb5, 0x04, 0x21, 0x04, 0x21, 0x04, 0x21, 0xe4, 0x20, 0xc7, 0x39,
    0x79, 0xce, 0xfc, 0xe6, 0x2d, 0x6b, 0x04, 0x21, 0x8e, 0x73, 0xfc, 0xe6,
    0x75, 0xad, 0x86, 0x31, 0x04, 0x21, 0x04, 0x21, 0x04, 0x21, 0xc7, 0x39,
    0x38, 0xc6, 0x1c, 0xe7, 0x10, 0x84, 0x04, 0x21, 0xeb, 0x5a, 0xdb, 0xde,
    0x3c, 0xe7, 0xdb, 0xde, 0xdb, 0xde, 0xbb, 0xd6, 0xda, 0xd6, 0xd7, 0xbd,
    0x45, 0x29, 0x04, 0x21, 0x2c, 0x63, 0xfb, 0xde, 0xdb, 0xde, 0xc7, 0x39,
    0x04, 0x21, 0x04, 0x21, 0x04, 0x21, 0x25, 0x21, 0xf3, 0x9c, 0x1c, 0xdf,
    0xf7, 0xbd, 0x45, 0x29, 0xe4, 0x20, 0xe4, 0x20, 0x03, 0x21, 0xe4, 0x20,
    0xe3, 0x20, 0x04, 0x21, 0x03, 0x21, 0xe4, 0x20, 0x04, 0x21, 0xe4, 0x18,
    0xe4, 0x20, 0x03, 0x21, 0xe4, 0x18, 0xe4, 0x18, 0x04, 0x21, 0xe4, 0x20,
    0x04, 0x21, 0x04, 0x21, 0xe3, 0x20, 0x04, 0x21, 0xe4, 0x20, 0x03, 0x21,
    0xe4, 0x20, 0x03, 0x19, 0x04, 0x21, 0xe4, 0x20, 0x04, 0x21, 0xe4, 0x20,
    0xe3, 0x20, 0x04, 0x19, 0xe4, 0x20, 0x04, 0x21, 0xe3, 0x18, 0x04, 0x21,
    0x04, 0x21, 0xe4, 0x18, 0x03, 0x21, 0x04, 0x21, 0xe3, 0x20, 0xe4, 0x18,
    0x03, 0x21, 0xe4, 0x20, 0x04, 0x21, 0x04, 0x19, 0x04, 0x21, 0x04, 0x21,
    0x04, 0x21, 0xe4, 0x20, 0x04, 0x21, 0x51, 0x84, 0x1c, 0xe7, 0xdb, 0xde,
    0x79, 0xce, 0x79, 0xce, 0x7a, 0xce, 0x79, 0xd6, 0x30, 0x84, 0x04, 0x21,
    0x04, 0x21, 0x0c, 0x63, 0xfb, 0xde, 0xba, 0xde, 0x29, 0x4a, 0x34, 0xa5,
    0xfc, 0xe6, 0x1c, 0xe7, 0xba, 0xd6, 0xcb, 0x5a, 0x6d, 0x6b, 0x3c, 0xe7,
    0x96, 0xb5, 0x45, 0x29, 0x04, 0x21, 0xeb, 0x5a, 0x1c, 0xe7, 0xfb, 0xde,
    0xba, 0xd6, 0xba, 0xd6, 0xba, 0xd6, 0xba, 0xd6, 0x1c, 0xe7, 0x38, 0xc6,
    0x08, 0x42, 0x04, 0x21, 0x25, 0x21, 0x55, 0xad, 0x3c, 0xe7, 0xdb, 0xde,
    0xba, 0xd6, 0x79, 0xce, 0x9a, 0xd6, 0x59, 0xc6, 0xc7, 0x39, 0xe3, 0x20,
    0x24, 0x21, 0xd3, 0x9c, 0x1c, 0xe7, 0x75, 0xad, 0x04, 0x21, 0x04, 0x21,
    0xe4, 0x20, 0xe3, 0x18, 0xa6, 0x31, 0x39, 0xce, 0xdb, 0xde, 0x2c, 0x63,
    0x04, 0x21, 0x6d, 0x6b, 0xfc, 0xe6, 0x75, 0xad, 0x86, 0x31, 0x04, 0x21,
    0x04, 0x21, 0x04, 0x21, 0xa6, 0x31, 0x18, 0xc6, 0x1c, 0xdf, 0x30, 0x84,
    0x04, 0x21, 0xeb, 0x5a, 0xdb, 0xde, 0x1c, 0xe7, 0xba, 0xd6, 0x9a, 0xd6,
    0x79, 0xce, 0x79, 0xce, 0x96, 0xb5, 0x45, 0x29, 0x04, 0x21, 0x4d, 0x6b,
    0xfb, 0xde, 0xdb, 0xde, 0xa7, 0x31, 0x04, 0x21, 0x04, 0x19, 0x04, 0x21,
    0x04, 0x21, 0xb2, 0x94, 0xdb, 0xde, 0xf7, 0xbd, 0x45, 0x29, 0x04, 0x21,
    0xe4, 0x18, 0x04, 0x19, 0x04, 0x21, 0xe4, 0x18, 0x03, 0x21, 0xe4, 0x18,
    0x04, 0x21, 0x03, 0x21, 0x04, 0x21, 0x04, 0x21, 0xe3, 0x20, 0x04, 0x21,
    0x03, 0x21, 0xe4, 0x18, 0xe4, 0x20, 0x03, 0x21, 0xe4, 0x18, 0xe4, 0x18,
    0x03, 0x21, 0xe4, 0x20, 0xe4, 0x18, 0xe4, 0x20, 0x04, 0x21, 0xe3, 0x18,
    0x04, 0x21, 0x04, 0x19, 0xe4, 0x20, 0x04, 0x21, 0xe3, 0x20, 0x04, 0x21,
    0xe4, 0x18, 0xe4, 0x20, 0x03, 0x21, 0xe4, 0x18, 0xe4, 0x20, 0x04, 0x19,
    0xe4, 0x20, 0x04, 0x21, 0x03, 0x21, 0xe4, 0x20, 0xe3, 0x20, 0xe3, 0x20,
    0xe4, 0x20, 0xe3, 0x18, 0x04, 0x21, 0x04, 0x21, 0xe3, 0x18, 0x04, 0x21,
    0x30, 0x84, 0xdb, 0xd6, 0x76, 0xb5, 0xe7, 0x39, 0xc7, 0x39, 0xc7, 0x39,
    0xc7, 0x39, 0x45, 0x29, 0x04, 0x21, 0xe4, 0x18, 0xeb, 0x5a, 0xbb, 0xd6,
    0x7a, 0xd6, 0xa7, 0x39, 0x69, 0x4a, 0x59, 0xce, 0xba, 0xd6, 0x31, 0x8c,
    0x45, 0x29, 0x4d, 0x6b, 0x1c, 0xe7, 0x75, 0xad, 0x66, 0x31, 0xe4, 0x20,
    0xeb, 0x5a, 0xbb, 0xde, 0x75, 0xad, 0x28, 0x42, 0x86, 0x31, 0xa7, 0x31,
    0x29, 0x42, 0xd7, 0xb5, 0xdb, 0xde, 0xd3, 0x9c, 0x24, 0x21, 0x24, 0x21,
    0x34, 0xa5, 0xfb, 0xde, 0xf3, 0x9c, 0xa7, 0x31, 0xa7, 0x31, 0xa6, 0x31,
    0xa6, 0x31, 0x04, 0x21, 0xe4, 0x20, 0x24, 0x21, 0xb2, 0x94, 0xfc, 0xe6,
    0x55, 0xad, 0x04, 0x21, 0x04, 0x21, 0xe4, 0x20, 0x04, 0x21, 0x69, 0x4a,
    0x9a, 0xd6, 0x9a, 0xd6, 0x28, 0x42, 0x04, 0x21, 0x6d, 0x6b, 0xdb, 0xde,
    0x55, 0xad, 0x86, 0x31, 0x04, 0x21, 0x04, 0x21, 0x04, 0x21, 0x49, 0x4a,
    0x59, 0xce, 0xbb, 0xd6, 0x6e, 0x6b, 0x04, 0x21, 0xeb, 0x5a, 0x9a, 0xd6,
    0x59, 0xce, 0x8a, 0x52, 0xa7, 0x31, 0xc7, 0x39, 0xa7, 0x31, 0x86, 0x31,
    0x04, 0x21, 0xe3, 0x18, 0x2d, 0x63, 0xbb, 0xd6, 0xdb, 0xd6, 0xc7, 0x39,
    0xe4, 0x18, 0xe3, 0x18, 0x04, 0x21, 0xa6, 0x31, 0xb6, 0xb5, 0xdb, 0xde,
    0x71, 0x8c, 0x24, 0x21, 0xe4, 0x20, 0x04, 0x21, 0xe3, 0x20, 0xe4, 0x20,
    0x04, 0x21, 0xe4, 0x18, 0xe4, 0x20, 0xe4, 0x20, 0xe3, 0x18, 0x04, 0x21,
    0xe4, 0x18, 0xe4, 0x20, 0x04, 0x21, 0xe4, 0x20, 0x03, 0x21, 0x04, 0x19,
    0xe4, 0x20, 0x04, 0x21, 0x04, 0x21, 0xe4, 0x20, 0x04, 0x19, 0x04, 0x21,
    0xe4, 0x20, 0x04, 0x21, 0xe4, 0x20, 0xe3, 0x18, 0x04, 0x21, 0xe4, 0x20,
    0x03, 0x19, 0x04, 0x21, 0xe4, 0x20, 0x04, 0x21, 0x04, 0x21, 0xe4, 0x20,
    0x03, 0x21, 0xe4, 0x20, 0xe4, 0x20, 0x03, 0x19, 0xe4, 0x20, 0x04, 0x19,
    0x04, 0x21, 0x04, 0x19, 0x04, 0x21, 0xe4, 0x20, 0xe3, 0x20, 0x04, 0x19,
    0xe4, 0x20, 0xe3, 0x20, 0x04, 0x21, 0x10, 0x84, 0x9a, 0xd6, 0x34, 0xa5,
    0x65, 0x29, 0x24, 0x21, 0x24, 0x21, 0x25, 0x21, 0x24, 0x21, 0x04, 0x21,
    0xe4, 0x20, 0xeb, 0x5a, 0x9a, 0xd6, 0x38, 0xc6, 0xa6, 0x31, 0x25, 0x29,
    0xae, 0x73, 0x14, 0xa5, 0xa7, 0x39, 0x24, 0x21, 0x2d, 0x6b, 0xfb, 0xde,
    0x75, 0xad, 0x66, 0x29, 0xe4, 0x20, 0xcb, 0x5a, 0xba, 0xd6, 0x35, 0xa5,
    0xc7, 0x39, 0x25, 0x21, 0x45, 0x29, 0x65, 0x29, 0x75, 0xad, 0xba, 0xd6,
    0xf4, 0xa4, 0x45, 0x21, 0x24, 0x21, 0x34, 0xa5, 0xbb, 0xd6, 0xb2, 0x94,
    0x45, 0x29, 0x25, 0x21, 0x24, 0x21, 0x25, 0x21, 0x24, 0x21, 0xe4, 0x20,
    0x25, 0x21, 0x92, 0x94, 0xdb, 0xde, 0x55, 0xad, 0x24, 0x21, 0x04, 0x21,
    0x24, 0x21, 0x08, 0x42, 0x55, 0xad, 0x9a, 0xd6, 0x35, 0xad, 0x66, 0x31,
    0xe4, 0x20, 0x6e, 0x73, 0xba, 0xd6, 0x35, 0xad, 0xa6, 0x31, 0x25, 0x29,
    0x24, 0x21, 0xe7, 0x39, 0xf3, 0x9c, 0xba, 0xd6, 0xd7, 0xbd, 0x08, 0x42,
    0x04, 0x21, 0xcb, 0x5a, 0x7a, 0xce, 0x59, 0xc6, 0x49, 0x42, 0x45, 0x29,
    0x45, 0x29, 0x45, 0x29, 0x25, 0x21, 0x04, 0x21, 0x03, 0x19, 0x2c, 0x63,
    0x9a, 0xd6, 0x79, 0xce, 0xc7, 0x39, 0x04, 0x21, 0x24, 0x21, 0xa7, 0x31,
    0x92, 0x8c, 0x9a, 0xd6, 0x59, 0xce, 0x29, 0x4a, 0xe4, 0x20, 0x04, 0x21,
    0x03, 0x21, 0xe4, 0x20, 0x04, 0x21, 0x03, 0x21, 0x04, 0x21, 0x04, 0x21,
    0xe3, 0x20, 0x04, 0x21, 0xe4, 0x18, 0x03, 0x21, 0x04, 0x21, 0xe4, 0x18,
    0xe4, 0x20, 0x04, 0x21, 0xe3, 0x20, 0xe4, 0x20, 0x03, 0x21, 0xe4, 0x20,
    0xe4, 0x18, 0x03, 0x21, 0xe4, 0x20, 0x04, 0x21, 0xe3, 0x18, 0x04, 0x21,
    0xe4, 0x20, 0x03, 0x21, 0xe4, 0x20, 0xe4, 0x18, 0x04, 0x21, 0xe3, 0x20,
    0xe3, 0x18, 0x04, 0x19, 0xe4, 0x20, 0x04, 0x21, 0x03, 0x19, 0xe4, 0x20,
    0x04, 0x21, 0xe3, 0x20, 0xe4, 0x20, 0xe4, 0x18, 0x04, 0x21, 0x04, 0x21,
    0x04, 0x19, 0xe4, 0x20, 0x04, 0x21, 0x04, 0x21, 0xe4, 0x20, 0x04, 0x21,
    0x10, 0x84, 0x9a, 0xd6, 0x59, 0xce, 0xd7, 0xbd, 0xd7, 0xbd, 0xb7, 0xbd,
    0xd7, 0xbd, 0x75, 0xad, 0x29, 0x4a, 0xe4, 0x20, 0xcb, 0x5a, 0x79, 0xd6,
    0x18, 0xc6, 0x86, 0x31, 0x04, 0x21, 0x66, 0x31, 0xa6, 0x31, 0x04, 0x21,
    0x24, 0x21, 0x0c, 0x63, 0xbb, 0xde, 0x55, 0xad, 0x45, 0x29, 0xe4, 0x20,
    0xcb, 0x5a, 0x9a, 0xd6, 0x59, 0xce, 0xf7, 0xbd, 0xf7, 0xbd, 0xf7, 0xbd,
    0x18, 0xc6, 0xba, 0xd6, 0x7a, 0xce, 0x6d, 0x6b, 0x24, 0x21, 0x25, 0x21,
    0x14, 0xa5, 0xba, 0xd6, 0x59, 0xce, 0xd7, 0xbd, 0xd7, 0xbd, 0xd7, 0xbd,
    0xd7, 0xbd, 0x96, 0xb5, 0x86, 0x31, 0x24, 0x21, 0x71, 0x8c, 0x9a, 0xd6,
    0x7a, 0xd6, 0xd7, 0xbd, 0xd7, 0xbd, 0xf7, 0xbd, 0x59, 0xce, 0xba, 0xd6,
    0x18, 0xc6, 0x0c, 0x63, 0x04, 0x21, 0xe3, 0x18, 0x6d, 0x6b, 0x7a, 0xd6,
    0x7a, 0xd6, 0x18, 0xc6, 0xd7, 0xbd, 0xf7, 0xbd, 0x5a, 0xce, 0x9a, 0xd6,
    0x59, 0xce, 0x6d, 0x6b, 0x24, 0x21, 0x04, 0x21, 0xcb, 0x5a, 0x79, 0xce,
    0x9a, 0xd6, 0x18, 0xc6, 0xd7, 0xbd, 0xd7, 0xbd, 0xd7, 0xbd, 0xd7, 0xb5,
    0x2c, 0x63, 0x04, 0x21, 0x2c, 0x63, 0x79, 0xce, 0x9a, 0xd6, 0xf8, 0xbd,
    0xd7, 0xbd, 0xf7, 0xbd, 0x59, 0xce, 0x9a, 0xd6, 0x59, 0xce, 0xef, 0x7b,
    0x45, 0x29, 0xe4, 0x20, 0xe4, 0x18, 0x04, 0x21, 0xe4, 0x18, 0xe4, 0x18,
    0xe3, 0x20, 0x04, 0x21, 0xe4, 0x18, 0x04, 0x21, 0x04, 0x21, 0xe4, 0x20,
    0xe3, 0x20, 0x04, 0x21, 0xe3, 0x18, 0x04, 0x21, 0x04, 0x21, 0xe4, 0x18,
    0x04, 0x19, 0x03, 0x21, 0xe4, 0x20, 0x04, 0x21, 0xe3, 0x20, 0xe4, 0x20,
    0xe4, 0x20, 0x04, 0x21, 0xe4, 0x18, 0x04, 0x21, 0x04, 0x21, 0xe3, 0x18,
    0x04, 0x21, 0xe4, 0x20, 0x04, 0x21, 0xe4, 0x20, 0x03, 0x21, 0xe4, 0x20,
    0xe4, 0x18, 0x04, 0x21, 0x04, 0x21, 0xe4, 0x18, 0x04, 0x21, 0x03, 0x21,
    0xe4, 0x20, 0xe3, 0x20, 0xe3, 0x20, 0x04, 0x19, 0xe4, 0x20, 0xe3, 0x20,
    0x04, 0x19, 0x04, 0x19, 0x04, 0x21, 0xef, 0x7b, 0x39, 0xc6, 0x59, 0xce,
    0x39, 0xce, 0x39, 0xce, 0x39, 0xce, 0x39, 0xce, 0xd7, 0xbd, 0x69, 0x4a,
    0x04, 0x21, 0xab, 0x5a, 0x18, 0xc6, 0xd7, 0xbd, 0x86, 0x31, 0xe4, 0x20,
    0x04, 0x21, 0x04, 0x21, 0xe4, 0x20, 0x04, 0x21, 0x0c, 0x63, 0x59, 0xce,
    0xf4, 0xa4, 0x45, 0x29, 0x04, 0x21, 0xaa, 0x5a, 0x39, 0xce, 0x59, 0xce,
    0x59, 0xce, 0x59, 0xc6, 0x59, 0xc6, 0x79, 0xc6, 0xd6, 0xb5, 0xcf, 0x73,
    0x66, 0x29, 0x04, 0x21, 0x45, 0x29, 0xd3, 0x9c, 0x59, 0xce, 0x59, 0xce,
    0x59, 0xce, 0x59, 0xce, 0x59, 0xce, 0x59, 0xce, 0x18, 0xc6, 0xa6, 0x31,
    0x04, 0x21, 0x51, 0x8c, 0x59, 0xce, 0x59, 0xce, 0x59, 0xce, 0x59, 0xce,
    0x59, 0xce, 0xf8, 0xc5, 0x72, 0x94, 0xeb, 0x5a, 0x45, 0x29, 0xe4, 0x20,
    0x04, 0x21, 0x2c, 0x63, 0x39, 0xce, 0x59, 0xce, 0x59, 0xce, 0x59, 0xce,
    0x59, 0xce, 0x39, 0xce, 0x92, 0x94, 0xec, 0x62, 0x25, 0x29, 0x04, 0x21,
    0xe4, 0x20, 0xab, 0x52, 0x18, 0xc6, 0x59, 0xce, 0x39, 0xce, 0x59, 0xce,
    0x59, 0xce, 0x59, 0xce, 0x38, 0xc6, 0x8e, 0x73, 0x04, 0x21, 0x0c, 0x63,
    0x18, 0xc6, 0x79, 0xce, 0x59, 0xce, 0x59, 0xce, 0x59, 0xce, 0x59, 0xce,
    0xf3, 0x9c, 0x6e, 0x73, 0x86, 0x31, 0x04, 0x19, 0xe3, 0x20, 0x04, 0x21,
    0x04, 0x21, 0xe3, 0x20, 0x04, 0x21, 0xe4, 0x20, 0xe3, 0x18, 0x04, 0x21,
    0xe3, 0x18, 0xe4, 0x20, 0x04, 0x19, 0x04, 0x21, 0xe4, 0x20, 0x04, 0x21,
    0xe3, 0x18, 0xe4, 0x20, 0x04, 0x21, 0xe4, 0x20, 0xe4, 0x18, 0x04, 0x21,
    0x04, 0x19, 0x04, 0x21, 0xe4, 0x20, 0xe4, 0x20, 0x03, 0x21, 0xe4, 0x20,
    0xe4, 0x20, 0x04, 0x19, 0xe4, 0x20, 0x03, 0x21, 0x04, 0x19, 0xe4, 0x20,
    0x04, 0x21, 0x04, 0x19, 0xe3, 0x20, 0xe4, 0x20, 0x03, 0x21, 0xe4, 0x20,
    0xe4, 0x18, 0x03, 0x21, 0x04, 0x21, 0xe4, 0x18, 0x04, 0x21, 0xe4, 0x20,
    0x04, 0x21, 0x03, 0x21, 0xe4, 0x20, 0xe3, 0x20, 0x04, 0x21, 0xe3, 0x20,
    0xa6, 0x31, 0x49, 0x4a, 0x69, 0x4a, 0x49, 0x4a, 0x49, 0x4a, 0x49, 0x4a,
    0x49, 0x4a, 0x28, 0x42, 0x45, 0x29, 0x04, 0x21, 0x65, 0x29, 0x29, 0x42,
    0x29, 0x4a, 0x24, 0x21, 0xe4, 0x20, 0xe4, 0x20, 0x04, 0x21, 0x04, 0x21,
    0xe4, 0x20, 0x66, 0x31, 0x49, 0x4a, 0x08, 0x42, 0x04, 0x21, 0x04, 0x21,
    0x65, 0x29, 0x69, 0x42, 0x69, 0x4a, 0x69, 0x4a, 0x69, 0x4a, 0x89, 0x42,
    0x49, 0x42, 0x08, 0x3a, 0x65, 0x21, 0x04, 0x19, 0x04, 0x21, 0x04, 0x19,
    0xe7, 0x39, 0x49, 0x42, 0x69, 0x4a, 0x49, 0x4a, 0x69, 0x4a, 0x69, 0x4a,
    0x49, 0x4a, 0x49, 0x4a, 0x25, 0x29, 0xe4, 0x20, 0xc7, 0x39, 0x49, 0x4a,
    0x49, 0x4a, 0x49, 0x4a, 0x49, 0x4a, 0x49, 0x4a, 0x29, 0x4a, 0x86, 0x31,
    0x24, 0x21, 0xe4, 0x20, 0x04, 0x21, 0xe4, 0x20, 0x65, 0x29, 0x49, 0x4a,
    0x49, 0x4a, 0x49, 0x4a, 0x49, 0x4a, 0x49, 0x4a, 0x08, 0x42, 0x86, 0x31,
    0x25, 0x29, 0x04, 0x21, 0x04, 0x21, 0x03, 0x19, 0x45, 0x29, 0x08, 0x42,
    0x49, 0x4a, 0x49, 0x4a, 0x49, 0x4a, 0x49, 0x4a, 0x28, 0x42, 0x29, 0x4a,
    0x86, 0x31, 0x04, 0x21, 0x45, 0x29, 0x49, 0x4a, 0x49, 0x4a, 0x49, 0x4a,
    0x29, 0x4a, 0x49, 0x4a, 0x49, 0x4a, 0xa6, 0x31, 0x25, 0x29, 0x04, 0x21,
    0xe4, 0x20, 0x04, 0x21, 0xe3, 0x18, 0xe4, 0x20, 0x04, 0x21, 0x04, 0x21,
    0x04, 0x19, 0xe4, 0x20, 0x04, 0x21, 0x03, 0x21, 0xe4, 0x20, 0x04, 0x21,
    0xe3, 0x18, 0xe4, 0x20, 0x04, 0x21, 0x03, 0x21, 0xe4, 0x20, 0x03, 0x21,
    0xe3, 0x20, 0xe4, 0x20, 0x03, 0x21, 0xe4, 0x18, 0xe4, 0x20, 0x03, 0x21,
    0x04, 0x21, 0xe4, 0x18, 0x03, 0x21, 0x03, 0x21, 0xe4, 0x20, 0xe4, 0x20,
    0x04, 0x21, 0xe3, 0x18, 0xe4, 0x20, 0x04, 0x21, 0xe3, 0x18, 0x04, 0x21,
    0x04, 0x21, 0xe4, 0x18, 0x03, 0x21, 0xe4, 0x20, 0xe4, 0x20, 0x04, 0x21,
    0xe4, 0x18, 0x04, 0x21, 0x04, 0x21, 0xe3, 0x18, 0x04, 0x21, 0xe4, 0x18,
    0x04, 0x21, 0xe4, 0x20, 0xe4, 0x20, 0x04, 0x21, 0x04, 0x21, 0x24, 0x21,
    0x24, 0x21, 0x04, 0x21, 0x24, 0x21, 0x04, 0x21, 0x04, 0x21, 0xe4, 0x20,
    0xe4, 0x20, 0x04, 0x21, 0x04, 0x21, 0x04, 0x21, 0x04, 0x21, 0xe4, 0x20,
    0x03, 0x19, 0xe4, 0x20, 0x04, 0x21, 0x03, 0x19, 0xe4, 0x20, 0x24, 0x21,
    0x04, 0x21, 0x04, 0x21, 0x04, 0x19, 0x85, 0x21, 0x44, 0x19, 0x24, 0x21,
    0x45, 0x21, 0x45, 0x21, 0x65, 0x21, 0xae, 0x63, 0x44, 0x19, 0x04, 0x19,
    0x04, 0x21, 0x03, 0x21, 0x04, 0x19, 0x45, 0x21, 0x85, 0x21, 0x24, 0x21,
    0x04, 0x21, 0x24, 0x21, 0x24, 0x29, 0x04, 0x21, 0x24, 0x21, 0x04, 0x21,
    0xe4, 0x20, 0x04, 0x21, 0x24, 0x21, 0x24, 0x21, 0x24, 0x29, 0x24, 0x21,
    0x24, 0x21, 0x24, 0x21, 0xe4, 0x20, 0x04, 0x21, 0xe4, 0x20, 0x04, 0x21,
    0xe4, 0x20, 0x04, 0x21, 0x24, 0x21, 0x04, 0x21, 0x24, 0x21, 0x24, 0x21,
    0x24, 0x21, 0x04, 0x21, 0x04, 0x21, 0xe3, 0x18, 0xe4, 0x20, 0x04, 0x21,
    0x04, 0x21, 0x04, 0x21, 0x04, 0x21, 0x24, 0x21, 0x24, 0x21, 0x24, 0x21,
    0x24, 0x21, 0x24, 0x21, 0x04, 0x21, 0x04, 0x21, 0xe4, 0x20, 0xe4, 0x20,
    0x25, 0x29, 0x25, 0x29, 0x24, 0x29, 0x24, 0x21, 0x25, 0x29, 0x24, 0x21,
    0x04, 0x21, 0xe4, 0x20, 0xe3, 0x18, 0x04, 0x21, 0xe4, 0x20, 0x04, 0x19,
    0xe3, 0x20, 0xe4, 0x20, 0x03, 0x19, 0xe4, 0x20, 0xe4, 0x20, 0x04, 0x21,
    0xe4, 0x18, 0x04, 0x21, 0xe3, 0x20, 0x04, 0x21, 0xe4, 0x18, 0x04, 0x21,
    0xe4, 0x18, 0x04, 0x21, 0x04, 0x19, 0x04, 0x19, 0xe4, 0x20, 0x03, 0x21,
    0xe4, 0x20, 0x04, 0x21, 0xe4, 0x18, 0xe4, 0x20, 0x04, 0x21, 0xe4, 0x18,
    0x04, 0x21, 0xe3, 0x20, 0x04, 0x19, 0x04, 0x21, 0xe4, 0x20, 0x03, 0x21,
    0xe4, 0x20, 0xe4, 0x20, 0x04, 0x21, 0xe4, 0x18, 0x04, 0x21, 0x04, 0x21,
    0xe3, 0x18, 0x04, 0x21, 0xe4, 0x20, 0xe3, 0x20, 0x03, 0x19, 0xe4, 0x20,
    0xe4, 0x20, 0x04, 0x19, 0x04, 0x21, 0xe3, 0x20, 0x04, 0x19, 0x04, 0x21,
    0xe4, 0x20, 0x04, 0x21, 0xe4, 0x20, 0xe4, 0x20, 0x04, 0x21, 0xe4, 0x20,
    0x04, 0x21, 0x04, 0x21, 0xe4, 0x20, 0x04, 0x21, 0xe3, 0x20, 0x04, 0x21,
    0xe4, 0x20, 0x04, 0x21, 0x03, 0x21, 0xe4, 0x18, 0xe4, 0x20, 0x04, 0x21,
    0xe4, 0x20, 0x04, 0x21, 0x04, 0x21, 0xe4, 0x20, 0xe4, 0x20, 0x04, 0x19,
    0x48, 0x3a, 0x64, 0x19, 0x04, 0x19, 0x04, 0x19, 0x04, 0x19, 0x24, 0x19,
    0x2f, 0x74, 0x23, 0x11, 0x04, 0x19, 0x04, 0x21, 0x04, 0x21, 0x04, 0x19,
    0xe7, 0x29, 0x07, 0x32, 0x04, 0x19, 0xe4, 0x20, 0xe4, 0x20, 0x04, 0x21,
    0xe4, 0x20, 0xe4, 0x20, 0x04, 0x21, 0xe4, 0x20, 0xe4, 0x20, 0x04, 0x21,
    0xe4, 0x20, 0xe4, 0x20, 0x04, 0x21, 0xe4, 0x20, 0xe4, 0x20, 0x04, 0x21,
    0xe4, 0x20, 0x03, 0x19, 0xe4, 0x20, 0x04, 0x21, 0xe4, 0x20, 0x04, 0x21,
    0xe4, 0x20, 0xe4, 0x20, 0x04, 0x21, 0xe4, 0x20, 0xe4, 0x20, 0x04, 0x21,
    0xe3, 0x20, 0xe4, 0x18, 0xe4, 0x20, 0x04, 0x21, 0x04, 0x21, 0x04, 0x21,
    0xe4, 0x20, 0x04, 0x21, 0xe4, 0x20, 0x04, 0x21, 0xe4, 0x20, 0x04, 0x21,
    0xe4, 0x20, 0x04, 0x21, 0x04, 0x21, 0x04, 0x21, 0xe4, 0x20, 0x04, 0x21,
    0x04, 0x21, 0xe4, 0x20, 0xe4, 0x20, 0x04, 0x21, 0x04, 0x21, 0xe4, 0x20,
    0x03, 0x21, 0x04, 0x21, 0xe4, 0x20, 0x04, 0x21, 0x04, 0x19, 0xe3, 0x20,
    0x04, 0x21, 0x03, 0x21, 0xe3, 0x18, 0xe4, 0x20, 0x04, 0x21, 0x04, 0x19,
    0xe3, 0x20, 0x04, 0x21, 0xe3, 0x20, 0xe4, 0x20, 0xe4, 0x20, 0x04, 0x21,
    0xe4, 0x20, 0x04, 0x21, 0xe4, 0x18, 0x03, 0x21, 0x04, 0x21, 0xe4, 0x20,
    0xe4, 0x20, 0x03, 0x21, 0xe4, 0x18, 0xe4, 0x20, 0x04, 0x21, 0xe3, 0x18,
    0xe4, 0x20, 0x04, 0x21, 0x04, 0x19, 0xe3, 0x20, 0x04, 0x21, 0xe3, 0x18,
    0xe4, 0x20, 0x04, 0x21, 0xe3, 0x20, 0x04, 0x21, 0x04, 0x19, 0xe4, 0x20,
    0x04, 0x21, 0x04, 0x21, 0xe4, 0x20, 0xe3, 0x20, 0x04, 0x21, 0xe4, 0x20,
    0xe3, 0x20, 0x04, 0x19, 0xe4, 0x20, 0x03, 0x21, 0x04, 0x19, 0xe4, 0x20,
    0x04, 0x21, 0x04, 0x21, 0xe4, 0x20, 0x03, 0x21, 0x04, 0x19, 0xe4, 0x20,
    0x03, 0x21, 0x04, 0x19, 0xe4, 0x20, 0xe4, 0x20, 0x03, 0x19, 0xe4, 0x20,
    0xe4, 0x20, 0x03, 0x21, 0xe4, 0x18, 0xe4, 0x20, 0x03, 0x21, 0x04, 0x19,
    0xe4, 0x20, 0x03, 0x21, 0x04, 0x19, 0xe7, 0x31, 0x44, 0x21, 0x04, 0x19,
    0x04, 0x21, 0x04, 0x19, 0x04, 0x19, 0xaa, 0x42, 0x24, 0x19, 0x03, 0x19,
    0x04, 0x21, 0xe3, 0x18, 0x04, 0x19, 0xe6, 0x29, 0x07, 0x32, 0x04, 0x19,
    0x04, 0x21, 0x04, 0x21, 0xe4, 0x20, 0x04, 0x21, 0x04, 0x21, 0xe4, 0x20,
    0x03, 0x19, 0x04, 0x21, 0xe4, 0x20, 0xe4, 0x20, 0x04, 0x21, 0xe4, 0x20,
    0xe4, 0x20, 0x04, 0x21, 0x04, 0x21, 0xe3, 0x18, 0x04, 0x21, 0x04, 0x21,
    0xe3, 0x18, 0xe3, 0x18, 0x04, 0x21, 0x04, 0x21, 0xe4, 0x20, 0x04, 0x21,
    0xe4, 0x20, 0xe4, 0x20, 0x04, 0x21, 0x04, 0x21, 0x03, 0x21, 0xe4, 0x18,
    0xe3, 0x20, 0x04, 0x21, 0x04, 0x21, 0xe4, 0x20, 0x04, 0x21, 0x04, 0x21,
    0xe4, 0x20, 0x04, 0x21, 0xe4, 0x20, 0xe3, 0x18, 0x04, 0x21, 0xe3, 0x18,
    0xe3, 0x18, 0x04, 0x21, 0xe4, 0x18, 0xe3, 0x20, 0x04, 0x21, 0xe4, 0x18,
    0x03, 0x21, 0xe4, 0x20, 0xe4, 0x18, 0x04, 0x21, 0xe3, 0x18, 0xe4, 0x20,
    0x04, 0x21, 0xe4, 0x20, 0xe4, 0x20, 0x04, 0x19, 0x04, 0x21, 0xe4, 0x20,
    0x04, 0x21, 0xe3, 0x20, 0xe4, 0x20, 0x04, 0x19, 0x04, 0x21, 0xe4, 0x20,
    0x03, 0x19, 0x03, 0x21, 0xe4, 0x20, 0xe3, 0x20, 0x04, 0x19, 0xe4, 0x20,
    0xe4, 0x20, 0x03, 0x19, 0xe4, 0x20, 0x04, 0x21, 0xe4, 0x20, 0x03, 0x21,
    0x04, 0x21, 0xe4, 0x20, 0x04, 0x21, 0xe3, 0x20, 0x04, 0x19, 0xe4, 0x20,
    0x04, 0x21, 0x04, 0x19, 0xe4, 0x20, 0x03, 0x21, 0xe4, 0x20, 0xe4, 0x18,
    0x04, 0x21, 0xe3, 0x20, 0x04, 0x19, 0xe4, 0x20, 0x03, 0x21, 0x04, 0x19,
    0xe4, 0x20, 0x03, 0x19, 0xe4, 0x20, 0x04, 0x21, 0xe4, 0x20, 0xe3, 0x20,
    0x04, 0x19, 0xe4, 0x20, 0xe3, 0x20, 0x03, 0x19, 0xe4, 0x20, 0xe4, 0x20,
    0xe3, 0x18, 0x04, 0x21, 0xe4, 0x20, 0xe4, 0x18, 0x04, 0x21, 0xe3, 0x20,
    0x04, 0x19, 0x04, 0x21, 0xe4, 0x20, 0x04, 0x21, 0x03, 0x19, 0xe4, 0x20,
    0x04, 0x21, 0xe3, 0x18, 0xe4, 0x20, 0x04, 0x21, 0x03, 0x21, 0x04, 0x19,
    0x65, 0x21, 0x24, 0x19, 0x04, 0x21, 0x03, 0x21, 0x04, 0x19, 0xc6, 0x29,
    0x07, 0x2a, 0x86, 0x21, 0x03, 0x19, 0x04, 0x19, 0x04, 0x21, 0x04, 0x19,
    0xa5, 0x19, 0xa6, 0x21, 0x04, 0x19, 0x04, 0x21, 0xe4, 0x20, 0xe4, 0x18,
    0x04, 0x21, 0xe3, 0x20, 0xe4, 0x18, 0x04, 0x21, 0x03, 0x21, 0xe4, 0x18,
    0x04, 0x21, 0x04, 0x19, 0xe3, 0x20, 0x04, 0x19, 0x04, 0x21, 0xe3, 0x20,
    0xe4, 0x20, 0x04, 0x21, 0xe4, 0x20, 0xe4, 0x20, 0x04, 0x21, 0xe3, 0x18,
    0x04, 0x21, 0xe3, 0x18, 0x04, 0x21, 0x03, 0x19, 0xe3, 0x18, 0x04, 0x21,
    0xe4, 0x20, 0x04, 0x19, 0x04, 0x21, 0xe4, 0x20, 0xe3, 0x18, 0x04, 0x21,
    0xe4, 0x20, 0xe3, 0x18, 0x04, 0x21, 0xe4, 0x20, 0x03, 0x19, 0x04, 0x21,
    0xe4, 0x20, 0x04, 0x21, 0xe4, 0x20, 0x04, 0x21, 0x04, 0x21, 0xe3, 0x18,
    0x04, 0x21, 0x04, 0x21, 0xe3, 0x18, 0x04, 0x21, 0x04, 0x21, 0xe3, 0x18,
    0x04, 0x21, 0x04, 0x21, 0xe3, 0x18, 0x04, 0x21, 0x03, 0x21, 0xe4, 0x18,
    0xe4, 0x20, 0xe3, 0x20, 0x04, 0x19, 0x04, 0x21, 0xe4, 0x20, 0xe3, 0x18,
    0x04, 0x21, 0xe4, 0x20, 0x04, 0x19, 0xe4, 0x20, 0x04, 0x19, 0xe4, 0x20,
    0x03, 0x21, 0x04, 0x19, 0xe4, 0x20, 0x04, 0x21, 0x04, 0x21, 0xe4, 0x20,
    0xe4, 0x20, 0xe4, 0x18, 0x04, 0x21, 0xe3, 0x18, 0x04, 0x21, 0x04, 0x21,
    0xe4, 0x18, 0xe3, 0x20, 0x04, 0x21, 0xe4, 0x20, 0xe3, 0x20, 0x04, 0x21,
    0x04, 0x21, 0xe3, 0x18, 0x04, 0x21, 0xe4, 0x20, 0x03, 0x21, 0xe4, 0x20,
    0xe4, 0x18, 0x03, 0x21, 0xe4, 0x20, 0x04, 0x19, 0xe4, 0x20, 0x04, 0x21,
    0x04, 0x19, 0xe3, 0x20, 0x04, 0x21, 0x04, 0x21, 0xe4, 0x20, 0x04, 0x21,
    0x04, 0x19, 0xe4, 0x20, 0x04, 0x21, 0x04, 0x19, 0xe3, 0x20, 0x04, 0x21,
    0xe4, 0x20, 0x03, 0x21, 0xe4, 0x20, 0x04, 0x21, 0xe3, 0x20, 0xe4, 0x18,
    0x04, 0x21, 0xe4, 0x20, 0x04, 0x21, 0x04, 0x21, 0xe4, 0x20, 0xe4, 0x20,
    0x04, 0x21, 0xe4, 0x20, 0x04, 0x19, 0x07, 0x32, 0x44, 0x19, 0x04, 0x19,
    0x04, 0x19, 0x04, 0x19, 0xaa, 0x4a, 0xa5, 0x19, 0xa9, 0x3a, 0x24, 0x19,
    0x04, 0x19, 0x04, 0x19, 0x24, 0x19, 0x68, 0x32, 0xa9, 0x3a, 0x04, 0x19,
    0x04, 0x21, 0xe3, 0x20, 0x04, 0x21, 0x04, 0x19, 0xe3, 0x20, 0xe4, 0x20,
    0x04, 0x21, 0xe4, 0x20, 0xe3, 0x20, 0x04, 0x21, 0xe4, 0x20, 0x03, 0x21,
    0xe4, 0x20, 0xe4, 0x18, 0x04, 0x21, 0xe4, 0x18, 0x03, 0x21, 0x04, 0x19,
    0xe4, 0x20, 0x04, 0x21, 0x04, 0x21, 0xe4, 0x20, 0xe4, 0x20, 0x04, 0x21,
    0xe4, 0x20, 0x04, 0x21, 0xe3, 0x20, 0xe4, 0x18, 0xe4, 0x20, 0x03, 0x21,
    0x04, 0x21, 0xe4, 0x20, 0x04, 0x19, 0x03, 0x21, 0xe4, 0x20, 0xe4, 0x20,
    0x03, 0x19, 0xe4, 0x20, 0xe4, 0x20, 0x04, 0x21, 0xe3, 0x18, 0x04, 0x21,
    0xe4, 0x20, 0xe4, 0x20, 0x04, 0x21, 0xe4, 0x20, 0xe4, 0x20, 0x04, 0x21,
    0xe4, 0x20, 0xe4, 0x20, 0x03, 0x21, 0xe4, 0x20, 0xe4, 0x20, 0x04, 0x19,
    0xe4, 0x20, 0x03, 0x21, 0x04, 0x21, 0xe4, 0x20, 0x03, 0x21, 0xe4, 0x18,
    0x04, 0x21, 0x04, 0x21, 0xe4, 0x20, 0x03, 0x21, 0xe4, 0x20, 0xe3, 0x20,
    0x04, 0x21, 0xe4, 0x20, 0x04, 0x21, 0xe4, 0x20, 0xe3, 0x20, 0x04, 0x21,
    0xe3, 0x18, 0xe4, 0x20, 0x04, 0x21, 0xe4, 0x20, 0x04, 0x21, 0xe4, 0x18,
    0xe4, 0x20, 0x03, 0x21, 0xe4, 0x18, 0x04, 0x21, 0x04, 0x21, 0xe3, 0x18,
    0x04, 0x21, 0xe4, 0x20, 0x04, 0x19, 0xe4, 0x20, 0x04, 0x21, 0x04, 0x21,
    0xe4, 0x18, 0x04, 0x21, 0x04, 0x21, 0xe4, 0x20, 0xe4, 0x20, 0x04, 0x21,
    0xe3, 0x20, 0x04, 0x21, 0xe4, 0x20, 0xe3, 0x18, 0x04, 0x21, 0xe4, 0x20,
    0xe3, 0x18, 0x04, 0x21, 0xe4, 0x20, 0xe3, 0x20, 0x04, 0x21, 0x04, 0x21,
    0xe3, 0x20, 0xe4, 0x20, 0x04, 0x19, 0x03, 0x21, 0xe4, 0x18, 0x04, 0x21,
    0xe4, 0x20, 0x03, 0x19, 0x04, 0x21, 0xe4, 0x20, 0xe3, 0x18, 0x03, 0x21,
    0xe4, 0x18, 0x03, 0x21, 0x03, 0x19, 0xe4, 0x20, 0x04, 0x21, 0x03, 0x19,
    0x27, 0x32, 0x44, 0x19, 0x04, 0x19, 0x04, 0x21, 0x03, 0x19, 0x07, 0x32,
    0x0b, 0x43, 0xe6, 0x21, 0x24, 0x11, 0x04, 0x19, 0x03, 0x19, 0x44, 0x21,
    0x0b, 0x4b, 0x89, 0x3a, 0x44, 0x21, 0xe4, 0x20, 0x04, 0x21, 0xe3, 0x20,
    0x04, 0x21, 0x04, 0x19, 0xe4, 0x20, 0x04, 0x19, 0xe4, 0x20, 0x04, 0x21,
    0xe4, 0x18, 0x04, 0x21, 0xe4, 0x20, 0x04, 0x19, 0x03, 0x21, 0xe4, 0x20,
    0x04, 0x21, 0xe3, 0x20, 0xe4, 0x18, 0x03, 0x21, 0xe4, 0x20, 0x04, 0x19,
    0xe3, 0x20, 0x04, 0x21, 0xe4, 0x18, 0x04, 0x21, 0xe4, 0x20, 0x04, 0x21,
    0x03, 0x21, 0xe4, 0x20, 0xe4, 0x18, 0x03, 0x21, 0xe4, 0x20, 0xe4, 0x20,
    0x04, 0x19, 0x04, 0x21, 0xe4, 0x20, 0x04, 0x21, 0x03, 0x21, 0xe4, 0x18,
    0x04, 0x21, 0x03, 0x21, 0xe4, 0x18, 0x03, 0x21, 0xe3, 0x18, 0x04, 0x21,
    0x03, 0x19, 0xe4, 0x18, 0x03, 0x21, 0xe4, 0x18, 0x04, 0x21, 0x04, 0x19,
    0xe4, 0x20, 0x03, 0x21, 0xe4, 0x20, 0xe4, 0x18, 0x04, 0x21, 0xe4, 0x20,
    0x04, 0x19, 0x04, 0x21, 0xe3, 0x20, 0xe4, 0x18, 0x04, 0x21, 0xe3, 0x20,
    0x04, 0x19, 0x04, 0x21, 0xe4, 0x20, 0x03, 0x19, 0x04, 0x21, 0xe4, 0x18,
    0x03, 0x19, 0x04, 0x21, 0xe4, 0x20, 0x04, 0x19, 0xe3, 0x20, 0x04, 0x21,
    0x03, 0x21, 0x04, 0x21, 0xe3, 0x20, 0x04, 0x21, 0xe4, 0x20, 0xe3, 0x20,
    0x04, 0x21, 0xe4, 0x20, 0x04, 0x19, 0xe3, 0x20, 0x04, 0x21, 0xe4, 0x18,
    0xe3, 0x20, 0x04, 0x21, 0xe3, 0x18, 0xe4, 0x20, 0x03, 0x21, 0x03, 0x19,
    0xe4, 0x20, 0x04, 0x19, 0x03, 0x21, 0xe4, 0x18, 0x04, 0x21, 0x03, 0x21,
    0xe4, 0x20, 0x04, 0x19, 0x04, 0x21, 0xe4, 0x20, 0x03, 0x19, 0x04, 0x21,
    0xe4, 0x18, 0xe3, 0x20, 0x04, 0x19, 0xe4, 0x20, 0x04, 0x21, 0xe4, 0x20,
    0xe4, 0x20, 0x04, 0x19, 0xe4, 0x20, 0xe3, 0x20, 0x04, 0x21, 0x04, 0x21,
    0xe4, 0x20, 0x04, 0x21, 0xe4, 0x18, 0xe4, 0x20, 0x04, 0x21, 0xe4, 0x20,
    0xe4, 0x18, 0x04, 0x21, 0x04, 0x19, 0xa5, 0x21, 0x44, 0x11, 0x24, 0x19,
    0x04, 0x19, 0x04, 0x19, 0x44, 0x19, 0x68, 0x3a, 0x44, 0x11, 0x04, 0x19,
    0x04, 0x19, 0x04, 0x21, 0x04, 0x19, 0xe6, 0x29, 0x28, 0x32, 0x24, 0x19,
    0xe4, 0x20, 0xe4, 0x18, 0x04, 0x21, 0xe3, 0x20, 0xe4, 0x20, 0x04, 0x21,
    0x03, 0x19, 0xe3, 0x20, 0x04, 0x21, 0x03, 0x19, 0xe4, 0x20, 0xe4, 0x20,
    0x03, 0x21, 0xe4, 0x20, 0x04, 0x19, 0xe4, 0x20, 0x04, 0x21, 0x04, 0x21,
    0xe4, 0x20, 0xe3, 0x18, 0x04, 0x21, 0x04, 0x21, 0xe3, 0x18, 0x03, 0x21,
    0xe4, 0x20, 0x04, 0x19, 0xe3, 0x18, 0x04, 0x21, 0x04, 0x21, 0xe4, 0x18,
    0x04, 0x21, 0x03, 0x21, 0xe4, 0x20, 0xe4, 0x20, 0x03, 0x19, 0xe4, 0x20,
    0xe4, 0x20, 0x04, 0x19, 0xe4, 0x20, 0xe4, 0x20, 0x04, 0x21, 0xe4, 0x20,
    0x04, 0x21, 0x04, 0x21, 0xe4, 0x20, 0xe4, 0x20, 0x03, 0x21, 0xe4, 0x20,
    0x04, 0x21, 0xe3, 0x18, 0xe4, 0x20, 0x04, 0x21, 0x03, 0x19, 0xe4, 0x20,
    0x04, 0x21, 0xe3, 0x18, 0xe4, 0x20, 0x04, 0x21, 0xe3, 0x20, 0xe4, 0x20,
    0x04, 0x21, 0xe3, 0x18, 0xe4, 0x20, 0x04, 0x21, 0xe4, 0x18, 0xe4, 0x20,
    0x04, 0x21, 0xe3, 0x20, 0xe4, 0x20, 0x04, 0x21, 0xe4, 0x20, 0x04, 0x21,
    0x04, 0x21, 0xe4, 0x18, 0xe3, 0x20, 0xe4, 0x20, 0xe4, 0x18, 0x04, 0x21,
    0x04, 0x19, 0x04, 0x21, 0xe4, 0x18, 0x03, 0x21, 0xe4, 0x20, 0xe4, 0x20,
    0x04, 0x21, 0x03, 0x21, 0xe4, 0x20, 0x04, 0x21, 0x03, 0x19, 0xe4, 0x20,
    0xe4, 0x20, 0x04, 0x21, 0xe4, 0x20, 0xe4, 0x18, 0x03, 0x21, 0xe4, 0x20,
    0xe4, 0x20, 0x04, 0x19, 0xe4, 0x20, 0xe4, 0x20, 0x03, 0x21, 0xe4, 0x20,
    0xe4, 0x20, 0x04, 0x21, 0x04, 0x19, 0xe4, 0x20, 0x04, 0x21, 0xe3, 0x20,
    0x04, 0x19, 0x03, 0x21, 0xe4, 0x20, 0x04, 0x21, 0x03, 0x21, 0xe4, 0x18,
    0x04, 0x21, 0xe4, 0x18, 0xe3, 0x20, 0x04, 0x21, 0x04, 0x21, 0xe3, 0x20,
    0x04, 0x21, 0x04, 0x21, 0xe3, 0x20, 0x04, 0x21, 0xe4, 0x20, 0x44, 0x21,
    0xea, 0x42, 0x68, 0x3a, 0x24, 0x19, 0x04, 0x19, 0x04, 0x19, 0x44, 0x19,
    0xee, 0x6b, 0x24, 0x11, 0x04, 0x19, 0x03, 0x21, 0x04, 0x21, 0x04, 0x19,
    0xc6, 0x29, 0xe7, 0x29, 0x04, 0x19, 0x03, 0x21, 0x04, 0x21, 0xe4, 0x18,
    0x04, 0x21, 0xe3, 0x20, 0x04, 0x21, 0xe4, 0x20, 0xe4, 0x20, 0x04, 0x21,
    0xe3, 0x20, 0x04, 0x19, 0x04, 0x21, 0xe3, 0x20, 0xe4, 0x18, 0x04, 0x21,
    0xe3, 0x20, 0xe4, 0x18, 0x04, 0x21, 0x04, 0x21, 0xe3, 0x20, 0xe4, 0x20,
    0x04, 0x21, 0xe4, 0x20, 0xe4, 0x20, 0x04, 0x21, 0xe3, 0x20, 0xe4, 0x20,
    0x04, 0x21, 0xe3, 0x20, 0x04, 0x21, 0xe4, 0x18, 0x04, 0x21, 0x03, 0x21,
    0xe4, 0x18, 0x04, 0x21, 0x03, 0x21, 0xe4, 0x18, 0x03, 0x21, 0x04, 0x21,
    0xe3, 0x18, 0xe4, 0x20, 0x04, 0x21, 0xe4, 0x18, 0xe3, 0x20, 0x04, 0x21,
    0x04, 0x19, 0xe4, 0x20, 0x04, 0x21, 0x04, 0x21, 0xe3, 0x20, 0xe4, 0x20,
    0x04, 0x21, 0xe4, 0x20, 0x04, 0x21, 0x03, 0x21, 0xe4, 0x20, 0x04, 0x19,
    0x03, 0x21, 0xe4, 0x18, 0x04, 0x21, 0x04, 0x21, 0xe4, 0x20, 0x04, 0x21,
    0x03, 0x21, 0xe4, 0x18, 0x04, 0x21, 0x03, 0x21, 0xe4, 0x18, 0x04, 0x21,
    0xe4, 0x20, 0xe3, 0x18, 0x03, 0x21, 0xe4, 0x20, 0x04, 0x21, 0xe4, 0x20,
    0xe4, 0x20, 0x04, 0x21, 0xe3, 0x20, 0xe4, 0x20, 0x04, 0x19, 0x04, 0x21,
    0xe4, 0x20, 0x03, 0x19, 0xe4, 0x20, 0x04, 0x19, 0xe4, 0x18, 0xe4, 0x20,
    0x04, 0x21, 0x04, 0x21, 0xe4, 0x20, 0x04, 0x19, 0x03, 0x21, 0xe4, 0x20,
    0x04, 0x21, 0x04, 0x21, 0xe4, 0x20, 0x03, 0x21, 0xe4, 0x18, 0x04, 0x21,
    0x03, 0x21, 0xe4, 0x18, 0x04, 0x19, 0xe3, 0x20, 0xe4, 0x20, 0x03, 0x21,
    0xe4, 0x20, 0x04, 0x21, 0xe4, 0x20, 0xe4, 0x18, 0x03, 0x21, 0xe4, 0x18,
    0xe4, 0x20, 0x03, 0x21, 0x04, 0x21, 0xe4, 0x20, 0x03, 0x19, 0xe4, 0x20,
    0x04, 0x19, 0xe3, 0x18, 0xe4, 0x20, 0x04, 0x19, 0xe3, 0x18, 0x04, 0x21,
    0x04, 0x21, 0xe3, 0x20, 0x86, 0x29, 0x27, 0x2a, 0xea, 0x42, 0x44, 0x19,
    0x23, 0x19, 0x04, 0x19, 0x44, 0x19, 0xad, 0x5b, 0x24, 0x11, 0x04, 0x19,
    0x04, 0x21, 0x04, 0x19, 0x04, 0x19, 0xe6, 0x29, 0x07, 0x2a, 0x04, 0x19,
    0xe4, 0x20, 0x03, 0x21, 0xe4, 0x20, 0x04, 0x19, 0x04, 0x19, 0xe4, 0x20,
    0x04, 0x19, 0xe4, 0x20, 0xe4, 0x20, 0x04, 0x19, 0xe4, 0x20, 0x04, 0x21,
    0xe4, 0x18, 0x04, 0x21, 0x03, 0x21, 0xe4, 0x20, 0x03, 0x19, 0xe4, 0x20,
    0x04, 0x21, 0x04, 0x19, 0xe4, 0x20, 0x03, 0x19, 0x04, 0x21, 0xe4, 0x18,
    0x04, 0x21, 0x04, 0x21, 0xe4, 0x18, 0x04, 0x21, 0xe4, 0x20, 0xe3, 0x18,
    0x04, 0x21, 0xe4, 0x20, 0xe4, 0x18, 0x04, 0x21, 0xe4, 0x20, 0x04, 0x21,
    0xe3, 0x20, 0xe4, 0x20, 0x04, 0x21, 0x03, 0x19, 0xe4, 0x20, 0x04, 0x21,
    0x03, 0x19, 0xe4, 0x20, 0x04, 0x21, 0xe3, 0x18, 0xe4, 0x20, 0x04, 0x19,
    0xe3, 0x20, 0x04, 0x21, 0x04, 0x19, 0xe3, 0x18, 0xe4, 0x20, 0x04, 0x19,
    0xe4, 0x20, 0xe4, 0x20, 0x04, 0x21, 0xe4, 0x20, 0xe4, 0x20, 0x03, 0x19,
    0xe4, 0x20, 0x04, 0x19, 0xe3, 0x20, 0xe4, 0x20, 0x04, 0x21, 0xe3, 0x20,
    0xe4, 0x18, 0x04, 0x21, 0x04, 0x21, 0xe3, 0x18, 0x04, 0x21, 0xe4, 0x20,
    0x04, 0x19, 0xe3, 0x20, 0x04, 0x21, 0x04, 0x21, 0x03, 0x19, 0xe4, 0x20,
    0xe3, 0x20, 0x03, 0x21, 0xe4, 0x20, 0xe4, 0x20, 0x04, 0x21, 0x03, 0x21,
    0xe4, 0x20, 0x04, 0x21, 0xe3, 0x18, 0xe4, 0x20, 0x03, 0x21, 0xe4, 0x18,
    0xe4, 0x20, 0x03, 0x21, 0xe4, 0x18, 0xe4, 0x20, 0x03, 0x19, 0xe4, 0x20,
    0x04, 0x21, 0xe3, 0x20, 0xe4, 0x20, 0x04, 0x21, 0xe4, 0x20, 0x04, 0x21,
    0x04, 0x19, 0xe3, 0x20, 0xe4, 0x20, 0x04, 0x19, 0x03, 0x21, 0xe4, 0x20,
    0x04, 0x21, 0x04, 0x21, 0xe4, 0x20, 0xe4, 0x18, 0x04, 0x21, 0xe4, 0x20,
    0xe4, 0x20, 0x04, 0x21, 0x04, 0x21, 0xe4, 0x20, 0x04, 0x21, 0x04, 0x21,
    0xe4, 0x20, 0xe4, 0x20, 0x04, 0x19, 0xe4, 0x20, 0x04, 0x19, 0x24, 0x21,
    0x48, 0x32, 0x48, 0x32, 0x24, 0x19, 0x03, 0x19, 0x03, 0x19, 0x24, 0x19,
    0xe6, 0x29, 0x44, 0x11, 0x04, 0x19, 0xe3, 0x20, 0x04, 0x21, 0x04, 0x19,
    0xc6, 0x21, 0xc6, 0x29, 0x04, 0x19, 0x04, 0x21, 0xe4, 0x20, 0xe3, 0x20,
    0x04, 0x21, 0xe4, 0x20, 0xe3, 0x20, 0x03, 0x19, 0x04, 0x21, 0xe3, 0x20,
    0x04, 0x19, 0xe3, 0x20, 0xe4, 0x20, 0x04, 0x21, 0xe3, 0x20, 0x04, 0x21,
    0x04, 0x19, 0xe4, 0x20, 0xe3, 0x20, 0x04, 0x19, 0xe4, 0x20, 0xe3, 0x20,
    0x04, 0x21, 0xe4, 0x18, 0x03, 0x21, 0xe3, 0x20, 0x04, 0x19, 0x03, 0x21,
    0xe4, 0x20, 0x04, 0x19, 0x04, 0x21, 0xe3, 0x20, 0x04, 0x21, 0xe3, 0x20,
    0x04, 0x21, 0xe4, 0x18, 0xe3, 0x20, 0x04, 0x21, 0xe4, 0x18, 0x04, 0x21,
    0xe4, 0x20, 0xe4, 0x20, 0x03, 0x21, 0xe4, 0x20, 0x04, 0x21, 0xe4, 0x20,
    0x03, 0x21, 0x04, 0x21, 0xe4, 0x20, 0xe4, 0x18, 0x04, 0x21, 0x04, 0x21,
    0xe3, 0x20, 0x04, 0x21, 0x04, 0x21, 0xe3, 0x18, 0x03, 0x21, 0x04, 0x21,
    0xe4, 0x18, 0x03, 0x21, 0xe4, 0x20, 0x04, 0x21, 0x03, 0x21, 0xe4, 0x18,
    0x04, 0x21, 0x04, 0x21, 0xe4, 0x18, 0xe4, 0x20, 0x03, 0x21, 0xe4, 0x20,
    0x04, 0x21, 0x04, 0x21, 0xe4, 0x20, 0xe4, 0x18, 0x04, 0x21, 0xe4, 0x20,
    0xe4, 0x20, 0x04, 0x21, 0x04, 0x19, 0xe4, 0x20, 0x04, 0x21, 0xe3, 0x18,
    0x04, 0x21, 0xe4, 0x18, 0xe4, 0x20, 0x03, 0x21, 0x04, 0x21, 0x04, 0x21,
    0xe3, 0x18, 0x04, 0x21, 0x04, 0x21, 0xe4, 0x20, 0x04, 0x21, 0x04, 0x21,
    0xe3, 0x18, 0xe4, 0x20, 0x04, 0x21, 0x04, 0x19, 0xe4, 0x20, 0x03, 0x19,
    0xe4, 0x18, 0x04, 0x21, 0xe3, 0x20, 0x04, 0x21, 0x04, 0x19, 0xe4, 0x20,
    0x04, 0x21, 0xe3, 0x18, 0xe4, 0x20, 0x04, 0x19, 0x03, 0x21, 0xe4, 0x20,
    0x03, 0x19, 0x04, 0x21, 0xe3, 0x18, 0x04, 0x19, 0xe3, 0x20, 0xe4, 0x20,
    0x03, 0x21, 0xe4, 0x20, 0x03, 0x19, 0x04, 0x21, 0xe3, 0x20, 0xe4, 0x20,
    0x04, 0x21, 0xe4, 0x20, 0x04, 0x19, 0x04, 0x19, 0x04, 0x19, 0x04, 0x19,
    0x04, 0x21, 0x04, 0x19, 0x24, 0x19, 0xad, 0x5b, 0x43, 0x11, 0x04, 0x19,
    0xe4, 0x20, 0x03, 0x21, 0x04, 0x19, 0x44, 0x19, 0x44, 0x19, 0x04, 0x19,
    0xe4, 0x20, 0x04, 0x19, 0x04, 0x21, 0xe3, 0x20, 0x04, 0x21, 0xe4, 0x20,
    0x04, 0x21, 0xe4, 0x20, 0x04, 0x21, 0x03, 0x21, 0xe4, 0x20, 0x04, 0x19,
    0x03, 0x21, 0xe4, 0x20, 0xe4, 0x18, 0x04, 0x21, 0xe4, 0x20, 0x04, 0x21,
    0x03, 0x21, 0xe4, 0x20, 0x04, 0x21, 0xe4, 0x20, 0xe4, 0x20, 0x04, 0x21,
    0xe4, 0x20, 0xe4, 0x20, 0x04, 0x21, 0xe3, 0x20, 0xe4, 0x20, 0x04, 0x21,
    0xe4, 0x18, 0x04, 0x21, 0x03, 0x21, 0xe4, 0x18, 0x04, 0x21, 0x04, 0x21,
    0xe4, 0x18, 0x03, 0x21, 0x04, 0x21, 0xe4, 0x18, 0x03, 0x21, 0xe4, 0x18,
    0xe4, 0x20, 0x04, 0x19, 0xe4, 0x18, 0xe4, 0x20, 0x03, 0x21, 0xe4, 0x20,
    0x04, 0x21, 0xe3, 0x18, 0xe4, 0x20, 0x04, 0x21, 0xe4, 0x20, 0xe4, 0x20,
    0x04, 0x19, 0xe4, 0x20, 0xe3, 0x20, 0x04, 0x19, 0x04, 0x21, 0xe4, 0x20,
    0xe4, 0x18, 0x04, 0x21, 0xe4, 0x20, 0x03, 0x19, 0x04, 0x21, 0xe4, 0x20,
    0x03, 0x21, 0x04, 0x19, 0xe4, 0x20, 0xe3, 0x18, 0x04, 0x21, 0x03, 0x21,
    0xe3, 0x20, 0x04, 0x19, 0xe4, 0x20, 0xe4, 0x20, 0xe4, 0x20, 0x03, 0x21,
    0xe4, 0x18, 0x04, 0x21, 0x04, 0x21, 0xe3, 0x18, 0x04, 0x21, 0xe4, 0x20,
    0xe4, 0x18, 0x04, 0x21, 0xe4, 0x20, 0xe4, 0x20, 0x04, 0x21, 0xe3, 0x18,
    0xe4, 0x20, 0x04, 0x21, 0x03, 0x19, 0xe4, 0x20, 0x04, 0x21, 0xe3, 0x20,
    0xe4, 0x20, 0x04, 0x21, 0x04, 0x21, 0xe3, 0x20, 0xe4, 0x20, 0x04, 0x19,
    0xe3, 0x20, 0xe4, 0x20, 0x04, 0x21, 0xe3, 0x20, 0x04, 0x21, 0xe4, 0x18,
    0xe3, 0x20, 0x04, 0x21, 0xe4, 0x20, 0xe4, 0x20, 0x03, 0x21, 0x04, 0x21,
    0xe4, 0x20, 0x04, 0x19, 0xe3, 0x20, 0x04, 0x19, 0xe4, 0x20, 0xe4, 0x20,
    0x03, 0x19, 0x04, 0x21, 0xe3, 0x20, 0x04, 0x21, 0x03, 0x21, 0xe4, 0x20,
    0x04, 0x21, 0xe3, 0x20, 0x04, 0x21, 0x04, 0x21, 0x03, 0x19, 0x24, 0x19,
    0xef, 0x6b, 0x23, 0x19, 0x04, 0x19, 0x04, 0x21, 0xe4, 0x20, 0x03, 0x19,
    0xa6, 0x29, 0xc6, 0x29, 0x03, 0x19, 0xe4, 0x20, 0x04, 0x21, 0xe3, 0x18,
    0x04, 0x19, 0xe4, 0x20, 0x04, 0x19, 0xe3, 0x20, 0xe4, 0x18, 0x04, 0x21,
    0xe4, 0x20, 0xe4, 0x18, 0x04, 0x21, 0xe4, 0x20, 0x04, 0x19, 0xe3, 0x20,
    0xe4, 0x20, 0x04, 0x21, 0xe4, 0x18, 0xe4, 0x20, 0x03, 0x19, 0x04, 0x19,
    0xe4, 0x20, 0x03, 0x21, 0x04, 0x19, 0xe4, 0x18, 0x04, 0x21, 0xe4, 0x18,
    0x03, 0x21, 0x04, 0x21, 0xe4, 0x18, 0xe3, 0x20, 0x04, 0x21, 0xe4, 0x18,
    0xe3, 0x20, 0x04, 0x21, 0xe4, 0x20, 0xe3, 0x20, 0x04, 0x21, 0xe4, 0x20,
    0x04, 0x21, 0x04, 0x19, 0xe4, 0x20, 0x03, 0x21, 0x03, 0x21, 0xe4, 0x20,
    0x04, 0x19, 0xe4, 0x20, 0x03, 0x21, 0x04, 0x19, 0xe4, 0x20, 0x03, 0x21,
    0x04, 0x19, 0xe3, 0x20, 0x04, 0x21, 0x04, 0x21, 0xe4, 0x20, 0xe4, 0x20,
    0x03, 0x21, 0xe4, 0x20, 0x04, 0x21, 0xe3, 0x18, 0xe4, 0x20, 0x04, 0x21,
    0xe3, 0x20, 0xe4, 0x20, 0x04, 0x21, 0xe4, 0x18, 0x04, 0x21, 0xe4, 0x20,
    0xe4, 0x20, 0x04, 0x19, 0xe4, 0x20, 0x04, 0x21, 0x03, 0x21, 0xe4, 0x20,
    0x04, 0x21, 0xe4, 0x18, 0xe3, 0x20, 0x04, 0x21, 0xe4, 0x20, 0xe4, 0x20,
    0x04, 0x21, 0x03, 0x21, 0x04, 0x21, 0xe4, 0x18, 0x03, 0x21, 0xe3, 0x20,
    0x04, 0x19, 0x04, 0x21, 0xe3, 0x20, 0xe4, 0x18, 0x04, 0x21, 0xe4, 0x20,
    0xe4, 0x20, 0x04, 0x19, 0x03, 0x21, 0xe4, 0x18, 0x04, 0x21, 0xe4, 0x20,
    0x04, 0x21, 0x04, 0x19, 0xe4, 0x20, 0x04, 0x21, 0x04, 0x21, 0xe3, 0x18,
    0x04, 0x21, 0x04, 0x21, 0xe4, 0x20, 0x04, 0x21, 0x04, 0x19, 0xe4, 0x20,
    0xe4, 0x20, 0x04, 0x19, 0xe4, 0x20, 0xe4, 0x20, 0x04, 0x21, 0x04, 0x21,
    0xe4, 0x20, 0x04, 0x21, 0xe4, 0x20, 0xe4, 0x20, 0x04, 0x19, 0xe4, 0x20,
    0xe4, 0x18, 0x03, 0x21, 0xe4, 0x20, 0x04, 0x21, 0x03, 0x21, 0xe4, 0x20,
    0x04, 0x21, 0x03, 0x19, 0x23, 0x19, 0x0b, 0x53, 0x24, 0x19, 0x04, 0x19,
    0xe4, 0x20, 0x03, 0x21, 0x04, 0x19, 0xc6, 0x29, 0xe6, 0x29, 0x04, 0x19,
    0x04, 0x21, 0xe3, 0x20, 0x04, 0x21, 0xe4, 0x20, 0x04, 0x21, 0x03, 0x21,
    0xe4, 0x18, 0x04, 0x21, 0x03, 0x21, 0xe4, 0x18, 0x03, 0x21, 0xe4, 0x20,
    0x04, 0x21, 0x03, 0x21, 0xe4, 0x20, 0x04, 0x21, 0x03, 0x19, 0xe4, 0x20,
    0xe4, 0x20, 0x04, 0x21, 0xe3, 0x20, 0x04, 0x21, 0xe4, 0x18, 0xe3, 0x20,
    0x03, 0x21, 0x04, 0x21, 0xe4, 0x20, 0xe4, 0x18, 0x04, 0x21, 0x03, 0x21,
    0xe4, 0x20, 0x04, 0x21, 0xe4, 0x20, 0x04, 0x21, 0x03, 0x19, 0xe4, 0x20,
    0x04, 0x21, 0xe4, 0x18, 0xe3, 0x20, 0x04, 0x21, 0xe4, 0x20, 0xe4, 0x20,
    0x04, 0x21, 0xe4, 0x20, 0x03, 0x21, 0x04, 0x21, 0xe4, 0x18, 0xe4, 0x20,
    0x04, 0x21, 0xe4, 0x20, 0xe4, 0x20, 0x04, 0x19, 0xe4, 0x20, 0xe3, 0x18,
    0x03, 0x21, 0x04, 0x19, 0x04, 0x21, 0xe4, 0x18, 0x03, 0x21, 0x04, 0x21,
    0x04, 0x21, 0xe3, 0x20, 0x04, 0x19, 0xe4, 0x20, 0x03, 0x21, 0xe4, 0x18,
    0xe4, 0x20, 0x03, 0x21, 0x03, 0x21, 0xe4, 0x20, 0x04, 0x19, 0xe4, 0x20,
    0xe4, 0x20, 0x04, 0x19, 0xe4, 0x20
};
